user_id,age,gender,income,profession,location,education_level,marital_status
377592024,32,male,79400,Healthcare,Rural,Master's,Married
430276841,46,male,67110,Technology,Urban,Some College,Divorced
457789173,31,male,82024,Finance,Suburban,High School,Divorced
460216566,41,female,101099,Retail,Urban,High School,Married
468703624,40,female,85811,Healthcare,Suburban,Bachelor's,Married
479482770,29,female,52941,Finance,Urban,Bachelor's,Single
483772068,42,female,46410,Education,Suburban,Bachelor's,Married
486108415,29,female,68675,Finance,Urban,Master's,Single
486111696,44,male,67278,Technology,Suburban,PhD+,Married
497146021,41,female,68554,Healthcare,Urban,Master's,Married
499386220,43,female,83315,Technology,Urban,High School,Divorced
500062464,50,female,88441,Healthcare,Suburban,Bachelor's,Married
501980918,41,male,105838,Education,Urban,PhD+,Married
502541543,43,male,50813,Services,Rural,Some College,Divorced
504420226,38,female,75842,Technology,Urban,High School,Married
512363624,37,male,88256,Education,Urban,PhD+,Married
512363650,34,female,85838,Healthcare,Suburban,Some College,Married
512363729,26,male,40525,Technology,Rural,Master's,Single
512364002,42,female,59155,Technology,Suburban,Master's,Married
512364023,49,male,103649,Finance,Urban,Bachelor's,Single
512364033,39,male,50820,Manufacturing,Suburban,High School,Single
512364466,45,female,97183,Healthcare,Urban,Master's,Married
512364888,42,female,78783,Manufacturing,Suburban,High School,Married
512364960,35,male,43330,Retail,Urban,Bachelor's,Married
512365270,36,female,81482,Education,Urban,Some College,Single
512365731,40,female,89788,Technology,Suburban,Bachelor's,Married
512365769,38,male,50990,Manufacturing,Urban,Some College,Married
512365995,40,male,52264,Healthcare,Urban,Bachelor's,Married
512365996,38,male,40689,Services,Suburban,Some College,Divorced
512366036,43,female,100247,Finance,Urban,PhD+,Married
512366835,43,female,37132,Manufacturing,Rural,High School,Single
512367088,44,female,75182,Healthcare,Urban,Master's,Divorced
512367394,28,female,101133,Technology,Urban,Bachelor's,Single
512367687,42,male,39431,Healthcare,Urban,PhD+,Married
512368482,52,male,99645,Education,Suburban,Master's,Widowed
512369008,42,male,95529,Services,Urban,Some College,Married
512369878,40,male,99515,Healthcare,Urban,Master's,Married
512370768,39,male,60425,Technology,Urban,PhD+,Married
512371105,24,male,45657,Technology,Urban,PhD+,Single
512371555,35,female,68686,Finance,Suburban,Bachelor's,Married
512371887,30,female,90766,Healthcare,Suburban,Master's,Married
512372070,46,female,75315,Technology,Suburban,Bachelor's,Married
512372338,42,male,54301,Technology,Urban,Master's,Single
512372649,39,female,86248,Education,Urban,Master's,Married
512372673,58,male,78106,Finance,Urban,PhD+,Married
512372821,51,male,60891,Healthcare,Urban,PhD+,Divorced
512373029,44,female,69569,Healthcare,Suburban,Master's,Married
512374518,50,male,92277,Education,Urban,Bachelor's,Divorced
512375136,28,female,71135,Services,Suburban,High School,Single
512375341,45,female,100150,Finance,Suburban,PhD+,Married
512375414,40,female,34428,Retail,Urban,High School,Divorced
512375923,45,female,69811,Finance,Urban,Some College,Married
512376434,22,female,56168,Technology,Urban,Bachelor's,Single
512376465,35,male,107616,Finance,Urban,Master's,Married
512376625,30,female,74262,Healthcare,Suburban,Master's,Married
512376701,38,female,40893,Finance,Urban,Some College,Married
512377308,34,male,75865,Healthcare,Urban,PhD+,Single
512377602,52,male,85054,Manufacturing,Suburban,Bachelor's,Married
512377888,41,female,76202,Finance,Urban,Bachelor's,Married
512377914,36,female,85472,Healthcare,Urban,Master's,Married
512378201,49,female,101622,Manufacturing,Rural,Master's,Married
512378328,50,male,81912,Technology,Suburban,Bachelor's,Widowed
512381795,47,male,69051,Services,Suburban,High School,Married
512382073,43,male,36087,Services,Urban,High School,Married
512382242,38,female,53397,Services,Suburban,Some College,Single
512382475,42,male,98413,Finance,Rural,Some College,Married
512382642,35,male,49464,Manufacturing,Suburban,Bachelor's,Married
512382654,39,female,93642,Healthcare,Urban,Master's,Married
512382878,42,female,50853,Manufacturing,Rural,Some College,Married
512382879,36,male,79287,Manufacturing,Suburban,Bachelor's,Married
512383062,37,female,88724,Manufacturing,Suburban,High School,Single
512383132,35,male,73970,Finance,Urban,Bachelor's,Married
512383317,41,male,85006,Healthcare,Suburban,High School,Single
512383628,53,male,72279,Manufacturing,Urban,High School,Married
512383747,47,male,93428,Finance,Urban,Master's,Single
512384436,30,female,78807,Technology,Urban,Bachelor's,Married
512384603,32,male,45628,Retail,Rural,Some College,Single
512384808,44,male,85941,Manufacturing,Urban,Some College,Single
512385141,57,female,97872,Technology,Rural,Master's,Married
512385893,32,female,61484,Education,Urban,Bachelor's,Single
512385945,30,female,49548,Finance,Urban,Master's,Single
512386086,29,male,89670,Other,Suburban,Bachelor's,Married
512386548,29,male,25000,Retail,Urban,High School,Married
512387142,42,male,105849,Technology,Urban,High School,Single
512387904,33,male,74443,Services,Suburban,Some College,Single
512387929,42,female,98590,Education,Suburban,Bachelor's,Married
512388168,46,male,101511,Healthcare,Suburban,Master's,Single
512388419,35,male,64218,Healthcare,Suburban,Bachelor's,Divorced
512388510,55,male,47726,Finance,Urban,Some College,Married
512388750,32,male,78922,Technology,Urban,PhD+,Married
512388908,34,male,64410,Healthcare,Suburban,Bachelor's,Married
512389053,39,female,79670,Services,Urban,Master's,Divorced
512389424,54,male,85264,Healthcare,Urban,Some College,Single
512389715,32,female,72263,Technology,Urban,Some College,Single
512390075,42,male,81900,Manufacturing,Urban,Bachelor's,Married
512390221,41,male,77041,Technology,Urban,Master's,Divorced
512390692,49,male,61585,Retail,Suburban,High School,Married
512390737,41,female,62099,Retail,Suburban,PhD+,Married
512391514,38,female,92853,Healthcare,Suburban,Bachelor's,Divorced
512392289,46,male,98534,Manufacturing,Suburban,Bachelor's,Married
512392304,57,female,87771,Technology,Suburban,Bachelor's,Divorced
512393076,32,male,84007,Healthcare,Suburban,Bachelor's,Single
512393339,38,male,75614,Manufacturing,Urban,High School,Divorced
512393343,34,male,100155,Services,Suburban,Some College,Single
512393615,25,male,57206,Healthcare,Urban,Master's,Married
512394753,39,male,68123,Manufacturing,Suburban,High School,Married
512394943,35,female,64128,Technology,Urban,Bachelor's,Divorced
512395285,38,female,120022,Healthcare,Urban,Some College,Married
512395527,43,male,94195,Finance,Urban,Some College,Married
512396326,48,female,69423,Technology,Suburban,Master's,Single
512396363,45,male,55840,Technology,Rural,Bachelor's,Married
512396365,42,male,79926,Manufacturing,Rural,PhD+,Married
512397130,32,male,87655,Healthcare,Urban,Master's,Married
512397526,37,female,69049,Education,Rural,Bachelor's,Married
512397748,34,male,93478,Technology,Urban,Some College,Single
512397793,34,female,63243,Technology,Urban,Master's,Married
512398332,52,female,66189,Services,Urban,High School,Divorced
512398544,33,female,48190,Technology,Rural,High School,Divorced
512398702,22,male,39220,Healthcare,Rural,Bachelor's,Divorced
512398942,45,male,94049,Technology,Urban,PhD+,Married
512400333,54,male,118278,Finance,Suburban,Bachelor's,Married
512400985,33,female,116468,Finance,Suburban,High School,Single
512401084,46,male,93772,Services,Suburban,Some College,Married
512401251,52,male,101662,Healthcare,Urban,Bachelor's,Married
512401635,44,male,50669,Finance,Urban,PhD+,Divorced
512402228,36,male,61350,Finance,Urban,Bachelor's,Married
512402276,57,female,114182,Finance,Urban,PhD+,Divorced
512402558,44,male,100122,Services,Suburban,Some College,Married
512402665,32,female,88322,Services,Suburban,High School,Single
512403134,24,male,69023,Finance,Suburban,PhD+,Single
512403602,47,male,87949,Finance,Urban,PhD+,Married
512403820,42,female,98921,Retail,Suburban,Some College,Married
512404311,51,male,82613,Technology,Suburban,Master's,Widowed
512404758,33,male,68518,Other,Suburban,Bachelor's,Married
512405206,40,male,129202,Manufacturing,Urban,Some College,Single
512405224,32,male,69030,Other,Suburban,High School,Married
512405542,27,female,42740,Finance,Urban,Some College,Married
512405614,44,female,91269,Education,Suburban,Master's,Divorced
512406817,43,male,127398,Education,Suburban,PhD+,Married
512407172,44,female,96917,Technology,Urban,Master's,Married
512407226,59,female,165304,Finance,Urban,Some College,Single
512407807,43,male,101148,Healthcare,Suburban,Bachelor's,Married
512407808,28,male,80160,Services,Urban,Some College,Married
512407916,39,female,73410,Education,Suburban,PhD+,Divorced
512408632,36,female,84720,Technology,Suburban,Bachelor's,Married
512410077,35,male,77978,Education,Rural,Master's,Married
512410333,36,female,70676,Finance,Urban,Some College,Single
512410561,36,female,74208,Technology,Urban,Some College,Married
512413149,39,male,97036,Technology,Urban,PhD+,Married
512413418,42,male,73218,Finance,Urban,Bachelor's,Single
512414095,43,male,40397,Technology,Urban,Bachelor's,Single
512414234,23,female,75363,Technology,Urban,Bachelor's,Single
512414566,58,male,95196,Education,Suburban,Some College,Divorced
512414727,36,female,88230,Finance,Urban,PhD+,Divorced
512416178,51,male,100986,Technology,Urban,Master's,Married
512416367,46,male,61994,Technology,Urban,Bachelor's,Married
512416626,39,female,50759,Finance,Urban,Bachelor's,Married
512416970,37,female,65122,Technology,Urban,Master's,Divorced
512418256,49,male,111775,Education,Suburban,Bachelor's,Married
512418646,36,female,78590,Finance,Urban,Bachelor's,Married
512419091,40,male,66391,Technology,Urban,Bachelor's,Married
512420111,45,male,101329,Technology,Suburban,Master's,Married
512420925,46,female,123524,Finance,Urban,Some College,Married
512421204,36,female,38580,Retail,Suburban,Some College,Single
512422013,32,female,99838,Technology,Urban,Master's,Married
512422965,34,male,65832,Healthcare,Rural,Master's,Single
512423525,25,male,103789,Technology,Urban,Bachelor's,Single
512424310,37,female,77082,Technology,Urban,Bachelor's,Divorced
512424871,27,female,79435,Technology,Urban,Bachelor's,Divorced
512425072,47,male,103365,Technology,Urban,PhD+,Divorced
512425205,50,female,148682,Manufacturing,Urban,High School,Married
512425282,38,female,78099,Services,Urban,Some College,Married
512425299,46,female,60114,Retail,Urban,High School,Married
512425323,30,female,112653,Education,Urban,Bachelor's,Married
512425493,44,male,88846,Healthcare,Suburban,Bachelor's,Married
512425520,47,male,108312,Education,Urban,Master's,Single
512426441,35,female,61419,Technology,Rural,Bachelor's,Married
512426470,32,female,69521,Healthcare,Suburban,Master's,Married
512427117,57,male,97696,Education,Urban,Master's,Divorced
512428855,42,female,55515,Manufacturing,Rural,High School,Married
512428856,26,female,77828,Services,Urban,High School,Married
512429228,45,male,40368,Finance,Suburban,Some College,Married
512429276,41,female,61697,Healthcare,Urban,Bachelor's,Married
512430254,34,male,99888,Finance,Urban,Bachelor's,Married
512431034,52,male,49822,Education,Suburban,Master's,Married
512431421,39,male,113483,Education,Urban,Master's,Married
512431671,31,female,99610,Technology,Suburban,Bachelor's,Married
512431890,34,male,77851,Services,Suburban,High School,Married
512432344,49,male,35651,Retail,Urban,High School,Married
512432515,32,female,63079,Finance,Urban,PhD+,Married
512432656,45,male,108142,Technology,Urban,Bachelor's,Married
512432743,49,male,75860,Technology,Urban,Master's,Divorced
512433595,23,male,86408,Finance,Suburban,Some College,Single
512433596,43,female,34686,Healthcare,Urban,Master's,Single
512434009,50,male,85211,Healthcare,Suburban,Master's,Married
512434953,37,female,28511,Manufacturing,Suburban,High School,Married
512435467,31,male,60969,Technology,Suburban,Master's,Single
512435731,28,female,103813,Healthcare,Rural,Bachelor's,Married
512436724,56,female,121254,Education,Suburban,High School,Divorced
512436976,59,male,77018,Services,Urban,Bachelor's,Divorced
512437102,32,male,25000,Manufacturing,Urban,Some College,Married
512437402,42,female,53193,Education,Suburban,PhD+,Divorced
512437914,23,female,72198,Retail,Urban,PhD+,Single
512438024,42,female,85972,Technology,Suburban,PhD+,Married
512438401,35,male,74477,Finance,Urban,Some College,Married
512438486,62,male,108517,Retail,Urban,High School,Married
512438804,48,female,95746,Education,Rural,Master's,Married
512439323,56,female,81465,Retail,Suburban,High School,Married
512440569,35,female,80233,Technology,Urban,Bachelor's,Married
512440773,27,female,43470,Services,Urban,Some College,Married
512440800,28,male,63072,Technology,Urban,Bachelor's,Divorced
512441062,39,female,65301,Technology,Urban,Some College,Widowed
512441469,34,male,76958,Finance,Urban,Some College,Married
512442409,37,female,41077,Healthcare,Rural,Bachelor's,Married
512443284,18,female,62044,Technology,Urban,Master's,Single
512443612,47,male,108606,Finance,Urban,Bachelor's,Married
512444590,35,female,40308,Education,Urban,Bachelor's,Married
512444616,25,female,48985,Services,Rural,High School,Single
512445072,47,female,94283,Finance,Urban,High School,Married
512445118,31,female,55747,Retail,Suburban,High School,Single
512445284,31,female,65154,Technology,Urban,High School,Single
512445341,44,male,91786,Finance,Urban,Master's,Married
512445621,36,female,51438,Technology,Urban,Master's,Divorced
512445959,26,male,64149,Manufacturing,Urban,Bachelor's,Single
512447480,36,female,86336,Healthcare,Suburban,High School,Single
512447926,42,female,66938,Healthcare,Urban,Bachelor's,Married
512449074,45,female,72879,Education,Rural,PhD+,Married
512450113,38,male,78061,Healthcare,Urban,Master's,Married
512450614,52,female,121659,Finance,Urban,Master's,Married
512451044,41,male,88420,Healthcare,Rural,Master's,Single
512451177,56,male,46279,Manufacturing,Suburban,Bachelor's,Divorced
512451892,47,female,53479,Education,Urban,Bachelor's,Married
512452626,35,male,59128,Finance,Urban,Some College,Married
512452867,30,male,86586,Other,Suburban,Some College,Single
512453409,41,male,85654,Technology,Suburban,Some College,Married
512453644,38,male,84317,Healthcare,Suburban,Master's,Married
512454440,42,female,99842,Technology,Urban,Some College,Divorced
512454644,31,female,83055,Services,Suburban,Some College,Married
512456022,50,female,93124,Technology,Suburban,Bachelor's,Married
512456604,36,female,64371,Education,Urban,Bachelor's,Married
512456747,38,female,50747,Technology,Urban,Bachelor's,Married
512457427,27,female,82831,Healthcare,Urban,Master's,Single
512457797,37,female,55457,Finance,Urban,Master's,Divorced
512458029,48,female,86528,Retail,Urban,High School,Married
512458050,43,male,76692,Finance,Urban,Bachelor's,Married
512458058,32,male,57908,Healthcare,Suburban,Some College,Single
512458557,29,female,60431,Retail,Urban,Bachelor's,Single
512459135,46,female,118946,Technology,Suburban,Master's,Married
512459213,34,female,62672,Healthcare,Urban,Bachelor's,Single
512459252,41,male,72759,Services,Urban,Master's,Married
512460021,51,male,110104,Technology,Urban,PhD+,Married
512460426,41,female,90136,Retail,Suburban,Bachelor's,Married
512460721,41,male,93058,Technology,Urban,Bachelor's,Divorced
512461179,37,female,91377,Services,Urban,Bachelor's,Divorced
512461912,44,female,52019,Technology,Urban,PhD+,Single
512461999,39,male,61974,Finance,Urban,PhD+,Divorced
512463055,30,male,90874,Services,Suburban,Bachelor's,Married
512463550,36,female,106571,Healthcare,Suburban,High School,Married
512464557,29,male,62978,Technology,Urban,Some College,Married
512464702,34,male,124215,Healthcare,Suburban,Some College,Single
512466848,57,male,62479,Education,Suburban,Bachelor's,Married
512467515,29,female,34320,Services,Urban,High School,Single
512467681,51,male,90646,Manufacturing,Urban,Bachelor's,Married
512467995,40,female,126947,Manufacturing,Suburban,PhD+,Married
512468062,48,female,99439,Finance,Urban,Bachelor's,Married
512468806,44,female,70148,Manufacturing,Rural,Bachelor's,Married
512469069,35,male,72590,Education,Suburban,Bachelor's,Single
512470349,41,male,71301,Healthcare,Urban,Bachelor's,Married
512470812,48,male,84709,Technology,Urban,PhD+,Married
512471145,37,male,64404,Education,Suburban,Bachelor's,Divorced
512471454,39,female,68178,Retail,Urban,Some College,Divorced
512473559,48,male,52685,Services,Urban,Some College,Married
512473907,39,female,61738,Other,Urban,PhD+,Married
512474815,45,female,137149,Finance,Urban,Bachelor's,Married
512475207,36,female,69075,Healthcare,Urban,Master's,Married
512475445,47,female,70107,Technology,Rural,PhD+,Divorced
512475538,44,female,101362,Other,Urban,Bachelor's,Married
512476663,49,female,85034,Finance,Urban,Master's,Married
512476864,43,female,79965,Healthcare,Urban,Master's,Married
512477943,38,male,66410,Technology,Suburban,Bachelor's,Single
512478600,40,female,63269,Manufacturing,Rural,Bachelor's,Married
512480069,31,male,25000,Manufacturing,Suburban,High School,Single
512480154,57,female,109613,Healthcare,Urban,Master's,Married
512481744,43,female,58874,Technology,Urban,Master's,Single
512481822,29,male,43981,Services,Urban,Some College,Married
512483288,40,female,80980,Manufacturing,Suburban,Bachelor's,Married
512483305,26,female,68605,Healthcare,Suburban,Master's,Married
512483897,20,female,43269,Services,Suburban,Bachelor's,Single
512484558,41,female,84555,Finance,Suburban,Master's,Married
512484583,32,female,101405,Technology,Suburban,PhD+,Single
512484770,26,female,25000,Services,Urban,High School,Married
512485531,54,female,102517,Technology,Suburban,Master's,Married
512486436,47,female,103761,Technology,Urban,Master's,Divorced
512486593,43,female,100013,Finance,Urban,Master's,Married
512487163,41,male,51566,Retail,Urban,Bachelor's,Married
512487378,32,female,78777,Other,Urban,Bachelor's,Married
512487455,29,female,87411,Technology,Suburban,Master's,Single
512487806,37,male,65869,Healthcare,Suburban,Some College,Married
512488084,30,male,95750,Healthcare,Suburban,High School,Married
512488840,26,female,63417,Other,Rural,Bachelor's,Single
512490311,38,female,95771,Finance,Urban,High School,Married
512490781,50,male,90459,Education,Suburban,Master's,Married
512490835,35,female,67715,Healthcare,Rural,Bachelor's,Married
512491275,42,male,91583,Technology,Suburban,Master's,Married
512491616,34,female,90989,Technology,Suburban,Master's,Single
512492366,27,female,54109,Other,Urban,Bachelor's,Married
512492458,37,female,87038,Education,Suburban,Master's,Married
512493251,48,male,100762,Other,Suburban,PhD+,Married
512493387,57,male,115532,Healthcare,Urban,Master's,Married
512493561,59,female,70542,Manufacturing,Suburban,Master's,Married
512494544,49,male,106078,Manufacturing,Suburban,Bachelor's,Married
512494764,44,female,63140,Retail,Suburban,High School,Single
512494833,46,female,89998,Services,Suburban,Bachelor's,Married
512495736,40,female,59092,Technology,Urban,Master's,Married
512497302,32,male,62650,Technology,Urban,Some College,Married
512497677,26,male,72324,Healthcare,Suburban,Bachelor's,Married
512497779,45,female,63004,Technology,Urban,Bachelor's,Married
512498378,50,male,114466,Finance,Urban,Master's,Divorced
512499077,45,female,44477,Retail,Urban,Some College,Single
512499664,41,male,106284,Technology,Rural,Some College,Married
512500120,40,female,59637,Finance,Urban,Master's,Single
512500203,42,female,85511,Healthcare,Suburban,Some College,Married
512500315,37,female,89516,Technology,Urban,Bachelor's,Single
512502856,46,female,70871,Finance,Urban,Master's,Married
512502918,40,female,81093,Technology,Urban,Master's,Married
512503114,61,female,116875,Technology,Suburban,Some College,Married
512503169,47,male,84601,Finance,Suburban,Master's,Married
512504644,42,female,74539,Healthcare,Suburban,Some College,Divorced
512505364,25,male,55102,Finance,Suburban,Bachelor's,Married
512505390,38,female,71346,Education,Suburban,Bachelor's,Single
512505687,31,female,91826,Technology,Urban,PhD+,Single
512506274,49,female,69935,Services,Urban,High School,Married
512506638,25,male,53852,Retail,Urban,Some College,Married
512506785,40,female,67557,Healthcare,Rural,PhD+,Married
512506955,34,female,75211,Technology,Urban,Some College,Single
512507559,45,male,65173,Healthcare,Urban,PhD+,Married
512508704,38,male,92202,Finance,Urban,Bachelor's,Married
512508821,58,female,96614,Other,Urban,Master's,Married
512509964,47,female,88308,Education,Suburban,Master's,Divorced
512510145,38,female,76074,Manufacturing,Urban,High School,Married
512510226,31,male,40479,Services,Urban,Some College,Married
512511424,29,female,84079,Retail,Urban,Bachelor's,Married
512512039,40,male,74902,Technology,Urban,PhD+,Married
512512582,42,female,72755,Manufacturing,Suburban,High School,Divorced
512512789,36,male,81252,Education,Suburban,Master's,Married
512512802,26,female,77018,Technology,Urban,PhD+,Single
512512837,49,male,130152,Finance,Urban,Master's,Single
512513064,46,female,40886,Services,Urban,High School,Single
512513434,36,male,44330,Technology,Urban,Bachelor's,Married
512513449,39,female,79947,Education,Urban,Master's,Married
512513945,48,male,100099,Technology,Urban,High School,Married
512514093,49,male,38291,Manufacturing,Suburban,Bachelor's,Married
512514233,40,female,94920,Finance,Suburban,Bachelor's,Single
512514279,52,male,68519,Healthcare,Urban,Bachelor's,Divorced
512514542,49,female,104611,Technology,Urban,Bachelor's,Divorced
512515353,43,female,44150,Healthcare,Urban,High School,Single
512516023,48,male,69153,Other,Rural,High School,Divorced
512516193,43,female,67717,Finance,Suburban,Bachelor's,Married
512517308,57,female,120197,Education,Suburban,Bachelor's,Single
512517789,32,female,55691,Healthcare,Suburban,Bachelor's,Married
512518180,37,female,48260,Services,Urban,Bachelor's,Married
512518406,34,male,59418,Services,Urban,Bachelor's,Married
512518943,31,female,69295,Services,Suburban,Some College,Married
512520037,46,female,69521,Manufacturing,Suburban,High School,Divorced
512521824,22,male,69125,Manufacturing,Suburban,High School,Single
512521891,31,female,57065,Healthcare,Suburban,Some College,Married
512522240,55,female,114552,Other,Urban,PhD+,Married
512522470,48,female,120193,Manufacturing,Suburban,Some College,Married
512522992,42,male,48085,Manufacturing,Urban,High School,Married
512523196,38,female,60015,Manufacturing,Suburban,Bachelor's,Married
512523341,43,male,109968,Retail,Urban,Some College,Single
512524061,43,female,47440,Healthcare,Urban,Bachelor's,Married
512524272,58,male,76668,Education,Urban,Bachelor's,Married
512525040,26,male,71755,Technology,Urban,Master's,Married
512525168,39,male,77671,Finance,Urban,Bachelor's,Divorced
512525379,32,male,70244,Finance,Urban,High School,Single
512525825,36,male,42860,Education,Urban,Master's,Married
512526512,27,male,71335,Finance,Suburban,Master's,Married
512527658,39,male,31665,Services,Urban,High School,Single
512528508,51,female,109607,Finance,Suburban,Bachelor's,Divorced
512528514,41,female,82371,Technology,Suburban,Bachelor's,Single
512528734,34,male,81725,Education,Urban,Bachelor's,Single
512529567,41,male,86346,Manufacturing,Suburban,High School,Married
512529634,35,female,33382,Manufacturing,Urban,Some College,Single
512530655,40,female,43054,Technology,Urban,Bachelor's,Married
512531553,38,female,100520,Finance,Urban,Master's,Married
512531609,39,female,79931,Services,Urban,Bachelor's,Married
512532823,33,female,59678,Technology,Urban,PhD+,Married
512533021,47,female,80908,Manufacturing,Rural,High School,Married
512534211,27,male,61584,Finance,Urban,Master's,Married
512534827,41,male,82656,Healthcare,Urban,Master's,Married
512534851,28,male,123309,Retail,Urban,Bachelor's,Single
512534866,39,male,94803,Finance,Urban,Master's,Married
512535315,36,male,85609,Retail,Suburban,High School,Single
512535892,47,male,81355,Technology,Suburban,Master's,Married
512536349,40,male,66905,Healthcare,Urban,Master's,Married
512536788,33,male,68538,Other,Urban,Bachelor's,Single
512537036,33,female,90299,Healthcare,Suburban,Master's,Divorced
512537512,39,female,85268,Technology,Urban,Master's,Married
512538257,39,female,91164,Healthcare,Urban,Some College,Divorced
512539024,35,female,87919,Technology,Urban,Bachelor's,Married
512539512,35,male,89250,Technology,Urban,Some College,Married
512539609,30,female,48738,Technology,Urban,PhD+,Married
512539871,48,male,47945,Finance,Urban,Bachelor's,Married
512539987,46,male,67077,Other,Suburban,Bachelor's,Married
512540265,31,female,72378,Education,Urban,Master's,Divorced
512540286,56,male,113433,Technology,Suburban,Bachelor's,Married
512540923,27,female,65874,Technology,Urban,Master's,Single
512541721,45,female,71886,Finance,Suburban,PhD+,Married
512541900,43,male,67008,Education,Urban,PhD+,Divorced
512541979,26,male,36191,Retail,Suburban,Some College,Married
512542072,42,male,95141,Technology,Suburban,Some College,Married
512542119,45,female,53849,Retail,Suburban,High School,Married
512542757,39,male,56080,Healthcare,Urban,Some College,Divorced
512542830,50,female,93950,Education,Urban,Master's,Married
512543981,40,female,106545,Finance,Urban,PhD+,Married
512544145,47,male,66893,Other,Rural,High School,Divorced
512544226,31,female,53191,Technology,Suburban,Bachelor's,Married
512545516,34,male,48966,Services,Suburban,Bachelor's,Single
512546246,30,female,47563,Technology,Urban,Bachelor's,Married
512546886,39,male,74912,Healthcare,Rural,Master's,Married
512546960,26,male,70826,Technology,Suburban,PhD+,Married
512547528,35,male,54584,Finance,Suburban,Bachelor's,Married
512548262,37,female,69002,Education,Urban,Master's,Single
512548385,43,male,64803,Technology,Urban,PhD+,Married
512549314,41,male,64131,Services,Urban,High School,Married
512549950,42,male,96049,Healthcare,Urban,Master's,Married
512550087,36,female,48878,Finance,Urban,Bachelor's,Single
512550451,31,male,62248,Manufacturing,Suburban,High School,Divorced
512550629,44,male,105003,Technology,Suburban,PhD+,Married
512550770,28,male,35083,Healthcare,Urban,Bachelor's,Single
512550905,39,female,44564,Finance,Urban,Bachelor's,Widowed
512551070,37,female,27994,Manufacturing,Suburban,High School,Married
512551328,43,male,72002,Education,Urban,Bachelor's,Divorced
512551549,44,female,71666,Education,Urban,Master's,Married
512551882,49,female,101082,Retail,Suburban,Bachelor's,Single
512551890,56,female,90183,Healthcare,Suburban,High School,Married
512552343,45,female,101352,Finance,Urban,Bachelor's,Married
512552398,42,female,69379,Technology,Urban,PhD+,Married
512552515,30,female,52291,Other,Suburban,High School,Married
512552554,31,female,49647,Education,Suburban,Bachelor's,Married
512552560,26,female,55577,Technology,Urban,Master's,Married
512553097,30,female,58723,Healthcare,Urban,Bachelor's,Married
512553349,41,female,75112,Manufacturing,Rural,Bachelor's,Married
512553491,21,female,52704,Manufacturing,Urban,High School,Single
512554018,46,female,91684,Technology,Suburban,Bachelor's,Married
512554131,59,male,69808,Finance,Suburban,Master's,Married
512554409,47,male,80028,Technology,Urban,Bachelor's,Married
512554503,45,male,66866,Education,Suburban,Some College,Single
512554512,57,male,135014,Finance,Urban,Some College,Single
512555050,48,female,35840,Services,Suburban,High School,Married
512556030,37,male,36451,Education,Suburban,Master's,Married
512556316,39,male,55951,Technology,Urban,Master's,Married
512557138,47,male,82461,Healthcare,Urban,Some College,Divorced
512557353,29,male,82874,Healthcare,Suburban,Master's,Single
512557822,54,male,114219,Healthcare,Urban,Master's,Divorced
512557935,48,female,111029,Finance,Urban,High School,Divorced
512558525,34,male,87619,Manufacturing,Urban,Master's,Married
512558699,39,female,58757,Finance,Suburban,Master's,Married
512558829,46,male,84242,Technology,Urban,PhD+,Married
512559158,40,female,59348,Healthcare,Urban,Bachelor's,Married
512559274,45,female,112463,Services,Urban,High School,Married
512559426,29,female,49128,Services,Suburban,High School,Married
512560023,31,female,86892,Services,Suburban,Master's,Single
512560147,31,male,69031,Retail,Urban,Bachelor's,Married
512560158,47,female,54926,Retail,Suburban,High School,Married
512560372,39,female,93914,Other,Rural,High School,Married
512560514,41,male,71180,Technology,Urban,Master's,Married
512560613,44,female,102697,Education,Suburban,Master's,Married
512560668,47,male,83350,Finance,Urban,Bachelor's,Married
512560916,36,male,68613,Finance,Suburban,Master's,Married
512561104,38,female,87058,Technology,Urban,High School,Married
512561138,38,male,61099,Retail,Rural,High School,Married
512561744,40,male,107798,Finance,Urban,Master's,Married
512563562,34,male,72488,Finance,Urban,Bachelor's,Married
512564712,52,male,83076,Finance,Urban,Master's,Single
512564863,35,male,102555,Finance,Urban,PhD+,Married
512564971,44,female,93176,Healthcare,Urban,Bachelor's,Divorced
512565136,36,female,71883,Other,Urban,Bachelor's,Married
512565833,55,male,92679,Manufacturing,Suburban,High School,Married
512567688,35,female,57187,Finance,Urban,Master's,Married
512567858,34,female,60827,Manufacturing,Urban,Some College,Married
512568250,41,female,73361,Finance,Urban,Master's,Married
512568618,39,male,72018,Finance,Urban,Master's,Married
512568937,52,male,83450,Healthcare,Suburban,Bachelor's,Single
512569136,33,male,78970,Technology,Urban,Master's,Married
512569391,37,female,99255,Finance,Urban,Bachelor's,Single
512569703,49,female,87002,Healthcare,Urban,Some College,Married
512569776,37,female,89757,Finance,Suburban,PhD+,Divorced
512571630,45,male,51838,Finance,Urban,Master's,Married
512572171,36,male,95743,Technology,Urban,Master's,Married
512572261,31,male,99431,Education,Suburban,Bachelor's,Single
512572361,38,female,89681,Healthcare,Urban,High School,Married
512572695,48,male,88498,Healthcare,Suburban,Bachelor's,Divorced
512572702,45,female,73048,Healthcare,Urban,PhD+,Married
512572829,31,male,51458,Technology,Suburban,Bachelor's,Married
512576856,48,female,82658,Technology,Urban,Master's,Married
512576952,38,male,97827,Healthcare,Suburban,Master's,Married
512577436,41,male,73663,Finance,Urban,Master's,Married
512578151,48,female,106537,Services,Urban,High School,Married
512580238,39,female,48556,Healthcare,Urban,PhD+,Married
512580617,42,female,90754,Healthcare,Suburban,Bachelor's,Married
512581576,36,male,79495,Technology,Urban,High School,Single
512582196,51,male,68703,Services,Urban,Some College,Married
512583367,31,female,43040,Healthcare,Rural,High School,Married
512586400,43,female,66445,Services,Urban,Master's,Single
512588200,49,female,91610,Healthcare,Urban,Master's,Divorced
512588467,40,female,30332,Healthcare,Urban,Bachelor's,Married
512588541,50,female,70283,Education,Rural,Master's,Married
512589751,55,female,71694,Technology,Urban,Bachelor's,Married
512589900,32,female,78495,Services,Urban,Some College,Single
512590741,37,female,60952,Manufacturing,Suburban,High School,Married
512590950,31,male,88014,Finance,Urban,Bachelor's,Married
512591034,46,male,99086,Technology,Suburban,Master's,Married
512591800,51,male,100925,Education,Urban,Master's,Married
512592730,40,female,66322,Technology,Urban,Master's,Married
512593128,46,female,90755,Technology,Suburban,Bachelor's,Married
512593371,38,female,94406,Technology,Urban,Master's,Married
512594593,42,male,59917,Healthcare,Suburban,PhD+,Divorced
512594782,45,female,96521,Technology,Urban,PhD+,Married
512594947,38,male,96175,Technology,Urban,Bachelor's,Divorced
512595094,50,male,95102,Education,Suburban,Bachelor's,Married
512595674,43,male,25000,Manufacturing,Urban,Bachelor's,Divorced
512595967,27,male,57675,Technology,Urban,Bachelor's,Married
512596951,28,male,75437,Finance,Urban,Master's,Single
512597274,45,female,105294,Manufacturing,Suburban,High School,Married
512598657,38,female,100083,Finance,Urban,PhD+,Divorced
512598954,36,male,101382,Healthcare,Rural,Some College,Married
512601820,48,female,56158,Technology,Suburban,Master's,Married
512601978,59,female,71910,Education,Urban,Bachelor's,Divorced
512602355,42,male,77955,Manufacturing,Suburban,Master's,Married
512602429,24,female,54993,Other,Suburban,Bachelor's,Single
512602863,37,female,46480,Manufacturing,Urban,High School,Single
512603094,38,female,88920,Finance,Urban,Master's,Divorced
512603160,24,male,64132,Technology,Suburban,Bachelor's,Married
512603720,20,female,63733,Services,Urban,Bachelor's,Single
512603845,50,male,72029,Education,Suburban,Master's,Married
512604737,42,female,75944,Education,Suburban,Master's,Married
512604910,41,male,73546,Retail,Suburban,High School,Married
512605969,32,female,57515,Technology,Urban,Bachelor's,Married
512607694,34,male,76237,Retail,Suburban,High School,Married
512609876,51,male,99118,Education,Rural,Master's,Married
512609924,36,male,66970,Finance,Urban,Master's,Single
512610520,43,male,82657,Technology,Suburban,Bachelor's,Married
512610996,41,female,104059,Healthcare,Suburban,Master's,Married
512611565,45,male,93186,Healthcare,Urban,High School,Married
512613108,39,female,56626,Finance,Suburban,PhD+,Married
512613176,22,female,51850,Services,Suburban,High School,Married
512613383,39,female,93043,Finance,Suburban,Some College,Married
512613909,41,female,61943,Education,Suburban,Master's,Married
512614787,44,male,36355,Services,Urban,Some College,Single
512615330,41,male,72557,Retail,Rural,High School,Divorced
512616025,31,male,58564,Healthcare,Rural,Master's,Married
512616118,46,male,91901,Technology,Rural,Master's,Married
512616897,44,female,70562,Manufacturing,Urban,Bachelor's,Single
512618258,40,female,101998,Finance,Urban,Some College,Married
512618515,48,male,92279,Technology,Urban,Bachelor's,Married
512618725,42,female,113739,Healthcare,Urban,Master's,Single
512618758,49,male,55346,Manufacturing,Rural,Bachelor's,Married
512618948,49,female,129580,Manufacturing,Urban,High School,Married
512619047,42,female,73253,Manufacturing,Urban,Some College,Widowed
512619266,63,female,131016,Manufacturing,Suburban,High School,Divorced
512619501,38,male,47001,Finance,Urban,Some College,Divorced
512619582,60,female,117565,Finance,Suburban,PhD+,Married
512624953,49,female,109775,Education,Urban,Bachelor's,Married
512625537,34,male,82615,Manufacturing,Suburban,Bachelor's,Single
512626537,40,female,113690,Finance,Suburban,Master's,Married
512628627,43,female,69902,Healthcare,Urban,Some College,Married
512629165,52,male,107654,Education,Suburban,PhD+,Married
512629403,54,female,119446,Finance,Urban,Master's,Single
512629645,43,male,45784,Healthcare,Urban,Bachelor's,Single
512630989,40,female,59154,Technology,Urban,PhD+,Married
512632113,32,male,89943,Education,Urban,Master's,Single
512632337,40,male,104202,Technology,Urban,High School,Single
512633518,40,male,42799,Healthcare,Urban,Some College,Married
512633977,55,male,57735,Manufacturing,Suburban,Some College,Married
512634294,48,female,79479,Services,Urban,High School,Married
512635536,49,female,114181,Technology,Urban,Bachelor's,Divorced
512636018,49,male,82693,Education,Suburban,PhD+,Single
512636116,54,male,65924,Healthcare,Urban,Bachelor's,Married
512637848,29,female,87399,Services,Suburban,Some College,Single
512639291,49,male,80391,Manufacturing,Rural,Bachelor's,Single
512639683,39,male,49129,Finance,Urban,Bachelor's,Single
512640456,49,male,93248,Finance,Suburban,Some College,Married
512640909,50,female,84076,Education,Urban,Bachelor's,Married
512641188,44,male,55887,Retail,Urban,High School,Married
512642988,45,female,112156,Services,Suburban,Bachelor's,Married
512644455,41,female,49717,Finance,Urban,Master's,Divorced
512645646,40,male,94761,Finance,Suburban,Master's,Single
512645882,33,male,81159,Services,Urban,Some College,Single
512646379,43,male,84473,Technology,Urban,Bachelor's,Married
512648204,25,male,66944,Finance,Urban,Some College,Married
512648566,38,female,80611,Healthcare,Suburban,Master's,Married
512652376,41,male,97154,Finance,Urban,Master's,Married
512656837,25,male,54703,Healthcare,Suburban,Bachelor's,Married
512657225,49,female,75590,Manufacturing,Rural,Master's,Married
512657236,28,female,66292,Healthcare,Urban,Bachelor's,Married
512657316,30,female,46831,Retail,Suburban,High School,Single
512659617,34,male,71249,Education,Urban,PhD+,Single
512661508,41,male,80573,Technology,Urban,Master's,Married
512661630,29,female,41433,Healthcare,Urban,Bachelor's,Single
512663502,28,female,100366,Finance,Suburban,Bachelor's,Single
512664145,41,male,85692,Other,Suburban,Bachelor's,Single
512664944,38,female,67460,Education,Urban,Master's,Divorced
512667824,44,male,66836,Education,Urban,Some College,Married
512668838,41,female,86045,Technology,Urban,Master's,Married
512669930,32,male,64261,Healthcare,Rural,Some College,Divorced
512670542,45,male,84548,Healthcare,Suburban,Master's,Married
512670759,45,female,101838,Other,Urban,PhD+,Married
512670788,35,male,107172,Healthcare,Urban,Bachelor's,Married
512671871,40,female,43136,Finance,Urban,Master's,Married
512674414,40,male,47231,Education,Urban,Bachelor's,Married
512677351,40,male,87799,Technology,Urban,Bachelor's,Divorced
512681087,50,female,80432,Finance,Urban,Master's,Married
512681402,46,female,120021,Healthcare,Suburban,Bachelor's,Married
512681476,46,male,73177,Other,Rural,Bachelor's,Married
512682220,45,male,44349,Finance,Urban,Bachelor's,Single
512682835,49,female,107359,Education,Suburban,Bachelor's,Divorced
512683030,32,female,69987,Services,Suburban,Some College,Married
512684520,33,female,89044,Technology,Suburban,Some College,Married
512684588,49,male,54900,Healthcare,Suburban,PhD+,Single
512685513,45,female,55725,Education,Rural,Master's,Divorced
512685698,49,female,98891,Finance,Urban,Bachelor's,Married
512686302,40,male,87940,Retail,Urban,Some College,Married
512687137,38,male,83939,Finance,Suburban,PhD+,Married
512687301,27,female,63012,Manufacturing,Suburban,Some College,Divorced
512689554,32,female,59529,Technology,Urban,PhD+,Single
512689612,35,male,100687,Manufacturing,Rural,High School,Divorced
512690165,29,female,53533,Education,Urban,Master's,Married
512690492,37,female,25000,Technology,Urban,Master's,Married
512690526,32,male,98466,Finance,Urban,Bachelor's,Single
512690829,26,female,79001,Manufacturing,Urban,High School,Divorced
512691281,35,male,76996,Technology,Rural,Master's,Married
512692230,47,male,77684,Healthcare,Urban,Master's,Married
512692357,43,male,26927,Manufacturing,Urban,Bachelor's,Married
512692498,32,male,56664,Retail,Suburban,Bachelor's,Married
512693487,38,male,25000,Healthcare,Urban,Some College,Married
512693833,34,male,62767,Education,Urban,Master's,Single
512694778,32,female,70483,Manufacturing,Rural,High School,Divorced
512695015,32,female,82285,Finance,Urban,Some College,Married
512695116,37,female,82853,Manufacturing,Suburban,High School,Single
512695473,41,female,65011,Education,Urban,Bachelor's,Married
512695995,57,male,69505,Manufacturing,Rural,Some College,Divorced
512696336,32,male,68142,Healthcare,Urban,Bachelor's,Married
512696510,29,female,108254,Other,Suburban,Bachelor's,Married
512696748,47,male,106702,Technology,Suburban,Bachelor's,Married
512696866,42,female,48108,Finance,Urban,Some College,Married
512696962,38,male,35921,Healthcare,Suburban,Master's,Married
512698233,34,male,94681,Education,Suburban,Bachelor's,Married
512698388,31,female,80145,Healthcare,Suburban,Bachelor's,Single
512698534,47,female,82490,Finance,Urban,Master's,Married
512699455,41,male,65391,Technology,Urban,High School,Married
512700520,41,male,72000,Finance,Urban,Master's,Single
512700947,40,male,57366,Healthcare,Suburban,Bachelor's,Single
512701107,41,male,46956,Healthcare,Urban,Master's,Married
512701660,31,male,43246,Manufacturing,Rural,Some College,Married
512701780,34,female,71681,Healthcare,Rural,Some College,Married
512702183,36,male,64455,Education,Urban,Master's,Married
512704271,51,male,89193,Technology,Urban,Master's,Married
512704569,36,female,79619,Services,Suburban,Master's,Married
512704777,43,female,90412,Healthcare,Urban,Master's,Married
512705240,35,female,41974,Technology,Urban,PhD+,Married
512705421,48,male,66066,Education,Urban,Bachelor's,Married
512705461,29,male,40027,Healthcare,Urban,Master's,Single
512705505,54,male,57087,Manufacturing,Rural,High School,Married
512705879,26,male,56570,Education,Suburban,Bachelor's,Married
512707088,28,male,39169,Retail,Urban,High School,Married
512707190,48,male,119490,Finance,Urban,Master's,Married
512709494,24,male,58519,Manufacturing,Urban,Bachelor's,Single
512709901,47,male,51540,Healthcare,Urban,Some College,Married
512710399,54,female,82044,Healthcare,Suburban,High School,Married
512710450,34,female,103625,Healthcare,Urban,Some College,Single
512710538,52,male,81626,Education,Urban,Master's,Married
512711781,42,female,75987,Technology,Urban,PhD+,Married
512711853,33,female,25000,Manufacturing,Urban,Bachelor's,Married
512712071,35,male,72081,Education,Rural,Bachelor's,Single
512712877,44,male,73713,Retail,Suburban,High School,Married
512713178,42,male,67789,Technology,Urban,Master's,Married
512713371,29,male,45033,Healthcare,Urban,High School,Single
512713822,31,male,62275,Finance,Rural,Master's,Single
512714318,44,male,69693,Manufacturing,Suburban,Bachelor's,Married
512714805,45,female,66744,Education,Urban,Some College,Married
512715715,24,male,87203,Healthcare,Suburban,Master's,Single
512716895,26,male,50753,Technology,Rural,PhD+,Married
512716986,30,male,61931,Other,Suburban,PhD+,Single
512717569,49,male,104292,Healthcare,Urban,Bachelor's,Single
512717632,33,female,95329,Finance,Suburban,Master's,Single
512719109,49,male,83946,Manufacturing,Suburban,High School,Married
512720152,30,male,44774,Healthcare,Urban,PhD+,Single
512720178,36,female,68776,Education,Rural,Master's,Single
512720473,58,female,56654,Technology,Urban,Master's,Married
512721925,34,male,92705,Technology,Rural,Bachelor's,Single
512722118,38,female,68419,Education,Suburban,Bachelor's,Married
512722251,49,female,55782,Manufacturing,Suburban,Some College,Married
512722499,36,male,93262,Technology,Urban,Bachelor's,Married
512723374,37,male,78731,Technology,Suburban,PhD+,Married
512724659,47,male,42806,Manufacturing,Urban,Master's,Married
512725644,45,female,76498,Services,Rural,Bachelor's,Divorced
512726034,51,female,87419,Finance,Urban,Bachelor's,Married
512726557,45,male,82340,Technology,Suburban,PhD+,Married
512727044,39,male,79872,Manufacturing,Rural,Master's,Divorced
512728005,51,female,73551,Education,Rural,Master's,Married
512728251,32,female,90584,Healthcare,Suburban,Bachelor's,Married
512728553,59,male,78319,Finance,Urban,Master's,Divorced
512728789,61,male,92848,Education,Urban,High School,Married
512728894,33,male,76958,Services,Urban,Some College,Single
512729031,45,male,94586,Healthcare,Suburban,Master's,Single
512729753,35,female,70571,Education,Urban,Master's,Married
512729791,44,female,79374,Technology,Urban,Bachelor's,Divorced
512730047,36,female,86923,Other,Urban,Master's,Married
512730486,42,female,111944,Healthcare,Suburban,PhD+,Divorced
512731526,49,male,77216,Finance,Urban,Master's,Married
512731637,49,male,58462,Finance,Urban,Master's,Married
512731714,41,female,79021,Technology,Suburban,Some College,Married
512732158,33,male,52361,Technology,Urban,High School,Single
512732406,44,female,81724,Manufacturing,Urban,Master's,Married
512732958,46,female,73960,Education,Urban,Master's,Married
512733075,48,female,99771,Healthcare,Urban,PhD+,Divorced
512734803,45,male,82084,Manufacturing,Suburban,Bachelor's,Married
512734935,30,male,83697,Education,Urban,Master's,Single
512736043,46,male,80189,Healthcare,Suburban,Bachelor's,Single
512736150,49,female,90546,Technology,Suburban,Bachelor's,Married
512736413,42,male,109624,Retail,Suburban,High School,Married
512736900,48,male,73966,Retail,Suburban,High School,Divorced
512736902,36,male,97236,Education,Urban,Master's,Single
512737344,38,female,65907,Technology,Suburban,High School,Married
512737819,39,male,65430,Education,Urban,PhD+,Married
512738566,38,male,96377,Healthcare,Urban,Bachelor's,Single
512739198,37,male,87842,Retail,Rural,High School,Married
512739706,33,male,74347,Retail,Suburban,Some College,Single
512741743,37,female,101939,Healthcare,Suburban,Master's,Married
512742205,41,male,107687,Healthcare,Rural,Master's,Divorced
512743028,40,female,108289,Finance,Urban,Master's,Married
512743997,37,male,73837,Technology,Urban,Master's,Married
512744734,41,male,62136,Retail,Urban,Master's,Single
512747437,47,male,115401,Healthcare,Suburban,Bachelor's,Married
512748320,36,male,65064,Retail,Urban,Some College,Married
512748526,51,female,90057,Healthcare,Rural,Master's,Married
512748595,48,male,76949,Retail,Urban,Master's,Married
512749543,48,male,71606,Retail,Suburban,High School,Married
512749718,33,female,96503,Technology,Urban,Bachelor's,Divorced
512750546,25,female,61743,Services,Suburban,Bachelor's,Married
512751874,46,male,102710,Services,Suburban,High School,Married
512751992,32,female,73049,Manufacturing,Suburban,High School,Single
512752077,52,male,119069,Manufacturing,Urban,Bachelor's,Widowed
512752585,49,female,65087,Education,Urban,Master's,Married
512753744,39,female,61047,Finance,Rural,Some College,Married
512754724,45,female,78440,Retail,Suburban,High School,Married
512755726,51,female,79579,Finance,Urban,Some College,Divorced
512755941,30,female,59032,Technology,Urban,Bachelor's,Married
512756003,47,female,59894,Finance,Suburban,Bachelor's,Married
512756244,37,female,77306,Finance,Suburban,PhD+,Single
512756631,35,female,91049,Finance,Urban,Bachelor's,Married
512756893,47,male,75996,Healthcare,Urban,Master's,Married
512757948,39,male,64670,Retail,Urban,High School,Married
512758081,41,female,67566,Healthcare,Urban,Master's,Married
512759695,34,female,57240,Technology,Urban,PhD+,Married
512761361,37,male,58550,Finance,Urban,Bachelor's,Married
512761508,42,male,93364,Finance,Urban,Bachelor's,Married
512762847,40,male,65151,Education,Rural,Some College,Married
512763590,22,male,65044,Healthcare,Rural,Some College,Single
512763609,48,female,84926,Retail,Suburban,Some College,Married
512764615,36,female,91846,Healthcare,Urban,Bachelor's,Married
512765427,50,male,114942,Healthcare,Urban,Master's,Widowed
512766137,43,female,108980,Finance,Urban,Some College,Divorced
512766778,45,female,48569,Healthcare,Urban,Master's,Married
512767800,43,male,50883,Finance,Urban,High School,Divorced
512768016,32,male,57826,Healthcare,Suburban,Master's,Married
512768254,41,female,98742,Healthcare,Urban,Master's,Divorced
512768384,38,female,38343,Services,Urban,High School,Divorced
512768583,41,female,100781,Finance,Suburban,Bachelor's,Married
512768879,50,male,91254,Finance,Suburban,Bachelor's,Single
512770525,38,male,74513,Finance,Urban,Bachelor's,Divorced
512771272,59,male,68096,Education,Suburban,Bachelor's,Married
512771282,47,female,92606,Services,Urban,High School,Married
512772266,39,male,95518,Technology,Suburban,PhD+,Married
512772509,33,female,44484,Healthcare,Urban,Master's,Single
512773488,35,male,97990,Finance,Suburban,Master's,Married
512774627,43,female,50621,Retail,Urban,High School,Divorced
512775532,39,female,76915,Retail,Urban,High School,Married
512775617,30,female,66586,Healthcare,Urban,Some College,Married
512775628,58,female,123534,Finance,Suburban,Master's,Single
512775703,38,female,69215,Services,Suburban,Bachelor's,Married
512775824,46,female,91802,Manufacturing,Suburban,High School,Married
512776085,42,female,89528,Retail,Suburban,Some College,Single
512776436,34,female,77216,Healthcare,Rural,Master's,Married
512776594,29,male,49257,Healthcare,Urban,PhD+,Married
512777058,50,female,101485,Retail,Suburban,Some College,Married
512777363,35,male,68592,Finance,Urban,Bachelor's,Married
512778261,33,male,64168,Services,Urban,Bachelor's,Single
512778442,32,male,64979,Education,Urban,Bachelor's,Married
512779287,40,female,75511,Technology,Urban,PhD+,Single
512781010,42,female,50216,Retail,Urban,Bachelor's,Married
512781294,49,female,111698,Technology,Urban,Some College,Married
512781400,38,female,44847,Finance,Suburban,Master's,Married
512782032,43,female,33712,Healthcare,Urban,Bachelor's,Married
512782149,38,male,85618,Education,Suburban,Master's,Married
512782259,42,female,78875,Manufacturing,Suburban,High School,Divorced
512782489,27,male,64076,Other,Urban,Bachelor's,Married
512782521,45,male,59054,Services,Suburban,High School,Married
512783237,52,female,74152,Finance,Urban,Bachelor's,Divorced
512783548,39,female,106170,Finance,Suburban,PhD+,Married
512783693,45,female,108844,Healthcare,Suburban,Bachelor's,Married
512784291,25,female,44267,Technology,Urban,Bachelor's,Single
512784573,41,female,87448,Technology,Urban,Master's,Married
512784784,50,male,66670,Education,Urban,Bachelor's,Single
512785755,50,male,73232,Healthcare,Rural,Bachelor's,Married
512785761,47,male,61634,Technology,Urban,Bachelor's,Married
512786243,35,male,104237,Technology,Urban,Bachelor's,Married
512786328,37,male,58602,Healthcare,Rural,Master's,Married
512786639,49,female,110375,Healthcare,Urban,Bachelor's,Married
512789198,34,female,90452,Finance,Urban,Bachelor's,Single
512790004,45,male,106962,Manufacturing,Suburban,Some College,Single
512790884,43,female,75198,Finance,Urban,Bachelor's,Single
512791203,54,male,87000,Finance,Urban,Bachelor's,Divorced
512791371,43,female,70031,Healthcare,Urban,Bachelor's,Single
512792355,29,female,66726,Manufacturing,Urban,Some College,Married
512792461,42,male,67820,Finance,Urban,Bachelor's,Single
512792818,31,female,101227,Finance,Urban,Master's,Married
512792872,19,female,63055,Services,Urban,High School,Single
512792986,31,female,59523,Education,Urban,PhD+,Married
512793596,46,male,82416,Education,Urban,Master's,Married
512794175,38,female,47492,Manufacturing,Urban,High School,Divorced
512794596,45,male,70515,Education,Urban,PhD+,Single
512794803,25,female,35482,Manufacturing,Urban,High School,Married
512795539,20,male,35672,Retail,Rural,Some College,Single
512796572,32,male,67621,Technology,Urban,Bachelor's,Single
512796932,40,male,79998,Healthcare,Urban,Master's,Married
512798610,36,female,47850,Finance,Urban,Bachelor's,Married
512798893,47,male,78112,Education,Urban,PhD+,Married
512800829,51,female,108758,Education,Urban,Master's,Married
512801900,53,male,130598,Finance,Suburban,Master's,Married
512803183,42,male,82236,Technology,Suburban,Master's,Married
512804846,42,male,84451,Technology,Urban,PhD+,Married
512804941,30,male,43656,Services,Suburban,Some College,Married
512805138,34,female,101894,Manufacturing,Suburban,Some College,Single
512805418,31,male,105535,Healthcare,Suburban,Bachelor's,Single
512805458,41,male,88091,Healthcare,Urban,Bachelor's,Married
512805595,42,male,58579,Manufacturing,Suburban,High School,Single
512806614,46,female,58028,Finance,Urban,Master's,Married
512806744,61,male,117595,Retail,Urban,Bachelor's,Married
512806872,49,male,43626,Services,Suburban,High School,Married
512806999,49,female,66736,Technology,Urban,Bachelor's,Married
512807829,27,female,77328,Healthcare,Suburban,Master's,Married
512809266,39,female,67184,Retail,Urban,High School,Married
512809826,42,male,58459,Healthcare,Urban,High School,Married
512810320,44,female,96087,Technology,Suburban,Bachelor's,Married
512810375,50,male,74388,Technology,Urban,Bachelor's,Divorced
512811219,40,female,74488,Manufacturing,Urban,Master's,Widowed
512811545,30,male,43499,Manufacturing,Rural,High School,Married
512812117,37,male,29678,Healthcare,Urban,PhD+,Married
512812634,35,male,74339,Retail,Suburban,Bachelor's,Widowed
512812677,34,female,70875,Technology,Urban,Bachelor's,Single
512813170,34,female,89978,Technology,Urban,Master's,Married
512813314,48,male,101847,Healthcare,Suburban,Bachelor's,Single
512813335,39,male,70091,Retail,Suburban,Bachelor's,Single
512813782,40,female,58035,Manufacturing,Suburban,Some College,Married
512814204,30,male,67479,Services,Urban,Some College,Divorced
512814468,41,female,83288,Retail,Urban,Bachelor's,Married
512814616,44,female,129177,Technology,Suburban,PhD+,Divorced
512814939,39,male,63220,Healthcare,Urban,Bachelor's,Widowed
512817036,25,male,34034,Other,Suburban,Bachelor's,Married
512819070,42,female,99022,Finance,Urban,Bachelor's,Married
512819963,50,male,36330,Manufacturing,Urban,Master's,Married
512819998,26,female,83335,Finance,Suburban,Master's,Married
512820170,40,female,48285,Healthcare,Urban,Master's,Married
512820503,41,female,81055,Technology,Suburban,Bachelor's,Married
512821680,36,male,84556,Manufacturing,Urban,High School,Married
512821837,42,male,73541,Finance,Urban,Master's,Married
512822768,51,male,48076,Services,Urban,Some College,Married
512822863,58,male,91332,Technology,Suburban,Bachelor's,Divorced
512822942,31,female,80235,Finance,Suburban,Bachelor's,Single
512823792,40,male,44746,Technology,Urban,Some College,Married
512824995,37,male,74468,Manufacturing,Rural,Bachelor's,Married
512825345,39,male,56677,Manufacturing,Rural,High School,Married
512825832,49,male,92120,Healthcare,Suburban,PhD+,Single
512828306,36,female,62202,Manufacturing,Suburban,Master's,Married
512829023,29,male,61022,Manufacturing,Urban,High School,Single
512833035,43,male,69766,Services,Suburban,Bachelor's,Divorced
512833368,52,male,81089,Technology,Urban,Some College,Married
512833822,48,female,89880,Healthcare,Suburban,Bachelor's,Single
512833880,56,male,95731,Technology,Urban,PhD+,Divorced
512834314,36,female,93435,Services,Urban,High School,Married
512834840,45,male,69998,Healthcare,Urban,Bachelor's,Single
512836650,29,female,89590,Healthcare,Urban,Master's,Single
512836726,41,female,64380,Healthcare,Suburban,Some College,Married
512836902,37,female,53211,Manufacturing,Urban,High School,Married
512837293,42,female,76822,Healthcare,Urban,Master's,Single
512838002,55,male,91871,Education,Suburban,Bachelor's,Married
512839653,33,male,78009,Healthcare,Urban,Some College,Married
512840908,29,female,61657,Healthcare,Suburban,Some College,Single
512841166,46,male,86997,Education,Suburban,Master's,Married
512841494,57,female,100609,Finance,Suburban,Bachelor's,Married
512841633,41,male,37249,Manufacturing,Rural,Bachelor's,Married
512841978,50,female,95659,Healthcare,Suburban,Master's,Married
512842040,24,female,50332,Retail,Suburban,High School,Married
512842822,30,male,73615,Education,Urban,Master's,Married
512843014,48,female,52804,Technology,Urban,PhD+,Married
512843718,40,male,121998,Education,Suburban,Master's,Married
512845262,37,male,102562,Technology,Urban,Bachelor's,Married
512845420,33,female,59002,Technology,Urban,Bachelor's,Single
512845454,56,female,74753,Healthcare,Urban,Master's,Married
512847159,42,male,78205,Services,Rural,Some College,Single
512848718,52,female,77145,Education,Suburban,Master's,Single
512848985,36,male,107725,Education,Suburban,PhD+,Married
512849080,44,female,81555,Finance,Urban,Bachelor's,Divorced
512849905,38,female,86997,Healthcare,Urban,High School,Divorced
512850006,34,female,103825,Retail,Suburban,Bachelor's,Single
512850270,27,male,56225,Education,Urban,Bachelor's,Married
512852749,48,female,103954,Manufacturing,Urban,High School,Married
512853387,35,female,35956,Healthcare,Rural,Bachelor's,Married
512853578,40,male,48780,Retail,Urban,Some College,Married
512853623,38,female,43474,Finance,Rural,Master's,Married
512853858,28,male,76310,Manufacturing,Urban,High School,Single
512854214,43,male,114864,Healthcare,Suburban,Master's,Divorced
512855363,42,male,69671,Education,Urban,Some College,Single
512855897,38,female,41000,Finance,Urban,Master's,Married
512856403,35,male,102343,Technology,Urban,Bachelor's,Single
512857599,33,male,39842,Manufacturing,Urban,Some College,Single
512857630,44,female,76223,Technology,Urban,Master's,Married
512857893,43,male,81719,Retail,Urban,Bachelor's,Married
512858246,36,female,95287,Finance,Suburban,PhD+,Married
512858746,35,male,38361,Healthcare,Urban,Master's,Married
512858759,41,male,55994,Retail,Urban,High School,Single
512858768,36,female,70024,Services,Suburban,Master's,Married
512858837,38,female,63174,Finance,Urban,Bachelor's,Married
512859052,45,female,99764,Services,Suburban,Bachelor's,Married
512859135,47,female,102855,Healthcare,Rural,High School,Married
512859395,54,female,71741,Retail,Suburban,PhD+,Married
512859991,37,male,83799,Healthcare,Urban,Bachelor's,Married
512860613,51,female,50406,Healthcare,Suburban,PhD+,Married
512862091,41,male,70739,Healthcare,Rural,Some College,Single
512863186,44,male,42904,Technology,Urban,Bachelor's,Divorced
512863380,57,male,76407,Education,Urban,Bachelor's,Married
512863557,40,male,81789,Finance,Suburban,Master's,Married
512864398,30,male,59823,Services,Suburban,Bachelor's,Single
512864471,27,male,53864,Technology,Urban,Master's,Single
512865290,43,female,77662,Education,Suburban,PhD+,Divorced
512865438,32,female,66196,Healthcare,Suburban,Bachelor's,Single
512865844,36,female,76895,Technology,Urban,Bachelor's,Married
512866920,48,female,71970,Technology,Suburban,Bachelor's,Married
512867884,26,male,66209,Education,Urban,Master's,Single
512868659,39,male,57269,Technology,Urban,Bachelor's,Divorced
512868768,28,female,56726,Healthcare,Suburban,Master's,Married
512870109,41,female,49918,Manufacturing,Suburban,Bachelor's,Divorced
512870938,31,male,53350,Healthcare,Urban,High School,Married
512873159,43,male,57428,Manufacturing,Urban,Some College,Married
512873935,38,female,110985,Technology,Rural,Bachelor's,Single
512873968,33,male,67953,Finance,Suburban,High School,Married
512874372,47,female,46599,Finance,Urban,Bachelor's,Married
512874670,64,male,127724,Healthcare,Rural,Master's,Widowed
512877488,37,male,62969,Healthcare,Rural,Bachelor's,Married
512877594,53,male,73406,Technology,Urban,Master's,Married
512878591,42,male,91266,Technology,Suburban,Bachelor's,Married
512878659,35,female,77820,Healthcare,Suburban,Master's,Married
512879472,53,female,110744,Healthcare,Urban,Master's,Married
512879690,50,female,79796,Healthcare,Urban,Bachelor's,Married
512881155,36,female,74356,Manufacturing,Urban,High School,Married
512881254,46,male,99732,Retail,Urban,Some College,Married
512882424,45,male,101778,Manufacturing,Urban,Master's,Married
512882518,44,female,97228,Education,Urban,Master's,Married
512883565,46,male,62605,Technology,Urban,PhD+,Married
512883631,49,female,97598,Finance,Urban,Bachelor's,Single
512884504,37,female,95110,Finance,Suburban,Master's,Single
512885082,44,female,83324,Healthcare,Suburban,Bachelor's,Married
512885142,45,female,79113,Manufacturing,Suburban,High School,Married
512885462,43,female,76495,Technology,Urban,Bachelor's,Married
512885889,49,female,107149,Finance,Urban,Bachelor's,Married
512886020,50,male,65670,Healthcare,Suburban,High School,Married
512886883,33,male,87313,Technology,Suburban,Master's,Single
512888193,27,female,29017,Retail,Suburban,Master's,Single
512888363,43,male,98949,Manufacturing,Rural,Master's,Married
512889375,42,male,73631,Finance,Urban,Master's,Married
512889787,35,female,53576,Finance,Urban,Master's,Married
512890865,31,female,44221,Technology,Suburban,Bachelor's,Married
512891175,42,male,56170,Education,Urban,PhD+,Married
512891304,52,male,47610,Manufacturing,Suburban,Some College,Married
512891781,30,male,83644,Finance,Urban,High School,Single
512892143,36,female,67187,Technology,Rural,PhD+,Married
512894713,38,female,59402,Retail,Urban,Bachelor's,Married
512895446,39,male,52427,Services,Urban,Bachelor's,Married
512895560,44,male,69697,Other,Urban,Bachelor's,Married
512895884,48,female,92688,Finance,Urban,PhD+,Married
512896608,32,female,52784,Finance,Urban,Bachelor's,Married
512896911,47,female,87083,Education,Urban,Bachelor's,Married
512897080,35,male,67748,Retail,Rural,High School,Married
512897336,35,female,43254,Technology,Urban,Master's,Married
512898285,20,female,62374,Healthcare,Urban,High School,Single
512899600,38,female,70965,Services,Urban,High School,Divorced
512899722,55,male,37990,Services,Urban,High School,Single
512899926,30,male,78870,Finance,Urban,High School,Married
512900231,48,male,63827,Technology,Suburban,Bachelor's,Single
512900334,35,male,39098,Retail,Urban,Master's,Married
512900382,40,female,63683,Healthcare,Suburban,Bachelor's,Divorced
512900617,37,male,101228,Healthcare,Suburban,Some College,Married
512901482,55,female,50620,Manufacturing,Suburban,High School,Married
512901672,42,female,64904,Manufacturing,Rural,High School,Married
512903020,34,female,90371,Healthcare,Suburban,Some College,Single
512903091,35,male,43883,Retail,Urban,Some College,Married
512903176,37,male,84309,Healthcare,Urban,Bachelor's,Married
512904805,38,male,94847,Education,Suburban,Master's,Married
512906455,41,male,45595,Technology,Urban,Bachelor's,Married
512906548,51,female,114808,Finance,Urban,High School,Married
512907424,32,female,79957,Retail,Urban,Some College,Single
512908763,44,male,106924,Manufacturing,Rural,High School,Married
512909554,45,female,104792,Healthcare,Urban,Master's,Married
512910300,29,female,82648,Retail,Suburban,High School,Single
512911223,49,male,88318,Retail,Urban,Bachelor's,Married
512911789,50,female,75094,Technology,Rural,Bachelor's,Widowed
512913685,44,female,93878,Services,Suburban,Bachelor's,Married
512914001,48,male,60537,Manufacturing,Urban,Some College,Married
512914425,33,female,75071,Education,Urban,Master's,Married
512914512,32,female,80005,Services,Urban,Master's,Married
512914725,43,male,106545,Retail,Suburban,Bachelor's,Single
512916233,23,male,66712,Services,Urban,Bachelor's,Divorced
512916732,44,male,58316,Healthcare,Urban,Master's,Married
512916847,43,female,80195,Manufacturing,Urban,High School,Divorced
512917166,33,female,68762,Retail,Suburban,High School,Married
512918929,40,male,77641,Finance,Urban,Master's,Married
512920806,43,male,90502,Healthcare,Urban,Master's,Married
512921112,47,female,96810,Finance,Urban,Master's,Married
512921310,42,female,35821,Healthcare,Urban,Some College,Married
512921511,41,male,94281,Manufacturing,Urban,Bachelor's,Married
512921543,31,male,48979,Education,Rural,Master's,Married
512922016,42,female,67187,Technology,Urban,Bachelor's,Single
512922827,46,male,60404,Finance,Urban,Bachelor's,Married
512923559,33,male,52785,Healthcare,Suburban,PhD+,Single
512924218,45,female,77461,Manufacturing,Suburban,Some College,Married
512924342,36,female,71892,Technology,Urban,Master's,Married
512924479,54,female,63160,Services,Urban,High School,Married
512924828,42,female,79922,Healthcare,Urban,Master's,Divorced
512925443,41,female,102543,Finance,Suburban,Master's,Divorced
512926599,46,male,68957,Healthcare,Urban,Bachelor's,Married
512926817,26,female,51502,Retail,Suburban,Some College,Single
512927802,40,female,42112,Retail,Urban,Bachelor's,Married
512927893,49,female,92156,Healthcare,Urban,Some College,Married
512928270,43,male,73020,Services,Suburban,High School,Married
512928634,45,female,55901,Retail,Suburban,High School,Single
512929716,40,female,53966,Retail,Urban,High School,Single
512930020,27,female,60766,Finance,Suburban,PhD+,Married
512930799,58,female,92853,Education,Urban,Master's,Married
512931759,44,male,87458,Finance,Urban,Bachelor's,Single
512932001,41,male,86601,Healthcare,Urban,Bachelor's,Divorced
512932023,36,female,70318,Education,Urban,PhD+,Widowed
512932700,47,male,78269,Finance,Suburban,Bachelor's,Married
512932816,37,male,77806,Education,Suburban,Master's,Married
512934217,27,female,100699,Technology,Suburban,Some College,Married
512934756,35,male,99700,Finance,Suburban,Master's,Divorced
512934955,37,female,67919,Education,Suburban,Master's,Married
512935454,32,female,85491,Technology,Urban,Bachelor's,Married
512935539,34,female,78426,Manufacturing,Urban,High School,Divorced
512936337,43,female,67913,Technology,Urban,Master's,Married
512937401,34,male,82595,Technology,Urban,Some College,Married
512938057,40,male,104704,Education,Urban,Master's,Married
512938515,37,male,68066,Technology,Urban,Master's,Married
512939102,35,male,35744,Education,Urban,PhD+,Married
512939427,32,female,70429,Finance,Suburban,Bachelor's,Married
512939783,24,male,60106,Retail,Urban,Bachelor's,Single
512940762,30,male,48395,Healthcare,Rural,High School,Single
512940873,47,male,74307,Technology,Suburban,Master's,Married
512942806,40,female,81355,Finance,Urban,Master's,Married
512944239,48,male,86283,Education,Rural,Bachelor's,Single
512946927,41,female,73415,Finance,Rural,Bachelor's,Single
512947729,52,female,119506,Healthcare,Suburban,Bachelor's,Married
512948142,55,male,86702,Other,Suburban,Bachelor's,Married
512949326,40,male,41311,Technology,Suburban,Bachelor's,Married
512949498,52,female,82258,Finance,Urban,Master's,Single
512949499,46,male,52517,Manufacturing,Rural,Some College,Divorced
512949884,46,male,76535,Technology,Urban,Master's,Married
512950096,48,male,105731,Healthcare,Urban,Some College,Married
512950318,17,male,25000,Education,Suburban,Bachelor's,Single
512952812,29,male,75436,Finance,Urban,PhD+,Married
512954211,44,female,69189,Healthcare,Suburban,Bachelor's,Single
512954914,33,male,70112,Finance,Suburban,Bachelor's,Single
512956983,42,male,94686,Technology,Urban,Bachelor's,Married
512958783,25,male,60805,Technology,Suburban,Master's,Married
512959121,35,female,49056,Manufacturing,Urban,Some College,Married
512959229,55,male,125484,Manufacturing,Suburban,High School,Divorced
512960662,47,male,109072,Technology,Suburban,PhD+,Married
512961351,37,female,83445,Retail,Urban,Some College,Married
512961400,40,female,70204,Finance,Suburban,Master's,Married
512961600,53,male,72269,Manufacturing,Rural,High School,Widowed
512961747,45,female,54515,Technology,Suburban,Bachelor's,Single
512963011,39,female,54598,Education,Suburban,Master's,Single
512964038,41,female,66309,Finance,Suburban,Bachelor's,Married
512964802,36,male,52185,Education,Urban,PhD+,Married
512964946,28,female,58630,Finance,Urban,Master's,Married
512965655,45,female,106244,Retail,Suburban,Bachelor's,Married
512965785,48,male,83303,Education,Rural,Master's,Married
512966912,47,male,161720,Technology,Suburban,Master's,Married
512967349,40,male,95646,Technology,Suburban,Master's,Married
512967650,33,male,65017,Technology,Urban,Some College,Single
512967682,27,male,48036,Technology,Urban,Bachelor's,Single
512967704,31,female,55669,Technology,Urban,Bachelor's,Married
512970799,50,female,118473,Healthcare,Suburban,Some College,Married
512971323,35,male,25000,Technology,Urban,Master's,Married
512971913,44,male,90761,Manufacturing,Suburban,Master's,Single
512971944,41,male,37689,Healthcare,Urban,Bachelor's,Married
512972644,34,male,112735,Finance,Urban,PhD+,Married
512972651,27,female,65602,Healthcare,Urban,Bachelor's,Single
512972760,37,male,49058,Technology,Urban,Bachelor's,Married
512973610,42,female,95876,Other,Suburban,Master's,Single
512975406,32,male,64149,Healthcare,Urban,Some College,Single
512976408,45,male,87911,Finance,Suburban,Bachelor's,Married
512976598,51,male,70759,Education,Urban,Master's,Married
512978055,49,female,92662,Technology,Rural,Master's,Married
512979174,52,male,125141,Healthcare,Urban,Bachelor's,Single
512980414,34,female,83855,Technology,Suburban,Master's,Married
512980649,46,female,139877,Education,Rural,Bachelor's,Married
512980679,36,male,69666,Healthcare,Suburban,PhD+,Married
512980827,32,female,52310,Services,Suburban,High School,Single
512980976,37,female,115035,Healthcare,Rural,Bachelor's,Married
512981073,51,male,126278,Healthcare,Suburban,Bachelor's,Married
512981731,40,male,62121,Manufacturing,Suburban,Bachelor's,Single
512983554,42,male,117853,Finance,Urban,Bachelor's,Married
512983599,27,male,31642,Retail,Urban,PhD+,Single
512984206,40,female,74065,Finance,Urban,Some College,Married
512984538,37,male,61495,Services,Suburban,Master's,Widowed
512985502,52,male,111894,Healthcare,Urban,Master's,Married
512987755,32,female,72586,Education,Urban,Master's,Married
512988923,44,male,98708,Technology,Urban,Master's,Married
512990172,55,female,84893,Healthcare,Suburban,High School,Married
512991495,49,male,115475,Finance,Suburban,Bachelor's,Married
512992195,37,female,90157,Education,Suburban,Master's,Married
512992433,32,male,66951,Education,Urban,Bachelor's,Single
512992643,40,female,118529,Finance,Urban,Bachelor's,Single
512993184,32,male,68482,Education,Urban,Master's,Single
512993194,44,female,74335,Finance,Suburban,Bachelor's,Married
512993700,43,female,70113,Technology,Urban,Master's,Married
512993859,44,male,96969,Education,Suburban,Bachelor's,Single
512994413,56,female,79421,Manufacturing,Suburban,Bachelor's,Married
512994576,43,female,83547,Manufacturing,Suburban,Bachelor's,Divorced
512995837,44,female,111169,Education,Urban,Bachelor's,Married
512997029,35,male,95663,Technology,Urban,Master's,Married
512997053,45,male,87213,Education,Suburban,Bachelor's,Single
512998091,49,female,81973,Technology,Urban,Bachelor's,Married
512998202,38,male,91593,Healthcare,Suburban,High School,Married
512999138,48,female,114177,Finance,Suburban,PhD+,Single
512999506,53,male,77172,Healthcare,Suburban,Bachelor's,Married
513000196,46,female,99339,Finance,Suburban,PhD+,Widowed
513001261,43,male,81829,Retail,Urban,Bachelor's,Single
513002555,35,male,82136,Healthcare,Suburban,Bachelor's,Married
513003410,34,female,52922,Technology,Suburban,Bachelor's,Married
513004133,43,female,74781,Healthcare,Suburban,Master's,Married
513005719,32,male,74542,Education,Urban,PhD+,Married
513007145,32,male,60819,Services,Urban,Bachelor's,Married
513007398,47,male,36939,Manufacturing,Rural,High School,Single
513008028,43,male,53640,Finance,Suburban,Master's,Married
513008220,28,female,63554,Finance,Urban,Bachelor's,Married
513011697,52,male,92288,Finance,Urban,Bachelor's,Married
513011796,39,female,81990,Technology,Suburban,PhD+,Married
513011938,50,male,82181,Manufacturing,Rural,Bachelor's,Married
513013336,35,female,71934,Services,Urban,High School,Single
513014295,44,female,106324,Education,Urban,Bachelor's,Married
513014761,42,female,72663,Manufacturing,Rural,High School,Divorced
513014919,42,female,49140,Manufacturing,Suburban,High School,Married
513015684,34,female,43768,Services,Suburban,High School,Married
513016218,46,male,98541,Finance,Urban,Some College,Married
513016710,40,female,35915,Manufacturing,Rural,High School,Divorced
513016987,30,male,67034,Healthcare,Suburban,Master's,Married
513018064,57,male,97001,Services,Urban,Bachelor's,Married
513018140,37,male,105109,Finance,Suburban,Master's,Married
513019336,44,male,56164,Manufacturing,Urban,High School,Married
513020412,42,male,70807,Education,Suburban,Master's,Married
513021392,58,male,104873,Manufacturing,Suburban,High School,Married
513021588,32,female,30466,Retail,Urban,Some College,Married
513022384,43,male,81636,Manufacturing,Suburban,High School,Married
513022748,34,female,65615,Retail,Suburban,High School,Married
513023088,50,male,133931,Finance,Urban,Bachelor's,Divorced
513026120,62,female,67606,Technology,Rural,Master's,Married
513027425,41,male,83852,Healthcare,Urban,PhD+,Married
513028319,32,female,56155,Manufacturing,Urban,High School,Single
513029668,47,female,100521,Education,Rural,Master's,Married
513030496,43,female,116426,Healthcare,Suburban,Bachelor's,Divorced
513032232,41,male,58075,Education,Urban,Bachelor's,Divorced
513033077,32,female,77978,Technology,Urban,Master's,Married
513034123,37,female,104895,Healthcare,Urban,Master's,Married
513034128,48,male,103157,Retail,Suburban,Some College,Married
513035047,24,female,47464,Education,Suburban,Master's,Single
513035389,44,male,107353,Finance,Rural,Bachelor's,Divorced
513035608,31,male,37958,Finance,Urban,Bachelor's,Single
513038885,35,male,54110,Healthcare,Urban,PhD+,Married
513040088,43,female,114289,Finance,Urban,Some College,Single
513040108,41,female,60429,Retail,Rural,Some College,Single
513040391,38,male,87817,Education,Urban,Master's,Married
513040592,48,male,144451,Finance,Urban,High School,Widowed
513041338,56,male,69108,Healthcare,Urban,Bachelor's,Single
513041987,44,male,38687,Education,Suburban,Master's,Married
513042482,29,male,103802,Finance,Urban,PhD+,Married
513044011,29,female,66959,Technology,Suburban,Bachelor's,Divorced
513044538,35,male,87323,Education,Rural,Master's,Married
513045570,40,male,41069,Finance,Rural,PhD+,Single
513046397,41,male,58489,Finance,Urban,High School,Married
513047864,41,female,97727,Technology,Suburban,Bachelor's,Married
513048424,42,male,83571,Technology,Urban,Bachelor's,Married
513048602,39,male,74520,Technology,Urban,Master's,Married
513049968,32,male,80083,Education,Urban,PhD+,Married
513050986,41,male,65949,Education,Urban,Bachelor's,Divorced
513051060,37,female,86967,Technology,Urban,Bachelor's,Married
513051140,41,male,73638,Technology,Suburban,Some College,Married
513051655,41,female,100353,Technology,Urban,PhD+,Married
513051832,44,female,76232,Manufacturing,Suburban,High School,Divorced
513051915,40,male,76075,Healthcare,Suburban,Bachelor's,Divorced
513053651,39,male,99339,Technology,Urban,Master's,Divorced
513053907,52,female,84130,Services,Suburban,Bachelor's,Married
513054055,46,female,50699,Healthcare,Urban,Bachelor's,Married
513054236,30,female,56096,Finance,Urban,Master's,Single
513054482,35,male,49574,Healthcare,Urban,Master's,Married
513054579,41,male,81261,Finance,Urban,Bachelor's,Single
513054783,44,male,73520,Healthcare,Urban,High School,Married
513055665,36,male,81085,Services,Rural,High School,Single
513055745,46,male,69333,Technology,Urban,PhD+,Single
513056659,35,female,72587,Retail,Urban,PhD+,Married
513056893,31,female,112280,Retail,Urban,Some College,Single
513057247,45,female,77739,Technology,Suburban,PhD+,Divorced
513058649,51,female,65828,Finance,Suburban,Some College,Married
513059472,43,female,79880,Healthcare,Suburban,Bachelor's,Single
513063090,41,male,68529,Finance,Suburban,Bachelor's,Single
513063345,30,female,80316,Technology,Urban,Bachelor's,Married
513063965,41,female,45474,Finance,Urban,Bachelor's,Married
513064700,41,male,81265,Healthcare,Suburban,Master's,Married
513065901,36,female,53480,Technology,Suburban,Bachelor's,Married
513067113,45,female,73220,Technology,Urban,Bachelor's,Single
513067201,28,female,80104,Finance,Urban,Bachelor's,Single
513067433,46,male,105321,Technology,Urban,Some College,Divorced
513068111,46,female,72041,Technology,Urban,Some College,Married
513069091,41,male,65250,Services,Urban,Master's,Married
513069995,49,female,108588,Finance,Urban,PhD+,Married
513071178,44,male,126248,Education,Urban,Bachelor's,Divorced
513072711,52,male,91120,Healthcare,Urban,Master's,Married
513072867,52,female,89617,Services,Suburban,Some College,Divorced
513074669,48,male,96970,Technology,Urban,Bachelor's,Married
513075170,37,male,128226,Finance,Suburban,Bachelor's,Married
513075959,40,female,76814,Services,Urban,Some College,Married
513076981,38,female,50427,Manufacturing,Suburban,Bachelor's,Married
513078064,39,male,114764,Healthcare,Urban,Master's,Married
513080235,35,male,109846,Finance,Suburban,Master's,Married
513081054,38,female,73424,Manufacturing,Rural,High School,Single
513082427,37,female,77175,Education,Suburban,Master's,Married
513087139,43,male,61271,Healthcare,Suburban,Bachelor's,Married
513087437,31,female,65562,Finance,Urban,Bachelor's,Married
513088136,49,male,109017,Education,Urban,PhD+,Married
513089018,54,female,105059,Services,Urban,Some College,Divorced
513089301,39,female,57158,Education,Suburban,Bachelor's,Married
513091248,42,female,79744,Technology,Urban,High School,Single
513091774,42,male,107128,Services,Urban,Bachelor's,Married
513092728,48,male,81120,Finance,Urban,Master's,Married
513094265,31,female,67747,Retail,Suburban,Master's,Married
513094659,46,male,95331,Healthcare,Suburban,Some College,Divorced
513095514,43,female,51087,Technology,Urban,Master's,Married
513096593,33,female,88141,Healthcare,Suburban,PhD+,Single
513098226,41,male,129022,Manufacturing,Urban,Bachelor's,Married
513099061,41,male,87245,Technology,Urban,Bachelor's,Married
513099296,29,male,96111,Education,Suburban,Bachelor's,Single
513101031,35,male,40951,Technology,Urban,Master's,Divorced
513102494,46,male,54696,Finance,Urban,PhD+,Married
513104299,41,male,35461,Services,Urban,High School,Single
513104704,47,male,113648,Finance,Urban,Bachelor's,Married
513105502,43,male,61361,Finance,Urban,Bachelor's,Married
513106339,37,female,88105,Finance,Rural,Master's,Divorced
513107821,41,male,85376,Retail,Suburban,High School,Married
513111290,40,male,80198,Finance,Suburban,Bachelor's,Married
513117637,33,male,110664,Healthcare,Suburban,Bachelor's,Married
513118150,27,male,69530,Technology,Urban,Bachelor's,Married
513121474,46,male,88508,Education,Urban,Master's,Married
513122229,32,male,68547,Services,Rural,Some College,Single
513123866,27,male,87387,Retail,Urban,Some College,Single
513124057,42,female,61234,Services,Urban,Some College,Married
513127299,36,female,77971,Education,Urban,PhD+,Married
513127320,38,male,104603,Finance,Urban,Bachelor's,Married
513128121,48,female,79882,Technology,Urban,Master's,Married
513128591,44,male,51061,Technology,Urban,Master's,Single
513129678,35,female,91454,Education,Urban,Some College,Single
513129732,26,male,73984,Manufacturing,Urban,High School,Single
513130866,39,female,97620,Manufacturing,Urban,Some College,Single
513131263,36,male,83695,Education,Suburban,Master's,Married
513132337,33,male,69789,Healthcare,Urban,Bachelor's,Single
513132605,38,female,82341,Retail,Rural,Master's,Divorced
513133050,36,male,44318,Finance,Urban,Bachelor's,Married
513133887,46,male,71206,Education,Urban,Master's,Married
513134487,41,male,55528,Healthcare,Rural,Some College,Married
513134502,37,female,25000,Services,Urban,Some College,Married
513135252,21,male,28454,Retail,Rural,Some College,Single
513136297,48,female,73054,Technology,Urban,PhD+,Married
513137569,44,male,67878,Finance,Urban,Master's,Divorced
513139042,40,female,66940,Finance,Urban,Master's,Married
513139894,50,female,77922,Education,Suburban,Master's,Divorced
513144912,26,male,88887,Finance,Urban,Bachelor's,Single
513146924,31,male,55089,Services,Suburban,Bachelor's,Single
513147826,32,female,74013,Technology,Suburban,Bachelor's,Single
513151890,36,female,66113,Finance,Urban,Bachelor's,Married
513152080,31,female,80889,Technology,Rural,Bachelor's,Single
513156463,40,female,71220,Healthcare,Suburban,Bachelor's,Married
513157090,35,female,94255,Technology,Urban,Bachelor's,Married
513157217,54,female,61965,Manufacturing,Urban,Some College,Divorced
513160269,35,male,84778,Education,Suburban,Bachelor's,Divorced
513160498,38,female,96887,Finance,Suburban,Master's,Married
513161222,57,male,47476,Services,Urban,High School,Married
513162204,41,male,90281,Finance,Suburban,Bachelor's,Married
513162718,46,female,105304,Finance,Urban,Bachelor's,Married
513164168,44,male,53572,Healthcare,Rural,Master's,Married
513164541,43,female,107095,Services,Urban,Bachelor's,Married
513166058,37,female,97928,Manufacturing,Urban,Master's,Married
513166406,36,male,59301,Healthcare,Suburban,Bachelor's,Married
513167077,39,male,114948,Healthcare,Suburban,Bachelor's,Single
513167415,41,male,67894,Healthcare,Urban,Bachelor's,Married
513167866,29,female,100193,Healthcare,Urban,Master's,Married
513168816,46,male,45962,Technology,Urban,Master's,Married
513170006,33,female,89952,Retail,Urban,Some College,Single
513171193,44,male,47184,Finance,Urban,High School,Married
513171361,53,male,67759,Services,Urban,Some College,Divorced
513171640,36,male,69586,Retail,Urban,Bachelor's,Divorced
513172869,47,male,55987,Education,Urban,Master's,Divorced
513173207,43,female,48865,Finance,Urban,PhD+,Married
513173386,41,male,81846,Technology,Urban,Bachelor's,Divorced
513174055,45,male,64668,Healthcare,Suburban,Master's,Single
513174249,40,female,67257,Services,Urban,High School,Married
513174477,54,female,92804,Manufacturing,Suburban,High School,Married
513175202,47,male,57794,Healthcare,Suburban,Bachelor's,Married
513175487,38,female,80499,Technology,Urban,PhD+,Married
513176117,34,male,70304,Other,Suburban,Some College,Married
513176156,51,male,49804,Education,Suburban,PhD+,Single
513176415,38,female,81682,Technology,Suburban,Bachelor's,Married
513176581,28,female,90623,Technology,Urban,Master's,Single
513176796,39,female,39388,Finance,Urban,Bachelor's,Single
513176864,43,male,106836,Finance,Urban,Master's,Divorced
513177446,35,male,77838,Education,Urban,Master's,Married
513177616,44,male,63805,Manufacturing,Rural,High School,Married
513178870,43,male,54613,Services,Rural,Some College,Married
513179304,48,female,99052,Healthcare,Rural,Some College,Married
513180563,31,female,77709,Healthcare,Urban,Bachelor's,Divorced
513180649,33,male,72168,Technology,Urban,Some College,Single
513182258,35,female,26112,Finance,Urban,Bachelor's,Married
513183733,44,female,94173,Technology,Urban,PhD+,Divorced
513183741,40,female,82824,Healthcare,Suburban,PhD+,Single
513183784,57,female,82605,Manufacturing,Rural,High School,Married
513184364,49,female,118785,Services,Suburban,High School,Married
513184664,37,female,63944,Education,Suburban,Master's,Widowed
513185782,44,male,73364,Healthcare,Urban,Bachelor's,Married
513186499,50,male,110328,Technology,Rural,PhD+,Married
513186706,38,female,95752,Finance,Urban,Bachelor's,Married
513187741,46,female,86953,Education,Rural,Master's,Married
513189006,33,male,48447,Manufacturing,Urban,High School,Single
513189050,38,male,101590,Healthcare,Suburban,Bachelor's,Married
513189264,30,female,90894,Education,Urban,PhD+,Single
513190126,34,male,50991,Technology,Urban,Bachelor's,Single
513190164,45,male,87863,Finance,Urban,Bachelor's,Divorced
513191068,45,male,68928,Finance,Suburban,Some College,Married
513191535,50,male,88106,Manufacturing,Suburban,Bachelor's,Married
513192687,39,male,103549,Technology,Urban,Bachelor's,Divorced
513193139,55,male,97895,Healthcare,Rural,PhD+,Married
513194200,45,female,108753,Healthcare,Suburban,PhD+,Married
513194292,48,female,33009,Education,Urban,Master's,Married
513194314,45,male,84988,Retail,Urban,High School,Married
513195581,52,female,25000,Education,Urban,Master's,Married
513196083,44,female,104875,Technology,Urban,PhD+,Married
513196136,44,female,69715,Education,Urban,PhD+,Married
513196324,52,male,95315,Finance,Suburban,Master's,Single
513197123,33,female,84453,Retail,Urban,Some College,Married
513197579,44,female,102860,Technology,Suburban,High School,Married
513197621,49,female,99007,Education,Urban,Bachelor's,Divorced
513197926,51,male,44953,Technology,Urban,Bachelor's,Married
513198022,39,female,84933,Finance,Urban,Bachelor's,Married
513198977,35,female,40945,Healthcare,Urban,Master's,Married
513200709,30,male,45090,Healthcare,Urban,PhD+,Divorced
513201337,41,male,94600,Finance,Urban,Some College,Married
513201462,34,male,93391,Technology,Urban,Master's,Married
513202995,27,male,45847,Manufacturing,Urban,Bachelor's,Single
513203037,48,male,76365,Technology,Urban,High School,Married
513203265,34,male,89332,Healthcare,Suburban,Master's,Single
513203776,50,male,107417,Manufacturing,Urban,Some College,Married
513205390,30,female,49674,Retail,Rural,High School,Married
513206894,39,female,62780,Finance,Suburban,Bachelor's,Married
513206929,27,female,70795,Finance,Urban,Bachelor's,Single
513207239,50,male,68305,Finance,Suburban,Master's,Married
513207467,39,female,79265,Education,Urban,Bachelor's,Married
513207872,48,male,73882,Healthcare,Urban,Bachelor's,Married
513208046,38,female,72080,Healthcare,Urban,Some College,Divorced
513208097,29,female,56356,Services,Suburban,High School,Married
513208790,23,male,55600,Services,Suburban,High School,Single
513210295,43,male,97483,Retail,Suburban,Some College,Married
513210314,46,male,49141,Education,Urban,Master's,Single
513210627,54,female,93508,Education,Urban,Master's,Married
513211000,35,male,66895,Finance,Suburban,Bachelor's,Single
513211257,41,female,78843,Technology,Suburban,Bachelor's,Married
513211944,39,male,39764,Healthcare,Suburban,PhD+,Married
513212056,29,male,44379,Finance,Urban,Some College,Single
513212467,42,female,95309,Healthcare,Urban,Bachelor's,Married
513212602,45,female,69866,Services,Urban,Bachelor's,Married
513212620,25,female,66770,Technology,Suburban,Bachelor's,Married
513212967,51,male,67715,Healthcare,Rural,Bachelor's,Married
513212996,29,male,74195,Services,Urban,Bachelor's,Married
513213367,47,female,85813,Manufacturing,Rural,Master's,Single
513214192,46,male,36743,Manufacturing,Suburban,Some College,Single
513214598,38,male,84614,Finance,Rural,PhD+,Married
513214649,42,female,74303,Technology,Urban,Master's,Married
513216231,36,female,58764,Education,Urban,Master's,Married
513216393,46,female,102094,Manufacturing,Suburban,High School,Married
513217496,44,male,121517,Technology,Rural,Bachelor's,Married
513217577,62,male,105674,Healthcare,Suburban,Master's,Married
513217975,44,female,90947,Healthcare,Urban,Some College,Married
513220844,42,male,59975,Technology,Urban,PhD+,Divorced
513221660,40,male,50085,Education,Urban,Bachelor's,Married
513221714,24,male,56026,Services,Urban,Some College,Single
513223409,35,female,84205,Manufacturing,Urban,Some College,Married
513226023,29,female,58144,Technology,Suburban,Master's,Married
513227214,41,male,135755,Technology,Suburban,Bachelor's,Married
513227995,36,male,73747,Finance,Urban,Master's,Married
513228818,38,male,76050,Technology,Urban,Bachelor's,Single
513229493,42,male,84225,Finance,Suburban,High School,Single
513230794,41,male,86641,Finance,Suburban,Bachelor's,Married
513233210,39,female,54049,Finance,Urban,High School,Married
513234955,45,female,75317,Finance,Urban,Master's,Married
513235022,26,female,37949,Healthcare,Urban,Some College,Single
513235654,35,male,86103,Finance,Suburban,PhD+,Married
513236076,36,male,76429,Technology,Urban,Master's,Married
513236123,47,female,113051,Finance,Suburban,Master's,Married
513236766,39,male,50547,Technology,Suburban,PhD+,Married
513237033,35,male,103656,Finance,Urban,PhD+,Single
513237407,49,female,83028,Finance,Urban,Master's,Married
513238189,25,male,49482,Technology,Urban,PhD+,Single
513238280,43,male,97919,Technology,Suburban,Bachelor's,Divorced
513240363,41,female,60764,Technology,Urban,Bachelor's,Married
513240488,43,female,95004,Finance,Suburban,Master's,Married
513244560,37,female,105843,Healthcare,Urban,PhD+,Married
513244859,48,female,82987,Healthcare,Urban,Master's,Married
513244873,21,male,47890,Services,Urban,Bachelor's,Single
513244951,37,male,106277,Finance,Suburban,Bachelor's,Divorced
513245127,42,male,97256,Education,Rural,Master's,Married
513245596,49,female,131802,Technology,Urban,Some College,Single
513246890,43,male,74560,Technology,Urban,Master's,Single
513248635,49,female,89517,Technology,Suburban,Bachelor's,Single
513248664,38,male,90266,Technology,Suburban,Master's,Married
513249241,26,female,48825,Retail,Urban,Bachelor's,Married
513249421,36,female,67029,Finance,Urban,High School,Married
513249581,43,male,77685,Manufacturing,Suburban,Bachelor's,Widowed
513249892,29,female,83928,Technology,Suburban,Master's,Divorced
513249956,38,male,55078,Other,Suburban,High School,Married
513250208,46,female,71639,Technology,Suburban,PhD+,Married
513250816,45,male,52979,Finance,Urban,Bachelor's,Married
513251702,44,male,69551,Retail,Rural,Master's,Married
513251838,43,female,32545,Services,Suburban,High School,Single
513252621,45,female,102911,Healthcare,Rural,Master's,Married
513252874,48,female,63620,Healthcare,Suburban,High School,Married
513253396,34,female,59931,Finance,Urban,Master's,Single
513253756,31,male,100539,Finance,Urban,Master's,Single
513254074,42,male,112757,Technology,Suburban,Bachelor's,Married
513255232,51,male,93990,Other,Urban,Some College,Married
513255323,36,male,79343,Services,Rural,Some College,Married
513255997,50,male,110218,Technology,Rural,PhD+,Married
513257273,36,female,99973,Healthcare,Urban,Bachelor's,Married
513257345,33,male,56100,Healthcare,Urban,Bachelor's,Divorced
513257578,40,female,77866,Finance,Urban,Bachelor's,Divorced
513258104,48,female,77693,Manufacturing,Urban,High School,Single
513259944,38,female,75060,Technology,Urban,PhD+,Married
513260334,35,male,77607,Manufacturing,Urban,Bachelor's,Married
513261246,46,female,121077,Technology,Urban,Master's,Single
513263034,35,female,129433,Healthcare,Suburban,PhD+,Married
513264654,32,male,69871,Manufacturing,Urban,Bachelor's,Married
513265116,23,male,54407,Services,Urban,Some College,Single
513269587,45,female,61307,Education,Urban,Bachelor's,Single
513269850,54,male,43376,Manufacturing,Urban,High School,Married
513270017,55,female,102941,Healthcare,Suburban,Bachelor's,Widowed
513272022,44,male,33462,Services,Rural,Some College,Married
513272778,46,female,102913,Technology,Urban,High School,Married
513273118,40,female,86269,Education,Suburban,High School,Married
513274297,45,female,103675,Finance,Urban,Master's,Married
513277700,42,male,73708,Manufacturing,Suburban,High School,Married
513277886,24,male,73775,Retail,Suburban,Some College,Single
513279256,46,female,67358,Manufacturing,Suburban,Some College,Married
513279317,32,male,70698,Technology,Urban,Bachelor's,Divorced
513279453,34,female,45320,Education,Urban,Master's,Married
513279766,40,female,58358,Manufacturing,Urban,Bachelor's,Married
513280679,43,male,61002,Education,Urban,Master's,Married
513281486,47,male,74207,Services,Urban,Master's,Married
513282122,41,female,67712,Finance,Urban,Some College,Married
513282407,32,male,85683,Technology,Suburban,Bachelor's,Married
513282440,43,male,95210,Technology,Urban,Bachelor's,Divorced
513285060,41,female,112673,Finance,Urban,Bachelor's,Single
513286220,38,male,90877,Other,Suburban,Some College,Married
513286422,35,female,83460,Technology,Rural,Bachelor's,Married
513286432,39,female,84576,Healthcare,Suburban,Master's,Married
513286967,39,male,103974,Finance,Suburban,Some College,Married
513287428,36,female,57107,Healthcare,Rural,Bachelor's,Married
513287518,54,female,101211,Finance,Urban,Bachelor's,Married
513288413,41,male,113208,Healthcare,Urban,High School,Divorced
513288423,31,male,80195,Other,Suburban,Bachelor's,Single
513288889,42,female,84921,Finance,Suburban,Some College,Married
513289123,25,male,42672,Manufacturing,Suburban,High School,Married
513289481,28,female,54792,Healthcare,Urban,Master's,Married
513289810,46,male,82843,Education,Rural,Master's,Married
513290661,46,male,99491,Education,Suburban,PhD+,Single
513291083,37,female,80866,Services,Suburban,Bachelor's,Married
513291509,50,male,89280,Manufacturing,Suburban,High School,Widowed
513291909,53,male,60556,Technology,Urban,Bachelor's,Married
513292019,47,male,100890,Finance,Urban,PhD+,Single
513292743,42,male,46453,Technology,Urban,Master's,Divorced
513293587,30,male,48957,Retail,Suburban,High School,Married
513294059,61,female,67481,Education,Urban,Bachelor's,Married
513295884,28,female,95312,Education,Suburban,Master's,Single
513296672,26,male,67953,Finance,Urban,PhD+,Married
513297454,49,female,62864,Technology,Rural,Bachelor's,Single
513298115,34,female,85798,Finance,Urban,Master's,Married
513300405,41,female,59619,Services,Urban,Some College,Married
513301588,37,male,50679,Technology,Urban,Bachelor's,Single
513302709,48,female,49511,Education,Suburban,PhD+,Single
513303964,50,male,105503,Technology,Urban,PhD+,Married
513304382,47,male,65113,Retail,Urban,Some College,Married
513305369,50,female,79887,Manufacturing,Urban,Some College,Married
513305878,47,female,81301,Retail,Suburban,High School,Divorced
513306476,40,female,83096,Finance,Urban,Bachelor's,Married
513307814,50,female,84768,Retail,Suburban,High School,Married
513310043,31,male,25000,Services,Rural,Some College,Divorced
513310519,52,male,135731,Education,Urban,PhD+,Married
513311705,39,male,78693,Education,Urban,PhD+,Married
513312506,58,female,93364,Healthcare,Urban,Bachelor's,Married
513315110,46,female,57541,Healthcare,Suburban,Bachelor's,Married
513316835,36,female,86397,Technology,Urban,PhD+,Married
513317440,33,female,76614,Technology,Urban,Bachelor's,Single
513318392,35,male,53989,Healthcare,Urban,Master's,Married
513318588,42,female,55430,Education,Rural,Master's,Married
513320019,40,female,75034,Healthcare,Urban,Master's,Married
513320116,39,male,51763,Finance,Urban,Bachelor's,Married
513320236,42,female,77467,Healthcare,Urban,Bachelor's,Married
513320772,53,male,111213,Technology,Suburban,Bachelor's,Divorced
513322615,49,male,99446,Healthcare,Suburban,Bachelor's,Divorced
513323759,38,male,67247,Technology,Urban,Bachelor's,Single
513324190,44,female,81282,Technology,Suburban,PhD+,Married
513325471,37,female,53414,Services,Urban,High School,Married
513327527,38,female,76495,Finance,Rural,Bachelor's,Married
513327824,31,male,88757,Technology,Urban,High School,Divorced
513329486,49,female,89147,Manufacturing,Suburban,Some College,Married
513330179,42,female,92706,Technology,Urban,Bachelor's,Married
513331923,34,female,58155,Finance,Urban,High School,Single
513332497,47,male,91190,Healthcare,Rural,Master's,Married
513332917,36,female,119014,Education,Urban,Bachelor's,Divorced
513334657,33,male,77531,Manufacturing,Urban,Some College,Married
513335926,50,male,100069,Finance,Suburban,Master's,Married
513336211,38,male,83939,Technology,Urban,Bachelor's,Single
513336264,41,male,78238,Retail,Suburban,High School,Married
513337409,34,female,51634,Technology,Urban,Bachelor's,Single
513338321,37,female,76278,Healthcare,Urban,Bachelor's,Divorced
513339480,57,male,138801,Technology,Urban,Some College,Married
513340194,47,male,130749,Technology,Suburban,Bachelor's,Married
513341213,50,female,104691,Education,Urban,Bachelor's,Married
513343599,33,male,85828,Finance,Urban,Some College,Divorced
513343880,50,male,65429,Technology,Suburban,Master's,Married
513344939,50,female,118177,Technology,Urban,Master's,Married
513345203,44,female,99256,Finance,Suburban,Master's,Married
513345469,25,female,55524,Technology,Suburban,Bachelor's,Single
513346567,34,male,56234,Retail,Urban,Master's,Married
513346705,31,female,70394,Technology,Suburban,Bachelor's,Single
513348732,39,female,53253,Education,Urban,Master's,Single
513350953,44,male,80391,Education,Urban,PhD+,Married
513352903,45,male,96000,Technology,Urban,Bachelor's,Married
513353375,57,female,83231,Manufacturing,Suburban,High School,Married
513353465,32,female,61127,Technology,Urban,Some College,Divorced
513353820,41,male,92952,Finance,Urban,Master's,Divorced
513354736,36,female,56509,Finance,Urban,Bachelor's,Married
513355884,45,female,97292,Finance,Suburban,PhD+,Divorced
513356097,25,female,47770,Services,Urban,Some College,Married
513359782,42,female,46107,Retail,Urban,High School,Married
513359812,26,male,75909,Retail,Urban,Some College,Single
513360881,39,female,109661,Healthcare,Urban,Bachelor's,Married
513362128,34,female,53161,Finance,Urban,Master's,Single
513365038,37,male,85743,Technology,Suburban,Bachelor's,Divorced
513365994,41,female,124179,Manufacturing,Suburban,PhD+,Single
513366541,28,male,51427,Healthcare,Suburban,Bachelor's,Married
513368613,43,male,56601,Technology,Urban,Master's,Married
513370030,43,male,81871,Healthcare,Urban,Master's,Married
513370702,41,female,108304,Retail,Suburban,Bachelor's,Married
513372586,44,male,92145,Technology,Suburban,PhD+,Married
513372957,52,female,78492,Services,Urban,High School,Married
513374379,34,female,87404,Other,Suburban,Master's,Married
513374581,36,female,79159,Healthcare,Urban,Master's,Married
513375646,54,female,81447,Manufacturing,Suburban,Some College,Divorced
513376410,38,male,61026,Education,Urban,Master's,Married
513376561,35,male,86801,Education,Suburban,Master's,Married
513377298,37,female,67909,Finance,Urban,Bachelor's,Divorced
513378943,49,male,114211,Finance,Suburban,Master's,Single
513379598,42,female,84814,Finance,Urban,Bachelor's,Married
513383722,34,female,89719,Technology,Urban,PhD+,Single
513385196,41,female,78160,Education,Urban,Some College,Married
513386399,33,female,44647,Finance,Urban,Bachelor's,Married
513386644,36,female,46804,Technology,Urban,Bachelor's,Married
513388459,31,female,52842,Technology,Urban,Master's,Married
513388533,39,male,70523,Education,Urban,Bachelor's,Divorced
513388909,52,male,67112,Finance,Urban,High School,Married
513389382,39,female,79421,Technology,Urban,PhD+,Divorced
513390119,41,male,78179,Finance,Urban,PhD+,Married
513391171,44,female,91955,Technology,Urban,Bachelor's,Married
513392173,50,female,25749,Finance,Urban,Bachelor's,Married
513393764,49,female,71598,Education,Suburban,Master's,Married
513393800,41,female,72767,Services,Rural,High School,Single
513394334,36,male,74613,Retail,Suburban,Master's,Divorced
513394517,41,female,51071,Finance,Urban,High School,Married
513394677,38,female,87850,Education,Suburban,Master's,Married
513395610,45,female,86942,Healthcare,Suburban,Some College,Married
513395989,40,female,48292,Retail,Suburban,PhD+,Married
513400723,32,female,85515,Education,Urban,Master's,Married
513405673,44,female,107859,Finance,Suburban,Bachelor's,Divorced
513405746,38,female,45020,Technology,Suburban,Bachelor's,Married
513407392,49,male,88624,Education,Rural,Some College,Married
513409754,50,male,56141,Manufacturing,Urban,High School,Married
513409854,55,female,79856,Education,Rural,Master's,Married
513410070,23,male,28250,Other,Urban,High School,Single
513410076,42,male,53348,Education,Urban,PhD+,Married
513410230,19,male,50700,Education,Urban,Master's,Married
513410321,48,male,74938,Manufacturing,Suburban,Bachelor's,Married
513410334,38,male,46413,Finance,Urban,Some College,Married
513410911,41,female,58898,Healthcare,Urban,Master's,Single
513411396,36,male,107160,Finance,Urban,PhD+,Married
513411503,40,female,69057,Technology,Urban,Master's,Widowed
513411595,50,female,81314,Education,Urban,PhD+,Married
513414569,45,female,84002,Finance,Urban,High School,Married
513417432,44,male,86855,Healthcare,Suburban,PhD+,Married
513420210,42,male,53903,Manufacturing,Urban,Some College,Single
513420396,54,female,73297,Services,Suburban,Bachelor's,Divorced
513420842,41,female,117216,Finance,Rural,Master's,Divorced
513422923,28,male,65130,Finance,Urban,Bachelor's,Single
513427889,32,male,62622,Finance,Urban,Master's,Single
513428645,39,female,84123,Technology,Urban,PhD+,Married
513429072,28,female,111387,Healthcare,Suburban,Master's,Single
513430752,39,female,94329,Healthcare,Urban,PhD+,Single
513432198,38,male,51348,Healthcare,Urban,Bachelor's,Married
513434534,31,female,79950,Technology,Urban,Bachelor's,Single
513436259,31,female,67343,Technology,Suburban,Master's,Married
513436514,39,male,69901,Manufacturing,Suburban,High School,Married
513436515,46,female,62640,Manufacturing,Suburban,Some College,Married
513436649,55,female,75927,Manufacturing,Suburban,PhD+,Married
513437067,40,male,100097,Technology,Urban,Master's,Married
513437340,46,female,56406,Technology,Rural,High School,Married
513438032,49,female,77655,Healthcare,Suburban,Master's,Divorced
513438254,45,female,102867,Manufacturing,Urban,High School,Married
513439788,40,female,62513,Finance,Suburban,Bachelor's,Married
513440857,44,female,81419,Technology,Suburban,PhD+,Married
513440876,38,male,89192,Education,Urban,Master's,Married
513442364,46,male,67555,Technology,Urban,Bachelor's,Married
513442787,40,female,59613,Finance,Urban,Master's,Married
513443507,37,female,46629,Healthcare,Urban,Master's,Divorced
513443617,34,female,69790,Technology,Urban,Bachelor's,Married
513443933,67,male,103671,Technology,Urban,Master's,Married
513444451,63,male,125542,Healthcare,Urban,Master's,Single
513444645,50,male,113939,Technology,Suburban,Some College,Married
513444686,53,female,72380,Services,Urban,High School,Married
513446512,40,female,56576,Manufacturing,Rural,Bachelor's,Single
513446714,31,male,77391,Retail,Urban,Some College,Single
513447053,34,male,58680,Technology,Suburban,Bachelor's,Single
513447087,40,male,89012,Education,Suburban,Master's,Married
513447574,40,male,63290,Technology,Urban,PhD+,Married
513448580,33,female,88211,Finance,Suburban,Bachelor's,Married
513449035,51,female,83252,Education,Urban,Bachelor's,Married
513449550,39,female,100264,Manufacturing,Suburban,Bachelor's,Married
513449804,51,male,64513,Healthcare,Urban,Some College,Married
513449854,30,male,53221,Technology,Urban,Bachelor's,Married
513449927,36,male,72154,Technology,Urban,Bachelor's,Married
513451722,44,female,43991,Manufacturing,Urban,Bachelor's,Married
513452999,44,female,63434,Finance,Urban,Bachelor's,Single
513453234,37,female,72099,Finance,Urban,Master's,Married
513453631,56,female,133190,Manufacturing,Suburban,High School,Married
513454836,40,female,76870,Retail,Suburban,Some College,Divorced
513456014,36,male,86803,Healthcare,Urban,PhD+,Divorced
513456192,47,female,71581,Finance,Suburban,Some College,Divorced
513457041,35,male,89839,Healthcare,Urban,Bachelor's,Married
513457510,42,male,82294,Healthcare,Urban,Some College,Married
513457523,33,female,60986,Finance,Urban,Bachelor's,Married
513457710,42,female,48233,Manufacturing,Suburban,High School,Married
513459720,24,male,61880,Healthcare,Urban,Bachelor's,Single
513460801,53,male,83544,Healthcare,Urban,Some College,Divorced
513461162,41,female,44436,Finance,Urban,Master's,Married
513461842,43,female,89204,Finance,Urban,PhD+,Married
513462436,31,male,48013,Retail,Urban,High School,Single
513463509,41,female,43019,Finance,Urban,Master's,Married
513463965,39,male,86880,Finance,Suburban,Master's,Married
513464414,37,female,68464,Finance,Urban,Master's,Married
513464873,37,male,76825,Finance,Suburban,Bachelor's,Married
513465266,37,male,85904,Education,Suburban,PhD+,Married
513465928,28,female,37587,Manufacturing,Rural,High School,Single
513465930,37,male,70783,Finance,Suburban,PhD+,Married
513466406,35,male,86456,Technology,Urban,Bachelor's,Married
513466883,61,male,70570,Manufacturing,Urban,Bachelor's,Married
513467835,53,female,80393,Finance,Urban,Bachelor's,Single
513467850,34,female,54839,Other,Suburban,Some College,Single
513468106,40,female,91863,Manufacturing,Suburban,High School,Married
513468332,38,female,84842,Services,Urban,High School,Divorced
513468755,44,male,74062,Technology,Urban,Master's,Divorced
513470563,40,female,77882,Education,Rural,Master's,Single
513470895,46,female,66254,Other,Urban,High School,Married
513470999,34,male,100494,Technology,Urban,High School,Single
513471846,34,male,61852,Manufacturing,Suburban,PhD+,Single
513471939,19,female,95501,Healthcare,Urban,Bachelor's,Single
513472357,28,male,82530,Manufacturing,Rural,Master's,Single
513472701,40,female,71607,Manufacturing,Urban,High School,Divorced
513472772,49,male,106595,Finance,Urban,Bachelor's,Married
513473076,50,female,81828,Retail,Suburban,PhD+,Single
513473667,40,male,114764,Healthcare,Suburban,Bachelor's,Married
513474723,42,male,72787,Retail,Suburban,Master's,Married
513475329,42,male,76494,Manufacturing,Suburban,Bachelor's,Married
513475663,41,male,101260,Healthcare,Urban,Bachelor's,Married
513476697,41,female,80415,Services,Urban,High School,Married
513477221,31,male,44479,Technology,Urban,Bachelor's,Married
513478301,39,male,69187,Education,Suburban,Master's,Married
513479118,25,female,70727,Healthcare,Urban,Master's,Single
513481469,43,female,107356,Technology,Suburban,Bachelor's,Single
513485286,40,male,36361,Healthcare,Rural,PhD+,Married
513485314,31,male,43355,Education,Urban,PhD+,Divorced
513486040,36,female,76872,Healthcare,Suburban,Bachelor's,Married
513489780,48,male,81973,Finance,Urban,PhD+,Single
513490232,35,female,92494,Education,Rural,PhD+,Married
513490297,47,male,40824,Healthcare,Urban,Bachelor's,Divorced
513490629,34,male,94857,Services,Urban,High School,Single
513490786,44,male,54384,Manufacturing,Urban,Some College,Married
513492489,26,male,65069,Finance,Urban,Bachelor's,Married
513492674,31,female,43414,Services,Suburban,High School,Single
513493437,39,female,94602,Finance,Urban,PhD+,Married
513494086,46,female,94629,Technology,Suburban,PhD+,Single
513494934,36,female,85501,Finance,Urban,Bachelor's,Married
513498662,42,male,68873,Finance,Rural,Bachelor's,Single
513499424,35,female,67770,Finance,Urban,PhD+,Married
513500099,38,male,77201,Technology,Urban,Master's,Married
513500611,42,male,103709,Finance,Urban,Bachelor's,Married
513500650,51,female,99097,Services,Rural,High School,Married
513501803,38,male,81651,Technology,Urban,Bachelor's,Divorced
513502742,42,male,51776,Services,Urban,Some College,Divorced
513502897,35,female,53409,Manufacturing,Urban,High School,Married
513503095,34,male,29464,Healthcare,Urban,High School,Married
513504093,34,female,32580,Education,Urban,Bachelor's,Married
513505581,42,female,86935,Manufacturing,Suburban,Some College,Divorced
513506800,49,male,102253,Technology,Urban,Bachelor's,Married
513508022,47,female,33443,Education,Rural,Master's,Married
513510681,55,male,123276,Manufacturing,Urban,High School,Married
513512276,29,female,53937,Finance,Urban,Bachelor's,Married
513512951,41,female,51424,Finance,Urban,Bachelor's,Single
513514036,41,male,40219,Education,Urban,PhD+,Married
513514381,44,female,74166,Healthcare,Suburban,Bachelor's,Married
513514985,35,male,40655,Manufacturing,Rural,Bachelor's,Single
513516188,40,female,110202,Education,Suburban,Bachelor's,Married
513516571,23,female,33999,Services,Urban,Bachelor's,Single
513516822,47,female,109874,Healthcare,Urban,Master's,Married
513521125,51,male,79438,Education,Suburban,Master's,Widowed
513521471,37,male,33463,Retail,Urban,Master's,Married
513525654,41,male,68610,Healthcare,Urban,Master's,Married
513526894,44,male,126779,Finance,Urban,Bachelor's,Married
513530951,43,female,40396,Technology,Urban,Bachelor's,Married
513531657,31,male,108593,Finance,Suburban,Master's,Single
513532433,33,female,43847,Technology,Urban,PhD+,Married
513538339,39,female,52690,Manufacturing,Urban,Some College,Married
513539423,26,female,103691,Technology,Urban,PhD+,Single
513539969,55,female,102354,Healthcare,Urban,PhD+,Married
513540140,42,female,77366,Finance,Suburban,Bachelor's,Married
513541682,39,female,78317,Technology,Urban,Master's,Married
513542130,33,male,79772,Healthcare,Urban,Bachelor's,Single
513542620,55,male,92810,Healthcare,Urban,Bachelor's,Divorced
513542916,47,female,63774,Healthcare,Urban,Bachelor's,Divorced
513543106,50,female,99634,Healthcare,Urban,Bachelor's,Married
513543400,48,male,38002,Retail,Suburban,Master's,Married
513545789,38,female,109293,Finance,Urban,High School,Divorced
513547152,39,female,63783,Education,Urban,Master's,Married
513548796,48,male,64874,Finance,Urban,Bachelor's,Married
513548930,38,female,50725,Healthcare,Urban,Bachelor's,Married
513552041,29,female,79606,Manufacturing,Urban,Some College,Single
513552250,37,female,79738,Services,Urban,Bachelor's,Single
513555445,38,male,45192,Healthcare,Urban,PhD+,Married
513555446,41,female,96944,Manufacturing,Suburban,Some College,Single
513556255,33,female,95671,Retail,Urban,Bachelor's,Married
513557840,35,male,78868,Services,Urban,Bachelor's,Married
513557857,41,female,43336,Technology,Urban,High School,Married
513558661,52,male,145001,Technology,Urban,Bachelor's,Married
513558980,27,female,59261,Finance,Urban,Bachelor's,Single
513559248,44,male,74481,Finance,Urban,Master's,Married
513562464,49,female,72336,Healthcare,Suburban,Bachelor's,Married
513568705,48,female,101255,Finance,Urban,Master's,Married
513570601,41,female,69861,Healthcare,Urban,Some College,Divorced
513570854,38,male,53830,Finance,Urban,Bachelor's,Married
513571592,37,male,56113,Manufacturing,Urban,High School,Divorced
513571755,32,male,76496,Technology,Urban,PhD+,Married
513572077,40,male,73562,Healthcare,Urban,High School,Married
513573617,45,female,62224,Manufacturing,Urban,Bachelor's,Divorced
513575525,47,female,93083,Healthcare,Urban,Bachelor's,Divorced
513576466,35,male,34684,Manufacturing,Urban,Bachelor's,Married
513577251,43,male,79341,Manufacturing,Urban,Some College,Divorced
513578173,52,male,125968,Healthcare,Suburban,Some College,Married
513578305,49,male,63777,Healthcare,Rural,Bachelor's,Married
513580618,40,male,74326,Finance,Urban,Bachelor's,Married
513581031,49,male,74499,Manufacturing,Suburban,Bachelor's,Single
513581033,31,female,82107,Services,Urban,Bachelor's,Single
513582274,47,female,100508,Manufacturing,Suburban,Bachelor's,Married
513585027,47,female,89271,Education,Suburban,Master's,Single
513586787,56,male,112710,Services,Suburban,High School,Divorced
513586841,43,male,55369,Education,Urban,Bachelor's,Married
513587033,48,male,68346,Retail,Urban,Some College,Married
513587296,41,male,67431,Retail,Urban,Bachelor's,Married
513587640,37,male,49733,Healthcare,Urban,Bachelor's,Divorced
513587982,33,male,42127,Healthcare,Suburban,Some College,Married
513588537,60,male,110641,Other,Suburban,Bachelor's,Married
513588651,31,female,44963,Technology,Urban,Master's,Married
513589966,32,female,33794,Healthcare,Rural,Master's,Single
513590675,40,female,56598,Education,Urban,Master's,Married
513593102,46,female,63382,Education,Urban,PhD+,Married
513593270,37,female,44368,Technology,Suburban,PhD+,Divorced
513594697,37,female,69994,Healthcare,Urban,Bachelor's,Single
513595943,50,male,133068,Manufacturing,Urban,High School,Married
513599499,48,male,102034,Healthcare,Suburban,Bachelor's,Married
513600184,46,female,61373,Healthcare,Urban,Some College,Married
513600478,40,male,54918,Finance,Urban,PhD+,Divorced
513600775,45,male,52436,Services,Urban,High School,Married
513601176,41,male,30463,Services,Rural,Bachelor's,Single
513601925,37,female,40243,Services,Urban,High School,Married
513602225,32,female,93023,Technology,Urban,Bachelor's,Married
513604005,32,female,34354,Retail,Rural,Bachelor's,Single
513604454,34,female,76284,Manufacturing,Rural,High School,Married
513604486,34,female,53046,Healthcare,Urban,Master's,Married
513605466,45,female,76342,Technology,Suburban,PhD+,Divorced
513605573,38,female,48609,Healthcare,Rural,Bachelor's,Married
513605608,37,male,77808,Technology,Urban,Master's,Married
513607229,45,male,81086,Healthcare,Urban,Master's,Single
513607333,44,female,76757,Manufacturing,Urban,High School,Married
513608266,36,female,59732,Education,Urban,Master's,Divorced
513609379,45,male,63434,Finance,Urban,Bachelor's,Divorced
513609448,21,male,74674,Education,Urban,Master's,Single
513610041,45,male,74311,Finance,Urban,Some College,Married
513610756,45,male,112614,Technology,Urban,Bachelor's,Married
513611029,49,male,66129,Services,Suburban,Bachelor's,Single
513611277,26,female,81349,Technology,Urban,Bachelor's,Divorced
513611507,38,male,57170,Technology,Urban,Bachelor's,Married
513611726,45,male,130267,Technology,Urban,Bachelor's,Divorced
513612493,53,male,96947,Technology,Suburban,Master's,Married
513613574,46,male,80858,Retail,Urban,Master's,Married
513615185,49,male,99775,Healthcare,Urban,Some College,Divorced
513615437,32,female,59835,Technology,Urban,Bachelor's,Married
513615911,49,male,75553,Healthcare,Urban,Bachelor's,Married
513615943,40,female,104919,Technology,Urban,Bachelor's,Married
513616839,41,male,33955,Healthcare,Urban,Bachelor's,Divorced
513616948,44,female,66393,Services,Urban,High School,Married
513618100,46,male,108661,Technology,Urban,Master's,Married
513618387,40,female,61698,Services,Urban,Bachelor's,Married
513618727,44,female,93475,Education,Urban,Master's,Married
513619433,55,female,104488,Finance,Suburban,Bachelor's,Single
513619654,57,male,93976,Education,Suburban,Bachelor's,Divorced
513620269,53,female,61501,Other,Rural,High School,Divorced
513620928,43,male,64018,Finance,Urban,Bachelor's,Married
513621137,47,male,83668,Education,Urban,Master's,Married
513623917,41,female,55499,Technology,Suburban,Master's,Married
513624040,47,female,91043,Technology,Suburban,Some College,Single
513624831,44,female,70344,Education,Urban,Master's,Single
513625601,44,female,80432,Education,Urban,PhD+,Married
513626393,30,male,59161,Retail,Urban,High School,Divorced
513626852,33,female,94289,Technology,Urban,Master's,Single
513627619,45,female,94775,Retail,Suburban,High School,Single
513630011,28,female,49599,Technology,Suburban,Master's,Single
513630409,48,female,76700,Technology,Urban,Master's,Married
513630467,43,male,69313,Healthcare,Urban,Master's,Divorced
513630853,36,female,35798,Healthcare,Urban,Bachelor's,Married
513633813,33,male,89364,Healthcare,Suburban,Bachelor's,Married
513633848,41,female,37695,Education,Urban,Bachelor's,Married
513633990,30,female,35416,Healthcare,Suburban,Bachelor's,Single
513634460,49,male,66748,Education,Urban,Bachelor's,Married
513636176,52,female,101799,Finance,Suburban,Bachelor's,Married
513636886,29,female,65011,Technology,Urban,High School,Married
513636992,41,female,26137,Healthcare,Urban,Bachelor's,Single
513637414,40,male,64637,Finance,Urban,Some College,Married
513638511,37,female,38279,Education,Suburban,Master's,Married
513640726,53,male,67202,Finance,Urban,Bachelor's,Married
513641752,51,female,105008,Healthcare,Suburban,PhD+,Widowed
513643647,44,male,102340,Finance,Urban,Bachelor's,Married
513645900,51,female,96859,Education,Urban,PhD+,Married
513646859,56,male,78427,Education,Urban,PhD+,Married
513648928,33,female,65953,Finance,Urban,Master's,Single
513650521,47,female,91007,Manufacturing,Suburban,High School,Married
513652104,57,male,60235,Finance,Urban,PhD+,Married
513652183,49,female,82577,Healthcare,Urban,Bachelor's,Married
513652890,31,female,51952,Education,Suburban,Master's,Divorced
513653430,44,female,57777,Finance,Suburban,Some College,Married
513654625,27,male,67285,Healthcare,Urban,PhD+,Single
513655279,41,male,88444,Technology,Suburban,Bachelor's,Married
513655309,33,female,64494,Finance,Suburban,Some College,Single
513656534,44,male,124497,Education,Rural,Master's,Married
513656866,47,female,80582,Finance,Suburban,Master's,Widowed
513657093,27,male,82870,Technology,Urban,Master's,Married
513657415,36,female,49918,Healthcare,Urban,Master's,Single
513658050,52,female,52302,Education,Urban,Master's,Married
513658146,42,male,90050,Healthcare,Suburban,Master's,Married
513658783,46,male,81387,Finance,Urban,Some College,Single
513659274,48,female,97085,Technology,Urban,Master's,Married
513660915,45,male,63151,Retail,Urban,Some College,Married
513661634,37,female,47534,Technology,Urban,Master's,Divorced
513661837,40,female,74477,Technology,Urban,Master's,Married
513663893,56,male,68306,Manufacturing,Suburban,Master's,Married
513667493,36,male,74178,Finance,Urban,Master's,Married
513668206,35,female,65523,Technology,Urban,Bachelor's,Married
513670856,49,male,79338,Retail,Suburban,High School,Married
513671445,36,female,35563,Retail,Rural,Master's,Single
513671632,49,female,71132,Manufacturing,Urban,High School,Married
513673582,31,female,75926,Technology,Suburban,High School,Single
513674098,31,female,25000,Retail,Suburban,Master's,Married
513674548,41,female,105565,Finance,Urban,High School,Single
513677488,31,male,106071,Education,Suburban,Master's,Married
513681003,45,female,64982,Education,Urban,Bachelor's,Married
513682042,32,female,103766,Finance,Suburban,Some College,Divorced
513684228,48,female,130383,Technology,Urban,PhD+,Married
513685704,32,male,79840,Retail,Urban,Some College,Married
513685792,47,male,109423,Healthcare,Suburban,Bachelor's,Married
513685980,34,male,25000,Education,Urban,Bachelor's,Single
513686371,42,female,90491,Manufacturing,Suburban,High School,Married
513686469,33,female,108959,Technology,Suburban,PhD+,Single
513689284,40,male,69333,Manufacturing,Suburban,High School,Married
513689377,27,female,104685,Education,Suburban,PhD+,Single
513690457,35,male,119607,Manufacturing,Suburban,Some College,Married
513691135,38,male,115994,Healthcare,Rural,Master's,Single
513692897,32,female,77234,Healthcare,Suburban,Some College,Single
513693255,45,female,90886,Healthcare,Urban,Bachelor's,Married
513694694,37,female,48798,Technology,Urban,Bachelor's,Married
513694783,27,female,106682,Technology,Suburban,Some College,Single
513696089,34,male,67880,Technology,Suburban,Master's,Married
513696881,41,male,46561,Retail,Suburban,Some College,Married
513696915,41,male,75011,Technology,Urban,Master's,Married
513698424,52,male,81136,Education,Urban,Master's,Married
513698519,32,female,87429,Services,Urban,Bachelor's,Married
513700314,46,male,96234,Manufacturing,Suburban,Some College,Married
513701116,39,female,77437,Retail,Rural,High School,Single
513703420,32,male,63112,Services,Urban,Some College,Married
513707372,43,male,117086,Technology,Suburban,Master's,Married
513707835,29,male,50468,Healthcare,Suburban,Some College,Married
513709139,45,male,54319,Healthcare,Urban,PhD+,Married
513709731,36,female,47307,Education,Suburban,Master's,Married
513714166,50,female,72967,Other,Suburban,Bachelor's,Married
513716248,41,male,89230,Technology,Urban,Master's,Married
513718697,32,male,37141,Retail,Suburban,High School,Single
513718724,40,male,78396,Healthcare,Urban,Some College,Divorced
513718865,51,female,93112,Healthcare,Rural,Bachelor's,Widowed
513719479,39,female,63597,Finance,Suburban,High School,Married
513719895,38,male,72924,Manufacturing,Urban,High School,Married
513720264,41,female,108962,Manufacturing,Suburban,Some College,Single
513720275,29,male,69110,Technology,Suburban,Some College,Married
513720339,47,female,100120,Manufacturing,Urban,Bachelor's,Single
513721512,55,male,91475,Finance,Urban,Master's,Married
513722624,45,male,97817,Education,Suburban,Bachelor's,Married
513724422,44,female,62124,Healthcare,Suburban,Bachelor's,Married
513724601,48,male,74973,Technology,Urban,Bachelor's,Married
513725542,37,male,67366,Healthcare,Suburban,PhD+,Married
513726142,54,male,92407,Finance,Urban,Bachelor's,Married
513726266,51,female,101800,Finance,Suburban,Bachelor's,Married
513726482,40,male,90807,Technology,Suburban,Bachelor's,Married
513727707,33,female,62838,Technology,Urban,Bachelor's,Single
513729169,47,male,76650,Healthcare,Suburban,PhD+,Married
513733148,43,male,32803,Finance,Urban,PhD+,Single
513733178,47,male,78377,Services,Urban,High School,Divorced
513733580,48,female,74690,Technology,Urban,Bachelor's,Married
513733750,38,male,60653,Education,Suburban,Master's,Single
513735003,36,female,44272,Services,Urban,High School,Married
513735858,43,male,70353,Technology,Urban,PhD+,Married
513736013,46,female,73660,Technology,Urban,Master's,Divorced
513736511,41,female,67799,Healthcare,Urban,Bachelor's,Single
513737082,35,male,95591,Technology,Urban,Bachelor's,Married
513738483,44,female,105939,Technology,Suburban,PhD+,Married
513739673,39,female,86379,Healthcare,Urban,Bachelor's,Married
513739739,31,female,48115,Education,Suburban,PhD+,Single
513742585,42,female,64804,Finance,Urban,Bachelor's,Married
513742846,35,female,75560,Healthcare,Suburban,Bachelor's,Married
513749438,32,female,69892,Finance,Urban,Bachelor's,Married
513749662,40,female,83051,Finance,Urban,Some College,Married
513751939,25,female,78049,Manufacturing,Suburban,Bachelor's,Married
513753992,40,male,59651,Technology,Urban,Bachelor's,Married
513754189,49,female,108380,Finance,Urban,Bachelor's,Married
513754375,36,female,65612,Education,Urban,Bachelor's,Married
513755522,47,male,83695,Technology,Urban,High School,Married
513756631,45,female,77198,Healthcare,Rural,Bachelor's,Married
513757927,38,female,63919,Healthcare,Urban,Master's,Single
513758628,35,male,57348,Services,Rural,Some College,Married
513759559,38,female,96672,Finance,Urban,Master's,Single
513763372,33,male,71435,Technology,Urban,Bachelor's,Married
513763550,33,female,68471,Technology,Suburban,Bachelor's,Single
513763797,51,female,79529,Healthcare,Urban,Bachelor's,Married
513763809,38,male,66904,Manufacturing,Urban,Some College,Married
513765510,45,female,79746,Finance,Urban,Bachelor's,Divorced
513767810,42,female,110260,Education,Urban,Bachelor's,Married
513767845,41,female,74306,Technology,Rural,Some College,Married
513770541,55,male,75371,Education,Urban,PhD+,Married
513771311,42,female,104191,Education,Urban,High School,Married
513772325,53,female,77416,Finance,Urban,Some College,Married
513774131,43,female,52497,Finance,Urban,Bachelor's,Single
513778820,35,female,92078,Manufacturing,Urban,Bachelor's,Divorced
513778968,53,female,68083,Manufacturing,Urban,Bachelor's,Divorced
513782876,33,female,81393,Finance,Urban,Bachelor's,Single
513783584,43,female,63894,Education,Urban,Master's,Married
513786681,49,female,125185,Healthcare,Suburban,PhD+,Married
513788348,50,female,47404,Education,Urban,Master's,Married
513788846,43,female,63139,Services,Urban,Master's,Single
513790910,38,female,65857,Finance,Urban,PhD+,Married
513792819,23,male,72981,Manufacturing,Rural,High School,Single
513793186,49,male,90879,Manufacturing,Suburban,High School,Married
513796467,31,female,65233,Finance,Urban,Bachelor's,Single
513798370,38,female,90953,Healthcare,Suburban,PhD+,Married
513798581,44,male,85498,Technology,Suburban,Bachelor's,Married
513798770,27,female,67395,Services,Suburban,Bachelor's,Married
513799101,46,male,118401,Technology,Urban,Master's,Married
513799575,38,female,61400,Education,Suburban,PhD+,Married
513800606,39,female,75446,Manufacturing,Rural,Bachelor's,Married
513802339,41,male,65550,Healthcare,Urban,Some College,Married
513803020,47,female,96569,Technology,Urban,PhD+,Single
513803932,39,female,45078,Retail,Suburban,High School,Divorced
513806668,42,female,69696,Finance,Urban,Master's,Married
513810829,44,male,88259,Finance,Urban,Master's,Married
513811834,43,female,96503,Finance,Urban,Master's,Married
513812585,33,female,74166,Education,Urban,Master's,Married
513812750,40,male,103298,Education,Suburban,PhD+,Married
513814512,50,female,66624,Healthcare,Urban,Master's,Married
513815195,42,female,87510,Education,Suburban,Master's,Married
513816621,30,female,85724,Technology,Urban,Master's,Single
513819673,41,male,92494,Healthcare,Suburban,Bachelor's,Divorced
513821014,49,female,45596,Services,Urban,High School,Married
513821336,45,female,36263,Finance,Urban,Master's,Single
513821708,51,female,99368,Manufacturing,Urban,High School,Married
513822434,39,female,71601,Services,Suburban,Bachelor's,Married
513822993,43,female,85567,Healthcare,Urban,Bachelor's,Married
513823662,38,female,64053,Finance,Urban,PhD+,Married
513823820,30,female,32643,Other,Urban,Some College,Single
513824664,50,female,90660,Education,Suburban,Master's,Married
513825741,36,male,45365,Retail,Suburban,Bachelor's,Married
513826719,34,male,45336,Finance,Urban,Bachelor's,Married
513827680,29,female,73232,Healthcare,Urban,Bachelor's,Single
513827765,48,male,102392,Finance,Suburban,PhD+,Married
513833840,47,female,93417,Technology,Suburban,PhD+,Married
513834380,36,male,40425,Finance,Rural,Bachelor's,Divorced
513835415,38,female,57025,Technology,Urban,Bachelor's,Married
513836038,45,female,101323,Retail,Rural,High School,Single
513837386,45,female,98362,Finance,Suburban,Bachelor's,Married
513837832,36,female,77512,Retail,Suburban,Some College,Married
513837842,48,female,76291,Services,Suburban,Some College,Married
513838536,43,male,84792,Retail,Urban,High School,Married
513840045,39,male,84989,Healthcare,Suburban,Some College,Married
513840479,34,male,111865,Technology,Urban,Some College,Married
513841853,32,male,59763,Services,Urban,Bachelor's,Married
513842130,41,male,92616,Services,Urban,Bachelor's,Single
513843306,55,female,80572,Education,Rural,Master's,Married
513847031,32,male,67734,Technology,Urban,Master's,Single
513847693,42,male,62558,Services,Urban,High School,Divorced
513848337,44,female,109562,Healthcare,Urban,Bachelor's,Married
513848536,34,male,43683,Technology,Suburban,Master's,Single
513849031,49,female,126806,Finance,Urban,Bachelor's,Married
513849864,49,male,73436,Services,Urban,Some College,Married
513850642,45,male,62488,Healthcare,Urban,Some College,Married
513850803,43,female,72837,Education,Urban,PhD+,Married
513850945,48,male,102794,Education,Urban,Master's,Married
513851038,19,female,70681,Healthcare,Suburban,High School,Single
513851127,35,male,101076,Technology,Urban,Some College,Widowed
513851568,34,female,79501,Healthcare,Urban,Bachelor's,Married
513851738,37,male,56926,Education,Urban,PhD+,Married
513853205,32,male,33708,Education,Urban,Master's,Single
513855113,25,male,78844,Retail,Urban,Some College,Single
513855516,44,female,55345,Technology,Urban,PhD+,Married
513856670,23,male,53109,Manufacturing,Urban,High School,Single
513859637,44,female,55887,Healthcare,Urban,Bachelor's,Married
513859656,33,male,62708,Technology,Urban,Bachelor's,Married
513860525,42,female,83337,Finance,Urban,Bachelor's,Married
513861005,48,male,110594,Manufacturing,Urban,High School,Divorced
513861817,48,male,103704,Healthcare,Suburban,Bachelor's,Single
513863841,41,female,62283,Finance,Urban,Bachelor's,Married
513865046,46,female,131196,Finance,Suburban,Some College,Married
513866875,44,female,106730,Finance,Suburban,Master's,Married
513867371,34,female,91489,Finance,Suburban,High School,Single
513867834,50,female,115224,Healthcare,Suburban,Bachelor's,Married
513869276,48,female,91951,Manufacturing,Suburban,Master's,Divorced
513872628,45,female,68065,Technology,Urban,Bachelor's,Divorced
513874735,32,female,82032,Healthcare,Rural,Master's,Married
513876885,44,male,102673,Technology,Urban,Master's,Single
513879058,41,female,73342,Manufacturing,Urban,Bachelor's,Married
513879218,32,male,85724,Finance,Suburban,Bachelor's,Single
513879686,59,male,148819,Technology,Suburban,Bachelor's,Married
513881576,32,male,60429,Finance,Urban,Bachelor's,Single
513882914,46,female,50086,Healthcare,Rural,PhD+,Married
513884125,39,female,65340,Finance,Suburban,Bachelor's,Single
513884339,46,male,30090,Healthcare,Urban,PhD+,Married
513885386,41,male,91440,Technology,Urban,Master's,Married
513887486,41,female,59795,Finance,Urban,High School,Married
513888813,26,female,36441,Services,Urban,Bachelor's,Single
513889479,38,male,64090,Technology,Urban,Bachelor's,Married
513889916,59,female,129090,Education,Suburban,Master's,Married
513890373,39,male,53880,Technology,Urban,Bachelor's,Married
513893057,40,female,77831,Manufacturing,Suburban,Bachelor's,Married
513894074,44,male,41924,Technology,Urban,Bachelor's,Married
513896020,47,male,47239,Technology,Suburban,Some College,Divorced
513900355,31,male,43416,Services,Urban,Bachelor's,Married
513900714,41,female,84975,Manufacturing,Suburban,Bachelor's,Married
513901547,26,female,34135,Services,Urban,Some College,Married
513904541,39,male,107718,Retail,Suburban,High School,Married
513906371,48,male,75645,Services,Suburban,Bachelor's,Single
513908394,40,female,55572,Education,Suburban,PhD+,Single
513911811,43,female,65123,Manufacturing,Suburban,High School,Married
513913317,44,male,68529,Healthcare,Urban,Some College,Married
513914293,32,male,43156,Manufacturing,Urban,High School,Married
513914993,41,male,78208,Education,Suburban,Master's,Married
513917406,34,female,63891,Finance,Urban,Bachelor's,Single
513920070,52,male,47878,Education,Suburban,Master's,Married
513920490,41,female,55926,Technology,Urban,Master's,Married
513920664,46,female,47320,Education,Urban,Master's,Divorced
513928164,52,male,74951,Healthcare,Urban,PhD+,Married
513930833,44,female,67051,Finance,Urban,Master's,Single
513931070,42,male,96283,Services,Suburban,Bachelor's,Married
513938393,38,male,87748,Finance,Urban,PhD+,Divorced
513945809,34,female,50468,Education,Rural,Master's,Married
513953597,63,female,111100,Education,Urban,High School,Married
513957339,35,female,111374,Education,Urban,Master's,Divorced
513958666,27,male,44943,Healthcare,Urban,Some College,Single
513960186,36,male,62040,Retail,Urban,Bachelor's,Single
513960231,25,male,57732,Finance,Urban,Bachelor's,Single
513964408,42,female,60992,Technology,Urban,Some College,Divorced
513964440,46,male,67184,Healthcare,Urban,Bachelor's,Married
513966565,28,female,30057,Technology,Suburban,PhD+,Single
513969593,22,male,78576,Retail,Urban,Some College,Single
513973773,24,male,53530,Education,Urban,Master's,Single
513976008,43,male,79748,Technology,Urban,Master's,Divorced
513979894,39,male,85856,Technology,Suburban,Master's,Single
513980748,33,female,98319,Finance,Urban,PhD+,Single
513981659,34,female,56015,Finance,Urban,PhD+,Single
513983569,42,male,89213,Services,Rural,High School,Married
513985285,44,male,80843,Other,Urban,Bachelor's,Married
513986636,36,female,109235,Healthcare,Urban,Bachelor's,Married
513988525,45,female,83810,Education,Urban,PhD+,Married
513989620,49,female,85211,Technology,Suburban,Master's,Divorced
513989725,39,female,76801,Technology,Urban,PhD+,Divorced
513989944,42,male,58485,Retail,Suburban,High School,Married
513990901,32,female,85421,Technology,Urban,Master's,Single
513993207,43,male,81333,Education,Rural,Bachelor's,Divorced
513995482,35,male,75836,Other,Suburban,Some College,Married
513996740,36,male,90606,Healthcare,Urban,Bachelor's,Divorced
513997680,39,male,77898,Technology,Suburban,High School,Married
513999798,40,female,68012,Services,Urban,High School,Married
514000707,53,male,110115,Finance,Suburban,Bachelor's,Married
514001176,49,male,74099,Services,Rural,Some College,Married
514001747,44,female,87141,Education,Urban,Bachelor's,Married
514005961,32,female,99216,Education,Urban,Master's,Married
514007045,28,male,60325,Retail,Suburban,Master's,Single
514007762,33,male,42198,Finance,Suburban,Bachelor's,Single
514008784,28,female,70581,Technology,Suburban,Bachelor's,Married
514010316,47,male,75246,Finance,Urban,Master's,Married
514015919,42,female,98792,Healthcare,Suburban,Master's,Married
514019655,35,male,55660,Education,Urban,PhD+,Single
514020540,39,female,106147,Finance,Urban,Bachelor's,Married
514023876,37,male,53722,Technology,Urban,Master's,Married
514024978,50,female,149602,Technology,Suburban,Master's,Divorced
514025064,39,male,82550,Education,Suburban,PhD+,Divorced
514027336,33,male,64862,Education,Urban,Master's,Single
514028499,49,male,75803,Healthcare,Urban,PhD+,Single
514029282,48,male,83844,Finance,Urban,Bachelor's,Single
514031512,40,female,71786,Healthcare,Suburban,PhD+,Married
514032452,35,male,81238,Education,Suburban,PhD+,Married
514032953,52,female,77248,Education,Suburban,PhD+,Single
514033336,40,male,84051,Education,Rural,Master's,Married
514033905,31,male,69989,Finance,Urban,Bachelor's,Married
514034185,36,male,25000,Education,Suburban,PhD+,Married
514036287,43,female,79830,Education,Urban,Master's,Married
514038052,35,female,61504,Finance,Suburban,Bachelor's,Divorced
514038838,39,male,78701,Other,Urban,Some College,Divorced
514040303,35,male,102107,Services,Urban,High School,Married
514041607,33,female,78220,Other,Urban,Bachelor's,Married
514042440,38,male,47909,Technology,Urban,Bachelor's,Divorced
514043622,28,female,74488,Healthcare,Suburban,Master's,Single
514044714,34,female,82946,Technology,Urban,Bachelor's,Married
514046445,36,female,66685,Manufacturing,Suburban,Some College,Married
514047641,38,female,87561,Manufacturing,Suburban,High School,Married
514047694,33,male,70055,Finance,Urban,Bachelor's,Single
514048946,23,female,39570,Services,Urban,High School,Single
514051247,41,female,78726,Healthcare,Urban,Bachelor's,Married
514054290,45,male,54486,Finance,Urban,Bachelor's,Divorced
514055577,53,male,111889,Education,Urban,Some College,Married
514060912,45,female,87379,Finance,Suburban,Master's,Married
514066031,46,male,110727,Technology,Suburban,PhD+,Single
514066699,50,male,83997,Education,Urban,Some College,Married
514067688,52,male,121753,Technology,Suburban,Bachelor's,Married
514069702,55,female,131349,Technology,Suburban,Bachelor's,Married
514069909,56,male,102186,Healthcare,Suburban,Bachelor's,Single
514070411,37,male,61432,Healthcare,Urban,Bachelor's,Married
514071608,30,male,70689,Healthcare,Urban,Bachelor's,Married
514073981,40,male,43532,Services,Urban,Some College,Married
514074113,36,female,70209,Services,Suburban,High School,Married
514075085,42,male,83445,Healthcare,Suburban,Master's,Married
514076033,44,female,100125,Technology,Suburban,Master's,Married
514076386,48,female,103388,Finance,Urban,PhD+,Married
514077195,38,male,78893,Education,Suburban,PhD+,Married
514080260,35,female,63176,Healthcare,Suburban,Bachelor's,Married
514081421,55,male,74934,Manufacturing,Suburban,Some College,Married
514082909,45,female,68577,Healthcare,Urban,Bachelor's,Married
514086447,44,female,108502,Technology,Urban,Bachelor's,Divorced
514088696,46,female,76482,Education,Urban,Bachelor's,Married
514089774,30,male,76808,Finance,Urban,Bachelor's,Single
514090842,38,male,53251,Education,Urban,Bachelor's,Single
514091027,48,female,76116,Technology,Urban,Master's,Married
514093235,48,male,46530,Healthcare,Urban,PhD+,Divorced
514094277,40,female,89686,Healthcare,Urban,Bachelor's,Married
514094875,38,female,74315,Technology,Urban,Bachelor's,Divorced
514095128,31,male,127184,Technology,Suburban,Master's,Single
514099617,36,female,55960,Education,Urban,Bachelor's,Married
514100586,47,female,27060,Retail,Urban,Master's,Single
514101364,44,female,81193,Services,Urban,Bachelor's,Married
514101943,28,male,84547,Technology,Suburban,Bachelor's,Married
514105814,41,female,34177,Retail,Urban,Some College,Married
514106566,40,female,53530,Technology,Urban,PhD+,Single
514108328,33,female,104307,Technology,Suburban,Bachelor's,Single
514109019,43,female,89867,Technology,Urban,Some College,Married
514109101,44,male,105658,Finance,Urban,Bachelor's,Widowed
514112367,38,male,28972,Manufacturing,Rural,Some College,Married
514112492,31,female,41687,Technology,Urban,Bachelor's,Single
514112643,23,male,82598,Services,Urban,Bachelor's,Single
514113169,58,male,63461,Finance,Urban,Master's,Married
514113270,36,female,104620,Technology,Rural,Some College,Single
514117949,33,female,59660,Services,Urban,Bachelor's,Single
514121229,33,female,87209,Healthcare,Urban,Bachelor's,Single
514122088,46,female,53488,Retail,Urban,Master's,Single
514123826,36,male,77703,Education,Urban,PhD+,Single
514126160,32,male,38916,Retail,Suburban,High School,Married
514126174,43,male,90298,Technology,Suburban,PhD+,Married
514127132,42,female,43942,Education,Urban,PhD+,Married
514134834,47,female,76619,Technology,Urban,Bachelor's,Single
514135157,39,female,56700,Healthcare,Urban,Master's,Married
514136322,32,male,52349,Finance,Suburban,PhD+,Married
514137345,56,male,144629,Technology,Suburban,Bachelor's,Married
514141355,38,female,51565,Finance,Urban,PhD+,Single
514143768,46,male,83908,Finance,Urban,PhD+,Single
514143829,41,female,75691,Technology,Urban,Bachelor's,Married
514144824,36,female,84150,Finance,Urban,High School,Married
514150493,49,female,136035,Retail,Suburban,Bachelor's,Married
514150574,46,female,43873,Healthcare,Urban,Bachelor's,Married
514150962,49,male,124026,Services,Suburban,High School,Single
514151468,43,male,81977,Healthcare,Suburban,Some College,Divorced
514151949,28,male,65572,Healthcare,Rural,Master's,Married
514152602,49,female,91433,Finance,Suburban,Master's,Married
514154460,41,male,88574,Finance,Rural,Master's,Married
514155788,52,female,104522,Manufacturing,Urban,High School,Married
514156418,51,male,100685,Education,Suburban,Master's,Married
514156733,44,male,55979,Education,Urban,Master's,Married
514157373,43,female,88206,Technology,Suburban,Master's,Married
514158181,35,male,71038,Technology,Rural,Bachelor's,Married
514160399,46,female,88687,Technology,Suburban,Master's,Married
514163007,43,male,62910,Technology,Suburban,Bachelor's,Married
514165022,54,male,128665,Education,Urban,PhD+,Divorced
514165597,48,female,91328,Healthcare,Suburban,Master's,Divorced
514165755,34,male,59546,Technology,Urban,Bachelor's,Married
514166675,42,male,93528,Technology,Suburban,Bachelor's,Married
514169015,39,male,42764,Finance,Suburban,Master's,Divorced
514173173,43,female,120869,Healthcare,Suburban,Bachelor's,Single
514174014,42,male,72943,Finance,Urban,Master's,Married
514174170,41,female,70363,Finance,Urban,Some College,Married
514175570,40,female,98842,Healthcare,Urban,Bachelor's,Married
514176363,23,female,46807,Education,Suburban,Master's,Single
514177047,45,female,74393,Retail,Suburban,Some College,Married
514181767,38,male,57469,Technology,Urban,Bachelor's,Divorced
514185389,36,female,63692,Manufacturing,Suburban,High School,Married
514187757,49,female,94414,Healthcare,Suburban,Bachelor's,Married
514188288,36,female,62003,Technology,Rural,Some College,Divorced
514190571,30,female,41260,Services,Urban,Bachelor's,Single
514192675,37,female,37541,Retail,Urban,High School,Married
514193675,47,female,46729,Education,Urban,Bachelor's,Married
514196349,38,male,95687,Technology,Urban,Bachelor's,Single
514196832,36,female,92728,Technology,Suburban,High School,Married
514197022,50,male,71409,Healthcare,Suburban,Bachelor's,Married
514199051,40,female,89239,Education,Urban,Master's,Single
514200027,55,male,96473,Other,Suburban,Bachelor's,Married
514200590,41,male,63132,Healthcare,Suburban,Bachelor's,Married
514203536,30,male,54882,Technology,Suburban,Master's,Single
514213198,41,male,85395,Technology,Urban,PhD+,Married
514216661,35,male,53287,Education,Urban,Master's,Married
514222221,34,female,71054,Other,Suburban,Master's,Married
514227005,36,male,70539,Technology,Urban,Master's,Divorced
514228219,36,female,74287,Manufacturing,Urban,High School,Married
514232122,33,female,65459,Services,Suburban,Bachelor's,Single
514233013,42,female,99527,Education,Suburban,Bachelor's,Married
514233058,27,female,96607,Technology,Urban,PhD+,Married
514234342,33,male,88793,Education,Suburban,Master's,Married
514235416,47,male,73515,Retail,Suburban,Bachelor's,Married
514236583,42,female,73203,Healthcare,Urban,Bachelor's,Married
514238961,45,female,50737,Healthcare,Urban,Bachelor's,Divorced
514239069,45,female,84217,Healthcare,Suburban,Bachelor's,Single
514239108,57,female,147906,Education,Suburban,Master's,Divorced
514242500,39,male,94930,Healthcare,Urban,PhD+,Married
514246023,55,male,95942,Education,Suburban,Master's,Married
514252454,47,male,102508,Technology,Urban,Some College,Married
514252741,51,female,90821,Healthcare,Suburban,PhD+,Married
514252758,43,male,45213,Finance,Urban,Bachelor's,Married
514253380,47,male,69285,Finance,Rural,PhD+,Divorced
514254588,45,male,82232,Manufacturing,Suburban,Bachelor's,Divorced
514255921,36,male,82163,Education,Rural,Master's,Married
514256710,43,male,87512,Finance,Suburban,Bachelor's,Married
514258030,48,female,117157,Education,Urban,PhD+,Married
514260684,51,male,94449,Finance,Urban,Bachelor's,Married
514261728,38,female,86736,Education,Urban,PhD+,Married
514262938,58,male,166330,Finance,Urban,Bachelor's,Married
514263685,32,male,77731,Education,Urban,Master's,Married
514263826,59,male,95054,Technology,Urban,Bachelor's,Married
514264737,35,male,42578,Services,Urban,Bachelor's,Married
514265156,39,male,97905,Manufacturing,Suburban,Bachelor's,Married
514266786,43,female,55796,Services,Suburban,Bachelor's,Married
514267365,49,female,63901,Healthcare,Urban,Bachelor's,Divorced
514267940,39,male,90944,Technology,Urban,Bachelor's,Married
514270388,39,female,75607,Healthcare,Suburban,Master's,Single
514271483,35,female,87503,Education,Urban,Bachelor's,Married
514271639,24,female,67459,Manufacturing,Suburban,Bachelor's,Single
514272466,35,male,90665,Services,Suburban,Master's,Single
514272849,36,male,67685,Services,Suburban,Bachelor's,Single
514273111,34,male,69620,Retail,Rural,Bachelor's,Married
514274356,31,male,78524,Services,Urban,Some College,Married
514275148,46,male,106039,Manufacturing,Urban,Some College,Married
514276196,35,male,65777,Manufacturing,Suburban,Master's,Divorced
514277767,40,male,84729,Technology,Urban,High School,Married
514279855,41,female,51330,Finance,Suburban,Master's,Single
514281359,48,male,105224,Technology,Suburban,Bachelor's,Married
514281391,46,male,107045,Manufacturing,Rural,Some College,Divorced
514285048,27,male,104713,Healthcare,Suburban,Bachelor's,Single
514286893,43,male,78799,Services,Urban,Bachelor's,Married
514290236,25,female,60525,Technology,Urban,Bachelor's,Married
514290340,33,male,83381,Healthcare,Suburban,Master's,Married
514291898,34,female,76355,Education,Rural,Master's,Married
514293841,49,male,82816,Technology,Urban,High School,Married
514297242,47,male,33184,Healthcare,Urban,Master's,Married
514297309,56,male,78584,Healthcare,Urban,Master's,Married
514298296,47,male,85252,Education,Suburban,Master's,Married
514299751,58,female,81459,Manufacturing,Urban,High School,Married
514300126,41,female,78922,Technology,Urban,Bachelor's,Married
514300154,39,male,69205,Finance,Urban,Master's,Married
514301348,39,male,94600,Healthcare,Suburban,High School,Single
514301598,53,male,117486,Education,Rural,Master's,Single
514302873,45,female,39271,Services,Suburban,Some College,Married
514303365,42,female,77740,Education,Urban,Master's,Married
514303773,51,male,98358,Education,Suburban,PhD+,Divorced
514304577,42,male,101824,Manufacturing,Suburban,Master's,Single
514306566,31,female,83774,Healthcare,Suburban,Master's,Married
514306986,39,male,55139,Retail,Urban,High School,Married
514307722,45,male,94233,Technology,Urban,Bachelor's,Married
514308499,41,male,74264,Finance,Urban,Master's,Single
514309029,53,female,81905,Manufacturing,Suburban,Some College,Married
514311060,47,female,96132,Technology,Suburban,Master's,Married
514311861,30,male,31206,Healthcare,Rural,Master's,Single
514313044,51,male,87723,Healthcare,Suburban,Master's,Divorced
514315636,40,male,43221,Education,Suburban,Master's,Married
514316645,45,male,105243,Finance,Rural,Bachelor's,Married
514317414,23,female,80353,Manufacturing,Suburban,Bachelor's,Single
514317530,34,female,90926,Technology,Rural,Master's,Married
514319694,30,female,70457,Retail,Suburban,High School,Single
514326466,41,female,86114,Manufacturing,Urban,High School,Married
514333021,34,male,60604,Manufacturing,Urban,Bachelor's,Married
514334346,47,male,52990,Education,Suburban,Master's,Married
514335214,44,female,97636,Healthcare,Suburban,Bachelor's,Married
514339967,36,male,70204,Manufacturing,Suburban,Bachelor's,Married
514341193,42,male,82086,Technology,Suburban,Some College,Married
514342180,37,male,85214,Finance,Urban,PhD+,Married
514342916,35,female,84080,Technology,Urban,Master's,Married
514343538,24,female,63238,Retail,Suburban,Master's,Single
514344533,43,female,68623,Education,Urban,PhD+,Widowed
514344846,30,male,82854,Technology,Suburban,Bachelor's,Single
514345415,46,female,88442,Technology,Urban,Bachelor's,Single
514346719,53,male,103247,Finance,Urban,Master's,Married
514346814,33,female,80884,Technology,Urban,Bachelor's,Married
514350210,43,female,81186,Technology,Urban,Bachelor's,Married
514350393,42,female,46079,Retail,Urban,Some College,Single
514350441,48,male,76872,Finance,Urban,Bachelor's,Married
514351342,32,male,84383,Services,Suburban,Some College,Single
514352398,38,female,85366,Services,Suburban,High School,Married
514354939,27,male,52458,Education,Suburban,PhD+,Single
514359283,53,male,125390,Finance,Urban,Bachelor's,Married
514359974,32,female,60267,Retail,Urban,High School,Married
514363601,35,male,59828,Technology,Urban,Bachelor's,Married
514369504,49,male,76736,Education,Urban,PhD+,Married
514371219,35,male,37799,Education,Urban,Master's,Married
514373969,38,male,46849,Technology,Urban,PhD+,Married
514375180,43,female,65346,Education,Suburban,Master's,Married
514375340,37,male,70226,Finance,Urban,Master's,Married
514375448,52,female,92539,Manufacturing,Rural,Master's,Divorced
514378340,38,male,139502,Education,Urban,Master's,Married
514380657,41,female,63218,Manufacturing,Urban,Master's,Married
514382580,39,female,46837,Services,Suburban,High School,Single
514383939,46,male,102268,Technology,Urban,Master's,Married
514386925,34,male,51850,Services,Suburban,High School,Single
514387048,28,male,44961,Technology,Urban,Bachelor's,Single
514390549,29,female,97370,Healthcare,Urban,Master's,Married
514392131,29,female,73988,Education,Urban,PhD+,Single
514397619,37,female,88893,Education,Suburban,Master's,Divorced
514402593,41,female,90799,Healthcare,Suburban,Some College,Married
514402940,26,female,32418,Education,Urban,Master's,Married
514403389,33,female,74822,Technology,Urban,Master's,Single
514408940,28,female,60524,Education,Suburban,Master's,Single
514409675,40,male,56566,Healthcare,Urban,PhD+,Married
514410397,44,female,49412,Technology,Urban,PhD+,Single
514411483,40,male,47120,Other,Rural,High School,Divorced
514413462,50,female,93964,Healthcare,Suburban,Bachelor's,Married
514413718,43,male,67748,Finance,Suburban,High School,Married
514414046,44,female,98276,Technology,Urban,Bachelor's,Married
514415733,52,male,93375,Healthcare,Urban,Some College,Single
514417843,51,male,77505,Education,Rural,Bachelor's,Divorced
514418703,21,male,75814,Services,Suburban,Some College,Single
514420097,36,female,68506,Technology,Urban,Master's,Married
514420291,38,female,84386,Manufacturing,Urban,Bachelor's,Married
514421597,22,female,92548,Education,Urban,Master's,Married
514422927,38,male,110343,Education,Suburban,Master's,Single
514424033,39,male,104393,Technology,Urban,Bachelor's,Married
514424447,45,female,71013,Retail,Suburban,High School,Married
514424933,27,male,96262,Technology,Urban,Some College,Single
514426330,42,male,86655,Services,Suburban,High School,Married
514427784,30,male,95880,Healthcare,Suburban,Bachelor's,Single
514427815,38,female,76335,Retail,Urban,High School,Married
514428340,44,female,91536,Education,Urban,Bachelor's,Married
514428777,31,male,69301,Technology,Suburban,Bachelor's,Single
514430049,51,male,140467,Finance,Suburban,Master's,Married
514432320,35,male,33334,Healthcare,Suburban,Master's,Married
514433371,58,male,95641,Manufacturing,Urban,PhD+,Divorced
514433819,37,female,65219,Finance,Suburban,Master's,Married
514434021,35,female,63255,Education,Urban,Master's,Married
514434045,41,male,66747,Education,Urban,Master's,Divorced
514434119,41,female,64820,Technology,Urban,Bachelor's,Married
514435216,39,female,86559,Technology,Suburban,Bachelor's,Married
514435263,44,female,118757,Manufacturing,Urban,Some College,Single
514435400,42,female,88367,Education,Suburban,Master's,Single
514436886,40,female,28984,Education,Urban,PhD+,Married
514437869,34,female,50985,Finance,Urban,Bachelor's,Single
514441546,45,female,68078,Healthcare,Urban,Bachelor's,Married
514444217,30,female,70444,Services,Urban,Some College,Married
514444304,49,male,102352,Education,Urban,Bachelor's,Single
514446713,43,female,30899,Education,Suburban,Some College,Married
514447247,42,male,77293,Finance,Suburban,Bachelor's,Married
514448189,31,male,61146,Healthcare,Urban,Bachelor's,Married
514448697,35,male,53298,Services,Urban,Some College,Married
514449103,50,male,46968,Education,Urban,Bachelor's,Divorced
514451455,46,female,81859,Finance,Urban,Bachelor's,Married
514453622,36,female,25924,Education,Suburban,PhD+,Married
514453716,30,male,79118,Healthcare,Suburban,Bachelor's,Married
514456540,36,female,65034,Healthcare,Suburban,Bachelor's,Married
514456554,44,female,78324,Retail,Urban,Bachelor's,Married
514456592,39,female,25713,Education,Urban,High School,Married
514456907,30,female,63744,Healthcare,Urban,Bachelor's,Married
514458022,40,female,89239,Healthcare,Urban,Bachelor's,Married
514458221,50,male,114043,Healthcare,Urban,Bachelor's,Married
514460473,40,female,55898,Retail,Urban,Bachelor's,Married
514460642,34,female,66890,Technology,Rural,Master's,Single
514462285,33,female,89189,Technology,Urban,Some College,Married
514464119,55,male,140763,Education,Suburban,Master's,Married
514466921,43,female,98041,Finance,Urban,Bachelor's,Married
514467664,36,female,99479,Technology,Urban,PhD+,Married
514468902,48,male,104201,Healthcare,Suburban,Master's,Married
514471393,24,female,68170,Technology,Suburban,Bachelor's,Single
514472590,37,female,98325,Education,Suburban,Bachelor's,Married
514473281,31,female,75831,Technology,Rural,Bachelor's,Married
514473839,23,male,25000,Services,Urban,Master's,Married
514474048,39,female,74011,Manufacturing,Urban,Some College,Married
514474149,46,male,86300,Other,Urban,Master's,Married
514476774,45,male,40758,Technology,Urban,Master's,Married
514477169,41,female,111766,Education,Rural,Master's,Married
514478331,34,female,59386,Healthcare,Urban,Master's,Married
514478721,31,female,87341,Finance,Suburban,Some College,Single
514480777,41,male,115725,Education,Urban,Bachelor's,Married
514483292,30,female,50321,Technology,Urban,Bachelor's,Married
514484212,38,male,74265,Services,Suburban,Some College,Divorced
514485098,44,male,62815,Retail,Urban,High School,Married
514485298,45,female,65149,Finance,Suburban,Master's,Married
514487324,32,female,59251,Other,Suburban,High School,Married
514488436,37,female,41164,Healthcare,Suburban,PhD+,Married
514490591,36,male,106161,Finance,Urban,Bachelor's,Married
514490671,51,male,92193,Finance,Suburban,Master's,Married
514490674,37,female,40500,Education,Suburban,Master's,Married
514491061,48,male,93031,Finance,Suburban,Bachelor's,Divorced
514492527,36,male,32424,Healthcare,Rural,Some College,Single
514494056,37,female,63053,Manufacturing,Urban,Bachelor's,Married
514496129,54,female,92845,Manufacturing,Rural,High School,Married
514499634,31,female,63497,Technology,Urban,Master's,Single
514502819,29,male,37048,Retail,Urban,Some College,Divorced
514503140,43,male,98377,Technology,Suburban,PhD+,Married
514503798,30,male,90350,Technology,Suburban,Bachelor's,Single
514505996,32,male,31846,Services,Urban,Master's,Married
514506103,35,male,85133,Finance,Urban,Bachelor's,Married
514507635,59,male,110683,Manufacturing,Urban,High School,Married
514509438,35,male,96391,Healthcare,Urban,Master's,Single
514509480,44,female,101653,Technology,Urban,Master's,Married
514509805,47,female,80078,Education,Suburban,Master's,Divorced
514510326,36,male,69592,Technology,Urban,PhD+,Married
514510652,30,male,35529,Healthcare,Urban,Master's,Single
514511806,49,female,81605,Manufacturing,Suburban,Bachelor's,Single
514511885,33,male,35151,Manufacturing,Suburban,Bachelor's,Single
514512217,43,female,70503,Technology,Urban,Some College,Married
514512868,40,male,59651,Services,Urban,Bachelor's,Single
514513015,41,male,53809,Technology,Urban,Bachelor's,Divorced
514513375,41,female,78418,Technology,Urban,Bachelor's,Divorced
514513555,42,female,112300,Technology,Urban,High School,Married
514514554,49,male,99789,Healthcare,Suburban,Master's,Married
514514815,46,female,61544,Finance,Urban,Bachelor's,Widowed
514515127,33,female,69157,Manufacturing,Rural,Bachelor's,Single
514516869,49,male,74636,Healthcare,Urban,Bachelor's,Single
514518079,46,male,61357,Education,Suburban,PhD+,Married
514519633,38,male,64394,Services,Urban,High School,Married
514521233,48,male,75562,Healthcare,Urban,Bachelor's,Married
514521829,49,male,80734,Education,Urban,Master's,Married
514523743,47,female,89580,Education,Urban,Bachelor's,Married
514525038,59,female,66803,Retail,Suburban,Bachelor's,Married
514525357,40,female,66164,Finance,Urban,Bachelor's,Married
514525750,57,male,113350,Education,Suburban,Master's,Married
514525933,41,female,71784,Retail,Urban,High School,Divorced
514527050,38,male,104931,Services,Urban,Some College,Married
514527774,40,male,92101,Education,Suburban,PhD+,Married
514528118,44,male,56943,Healthcare,Urban,Bachelor's,Divorced
514528378,50,male,81434,Manufacturing,Suburban,High School,Married
514528996,48,male,133310,Technology,Suburban,Bachelor's,Married
514529615,38,male,54114,Education,Suburban,Bachelor's,Divorced
514529823,47,male,58296,Manufacturing,Rural,High School,Married
514529957,39,male,52146,Healthcare,Urban,Bachelor's,Married
514530778,43,female,53251,Education,Suburban,Some College,Married
514532158,51,male,92886,Finance,Suburban,PhD+,Married
514533134,43,male,96876,Manufacturing,Suburban,Some College,Single
514533798,39,male,58107,Technology,Urban,Some College,Married
514535247,40,female,45962,Technology,Urban,PhD+,Single
514537035,29,male,67544,Retail,Urban,Master's,Married
514541145,39,male,67818,Finance,Urban,High School,Divorced
514542119,37,female,99060,Manufacturing,Rural,Bachelor's,Married
514542181,37,female,61191,Manufacturing,Urban,Some College,Single
514545513,54,female,88241,Services,Urban,High School,Married
514547286,53,male,75315,Manufacturing,Suburban,High School,Single
514548524,46,female,35219,Manufacturing,Rural,Bachelor's,Married
514548718,43,male,87666,Manufacturing,Suburban,Some College,Married
514549369,27,female,56552,Education,Suburban,Master's,Single
514549721,46,female,89829,Healthcare,Urban,Master's,Married
514549955,53,male,96438,Technology,Suburban,Master's,Divorced
514551259,42,male,72462,Education,Rural,PhD+,Married
514551428,36,female,71938,Finance,Urban,PhD+,Married
514552539,46,female,81300,Healthcare,Urban,Some College,Divorced
514553855,38,male,77443,Finance,Urban,Master's,Married
514553936,51,female,61957,Technology,Urban,Master's,Married
514555222,44,female,86767,Retail,Urban,High School,Married
514556139,41,female,79849,Healthcare,Suburban,Master's,Married
514557603,44,male,93293,Finance,Suburban,Bachelor's,Married
514562442,51,male,69182,Services,Urban,PhD+,Married
514564096,49,male,122930,Finance,Urban,Bachelor's,Married
514568402,46,male,87556,Healthcare,Urban,Bachelor's,Single
514570781,44,female,83961,Finance,Urban,Some College,Married
514571113,27,male,65734,Technology,Urban,Some College,Married
514575229,34,male,69535,Technology,Urban,PhD+,Married
514581166,42,male,83218,Technology,Suburban,Bachelor's,Married
514581382,47,male,109533,Finance,Suburban,PhD+,Married
514583694,38,male,95047,Finance,Urban,High School,Single
514584964,40,male,56631,Technology,Urban,Master's,Married
514586893,63,male,109859,Technology,Urban,PhD+,Married
514587407,40,male,62457,Finance,Suburban,Master's,Married
514589757,61,female,107671,Manufacturing,Suburban,Bachelor's,Married
514594747,38,female,109314,Healthcare,Urban,Master's,Married
514594821,39,female,49356,Healthcare,Urban,PhD+,Married
514595060,49,male,112782,Education,Suburban,Master's,Married
514596143,52,male,57530,Services,Urban,Some College,Married
514596557,49,female,67351,Education,Urban,Master's,Single
514598428,49,male,36620,Retail,Urban,High School,Single
514604338,37,female,46034,Retail,Urban,Some College,Married
514605506,33,male,66191,Retail,Urban,High School,Single
514607254,48,male,126087,Finance,Urban,Master's,Divorced
514607383,24,female,51517,Healthcare,Urban,Master's,Single
514607839,43,male,85689,Technology,Suburban,Bachelor's,Divorced
514607852,31,female,75020,Retail,Suburban,High School,Single
514608576,39,female,53539,Education,Urban,Bachelor's,Married
514608889,40,female,49617,Technology,Urban,Master's,Married
514613077,47,female,67478,Technology,Urban,PhD+,Married
514613508,31,male,86157,Technology,Suburban,PhD+,Married
514617784,33,female,88221,Finance,Urban,Bachelor's,Single
514619474,44,male,97793,Finance,Suburban,PhD+,Married
514619818,53,female,97636,Technology,Urban,Master's,Divorced
514620016,44,male,70508,Technology,Urban,Bachelor's,Married
514620495,42,male,72946,Manufacturing,Suburban,Bachelor's,Married
514620992,41,male,97539,Finance,Urban,Master's,Married
514621477,52,male,104438,Education,Urban,Master's,Married
514623940,49,male,63312,Healthcare,Rural,Bachelor's,Married
514626550,48,male,73530,Other,Urban,Bachelor's,Married
514626933,30,male,65084,Technology,Urban,PhD+,Single
514628861,42,male,76670,Finance,Urban,PhD+,Single
514630492,40,female,63838,Finance,Urban,Master's,Divorced
514630760,42,female,83006,Manufacturing,Urban,Some College,Married
514631257,46,male,78153,Healthcare,Urban,Bachelor's,Married
514631967,43,female,57725,Services,Urban,Master's,Married
514634821,32,male,110959,Finance,Suburban,Bachelor's,Single
514637066,38,male,62095,Education,Urban,PhD+,Married
514639299,32,female,66995,Technology,Urban,Bachelor's,Single
514644593,50,female,97626,Finance,Urban,Bachelor's,Single
514646129,27,female,69078,Healthcare,Suburban,Bachelor's,Divorced
514647264,29,male,63527,Services,Urban,High School,Married
514649263,32,female,63577,Services,Suburban,High School,Divorced
514649432,44,male,63302,Healthcare,Suburban,PhD+,Married
514650038,64,female,115392,Manufacturing,Suburban,Master's,Married
514650617,41,male,81291,Services,Urban,Bachelor's,Married
514651264,47,male,100687,Education,Urban,Master's,Married
514653466,22,male,33472,Retail,Urban,Master's,Single
514653685,50,male,110874,Healthcare,Urban,Bachelor's,Married
514654134,48,male,90065,Education,Suburban,Master's,Married
514654755,26,male,64372,Technology,Urban,Bachelor's,Married
514654860,47,male,75014,Healthcare,Urban,Bachelor's,Divorced
514655450,30,female,87369,Technology,Suburban,Some College,Married
514655904,41,female,88024,Manufacturing,Suburban,Some College,Divorced
514656592,40,female,59889,Education,Urban,Master's,Married
514659201,32,male,71150,Technology,Suburban,Bachelor's,Single
514659295,28,female,76288,Manufacturing,Urban,High School,Married
514662828,52,female,46434,Manufacturing,Rural,Master's,Divorced
514664139,36,male,43562,Technology,Urban,Master's,Married
514664615,29,male,80311,Finance,Suburban,Bachelor's,Married
514665896,45,female,80692,Education,Suburban,PhD+,Married
514666781,19,male,54638,Healthcare,Urban,Master's,Single
514667905,52,female,80231,Manufacturing,Suburban,High School,Divorced
514668960,33,male,56801,Services,Urban,High School,Divorced
514669338,36,male,43333,Manufacturing,Rural,Bachelor's,Married
514669443,36,male,40497,Finance,Urban,Some College,Married
514669575,29,female,45110,Finance,Urban,Bachelor's,Married
514669835,42,male,83684,Technology,Urban,Bachelor's,Married
514673063,45,male,65018,Services,Urban,High School,Married
514674341,51,male,102455,Finance,Urban,Master's,Divorced
514675187,31,male,25000,Education,Urban,PhD+,Married
514676041,42,male,94162,Finance,Urban,Bachelor's,Married
514676494,41,male,66638,Technology,Urban,Master's,Married
514676945,43,female,70787,Retail,Suburban,High School,Married
514681306,32,male,101185,Technology,Suburban,Bachelor's,Single
514681960,37,male,34525,Retail,Urban,Master's,Married
514685518,41,male,81221,Healthcare,Suburban,Bachelor's,Married
514686176,53,female,95232,Finance,Suburban,PhD+,Widowed
514689393,46,male,25000,Education,Suburban,Master's,Married
514689802,39,male,105899,Education,Rural,Master's,Divorced
514689816,41,female,109249,Retail,Rural,Bachelor's,Married
514691152,47,female,71343,Healthcare,Urban,High School,Married
514691538,44,male,82240,Education,Suburban,PhD+,Divorced
514691675,47,female,103814,Technology,Urban,Bachelor's,Married
514692408,26,male,46657,Manufacturing,Suburban,Some College,Married
514693378,48,male,100237,Finance,Urban,Master's,Married
514694996,32,male,54084,Healthcare,Urban,Bachelor's,Single
514695202,33,female,77522,Healthcare,Suburban,Master's,Single
514695782,33,female,36710,Technology,Suburban,High School,Married
514697648,49,female,86316,Finance,Urban,Bachelor's,Single
514697814,39,male,78784,Healthcare,Urban,Master's,Married
514698231,54,female,82942,Education,Suburban,Bachelor's,Single
514698712,41,male,78069,Technology,Urban,Master's,Married
514701814,44,male,46596,Manufacturing,Urban,Some College,Married
514702154,32,female,87267,Retail,Urban,High School,Married
514703152,45,male,39976,Education,Urban,Master's,Married
514704623,33,male,44231,Finance,Urban,Master's,Married
514705935,58,male,120645,Education,Suburban,PhD+,Married
514707591,29,female,65241,Education,Suburban,Master's,Single
514709165,40,female,72879,Manufacturing,Urban,Bachelor's,Married
514709421,39,female,66503,Services,Urban,Some College,Married
514711568,28,male,58648,Healthcare,Urban,Master's,Married
514713637,45,female,114695,Technology,Suburban,Master's,Married
514713944,32,female,87789,Services,Urban,Master's,Married
514715714,41,female,121364,Healthcare,Urban,Bachelor's,Married
514716309,30,female,56067,Finance,Urban,Master's,Married
514717123,38,female,102235,Technology,Suburban,Bachelor's,Divorced
514718634,49,female,80647,Technology,Rural,Some College,Married
514718711,30,female,39240,Technology,Urban,PhD+,Single
514720150,29,female,89862,Services,Suburban,Some College,Married
514722600,29,male,47406,Healthcare,Urban,PhD+,Married
514722767,39,female,88374,Services,Rural,High School,Married
514724295,36,female,98932,Healthcare,Rural,Bachelor's,Married
514726490,36,female,51599,Education,Urban,Bachelor's,Divorced
514726837,27,female,92740,Retail,Urban,Bachelor's,Married
514727164,41,female,78927,Education,Urban,PhD+,Married
514727553,44,male,62217,Finance,Urban,Some College,Married
514729588,25,male,87178,Technology,Urban,Master's,Married
514730533,34,female,93220,Healthcare,Urban,Master's,Married
514733066,31,female,64685,Retail,Suburban,Some College,Married
514733891,50,male,94885,Technology,Urban,Bachelor's,Married
514735188,36,female,36529,Services,Suburban,High School,Married
514736617,51,male,76604,Education,Urban,Master's,Divorced
514738137,44,female,105362,Services,Suburban,Bachelor's,Married
514741525,36,female,65523,Healthcare,Urban,Master's,Married
514742595,40,female,78871,Healthcare,Urban,Bachelor's,Divorced
514747735,43,female,75379,Education,Suburban,Master's,Married
514747968,38,female,102696,Education,Suburban,Master's,Divorced
514749043,40,female,68524,Healthcare,Urban,PhD+,Married
514749798,27,female,35251,Other,Suburban,Bachelor's,Married
514750241,40,male,88334,Manufacturing,Suburban,High School,Divorced
514753423,54,female,123614,Education,Suburban,Master's,Married
514754584,32,female,59657,Education,Urban,PhD+,Single
514755577,43,female,87337,Finance,Urban,High School,Married
514755769,42,female,89385,Finance,Urban,PhD+,Married
514755784,53,male,70792,Healthcare,Urban,High School,Divorced
514756971,43,female,93141,Manufacturing,Suburban,High School,Married
514758804,39,male,42205,Education,Rural,Bachelor's,Married
514759179,43,female,96748,Healthcare,Urban,Bachelor's,Single
514762301,48,female,127794,Finance,Urban,Master's,Single
514763242,37,female,48178,Services,Urban,Bachelor's,Married
514764391,37,male,60734,Services,Urban,Bachelor's,Married
514765504,27,female,54041,Technology,Urban,Bachelor's,Divorced
514765564,26,male,34675,Healthcare,Urban,Master's,Married
514765752,36,male,64749,Finance,Urban,Master's,Married
514769927,46,female,69059,Services,Suburban,Master's,Single
514771135,43,female,63040,Healthcare,Urban,High School,Married
514771831,44,female,96511,Finance,Urban,Bachelor's,Divorced
514772504,46,male,105090,Finance,Urban,Bachelor's,Married
514773996,48,male,133442,Technology,Suburban,Bachelor's,Divorced
514775072,51,male,75060,Manufacturing,Suburban,High School,Married
514778642,45,female,130467,Finance,Urban,Bachelor's,Married
514779155,26,female,47084,Technology,Suburban,Bachelor's,Married
514779401,35,male,58113,Education,Urban,PhD+,Divorced
514779830,42,male,130205,Healthcare,Urban,Bachelor's,Married
514780351,34,male,33283,Retail,Urban,High School,Married
514781011,35,female,45484,Technology,Suburban,Bachelor's,Married
514781227,53,female,104237,Technology,Urban,Master's,Married
514782512,48,male,66993,Manufacturing,Suburban,Some College,Married
514782669,46,female,65512,Education,Urban,Master's,Married
514783355,41,female,127553,Healthcare,Urban,Bachelor's,Single
514784553,31,female,56759,Healthcare,Suburban,Master's,Single
514787283,53,female,56178,Services,Urban,Master's,Married
514788677,39,male,62965,Retail,Urban,High School,Single
514789128,24,male,32921,Services,Urban,Bachelor's,Single
514789247,46,female,85819,Manufacturing,Urban,High School,Married
514794168,28,male,40089,Education,Urban,Master's,Single
514794228,45,female,108897,Healthcare,Suburban,Some College,Divorced
514794390,43,male,61670,Other,Urban,High School,Married
514797839,37,male,87457,Retail,Suburban,Some College,Married
514799274,53,male,89411,Technology,Suburban,Master's,Married
514799731,50,male,72443,Manufacturing,Suburban,High School,Married
514802508,39,female,64423,Education,Urban,PhD+,Single
514803560,50,female,67117,Finance,Urban,High School,Divorced
514803675,44,male,69006,Manufacturing,Suburban,High School,Single
514815044,43,male,68213,Healthcare,Urban,Bachelor's,Divorced
514815543,47,male,108054,Education,Suburban,Master's,Married
514815958,46,male,48985,Manufacturing,Suburban,Bachelor's,Married
514817723,45,male,106052,Technology,Suburban,Master's,Divorced
514818149,36,male,80204,Services,Urban,Some College,Married
514819080,39,male,137488,Finance,Suburban,Bachelor's,Married
514819181,55,female,98672,Finance,Urban,Master's,Married
514824940,33,female,65943,Services,Urban,High School,Married
514825178,41,male,54200,Technology,Rural,High School,Married
514825480,44,female,107894,Education,Urban,Some College,Married
514826061,37,female,80877,Finance,Urban,PhD+,Married
514828720,36,female,51116,Education,Urban,Bachelor's,Divorced
514830194,27,male,52372,Healthcare,Urban,Bachelor's,Married
514832659,38,male,63640,Education,Suburban,Some College,Married
514836814,29,female,66931,Manufacturing,Urban,Bachelor's,Single
514836889,43,female,85701,Manufacturing,Suburban,Some College,Married
514837112,50,male,71034,Technology,Urban,Some College,Married
514838406,44,male,77579,Education,Urban,PhD+,Married
514839977,51,female,101329,Finance,Urban,Bachelor's,Married
514844850,43,female,39333,Manufacturing,Urban,High School,Married
514846832,41,female,99360,Technology,Suburban,PhD+,Single
514847418,29,male,100841,Technology,Urban,Master's,Single
514851863,41,female,26466,Manufacturing,Suburban,High School,Single
514856595,43,female,88346,Retail,Urban,Bachelor's,Married
514859962,50,female,134189,Education,Suburban,PhD+,Married
514861103,49,male,64710,Healthcare,Suburban,Bachelor's,Married
514865678,32,female,79923,Services,Urban,High School,Single
514872123,47,male,74187,Finance,Urban,Bachelor's,Married
514876069,43,male,74190,Healthcare,Suburban,Some College,Divorced
514879260,27,female,62745,Technology,Rural,Bachelor's,Married
514880608,42,male,55072,Healthcare,Urban,PhD+,Divorced
514882507,38,male,69040,Education,Suburban,Master's,Divorced
514883546,39,female,99644,Healthcare,Suburban,Bachelor's,Married
514887180,49,female,74278,Manufacturing,Urban,High School,Married
514887999,46,male,79304,Finance,Urban,Bachelor's,Divorced
514893033,50,female,99655,Healthcare,Suburban,Master's,Married
514893704,42,male,80223,Services,Suburban,Some College,Married
514893707,38,female,74950,Finance,Urban,PhD+,Married
514897302,42,female,67650,Healthcare,Urban,High School,Single
514900906,45,female,86203,Manufacturing,Suburban,Bachelor's,Married
514904609,43,female,52417,Manufacturing,Suburban,Bachelor's,Married
514905236,42,female,78938,Services,Suburban,High School,Married
514908090,39,male,79297,Finance,Urban,Master's,Married
514908231,29,male,78522,Technology,Suburban,Master's,Married
514909292,48,male,90310,Finance,Urban,Bachelor's,Married
514909608,35,male,71996,Services,Urban,Bachelor's,Divorced
514912105,51,female,73083,Finance,Suburban,Bachelor's,Widowed
514915843,55,female,122315,Finance,Urban,PhD+,Married
514916654,41,male,57229,Education,Urban,Bachelor's,Married
514919674,53,female,69318,Manufacturing,Urban,High School,Single
514921955,31,male,81209,Education,Suburban,PhD+,Married
514923627,34,male,79400,Finance,Urban,PhD+,Married
514924911,42,female,37253,Retail,Suburban,Master's,Married
514925541,39,female,109681,Healthcare,Suburban,High School,Married
514926380,50,female,50057,Education,Urban,Some College,Married
514926425,48,female,35809,Manufacturing,Suburban,PhD+,Married
514927575,37,female,78015,Finance,Suburban,Bachelor's,Married
514927932,48,male,116773,Finance,Urban,PhD+,Married
514928461,42,male,93634,Technology,Urban,High School,Married
514930949,47,male,88336,Education,Suburban,Bachelor's,Divorced
514933697,45,female,73025,Healthcare,Urban,Bachelor's,Married
514933978,43,male,58888,Education,Urban,Bachelor's,Married
514935891,31,female,62299,Other,Urban,Some College,Married
514935919,49,male,78485,Retail,Urban,Master's,Married
514936487,50,female,101983,Education,Suburban,PhD+,Divorced
514938314,51,male,80482,Technology,Urban,Bachelor's,Married
514941946,42,male,66042,Finance,Suburban,Master's,Divorced
514942605,48,female,126964,Healthcare,Suburban,Master's,Married
514942952,52,female,82456,Retail,Urban,Bachelor's,Married
514945956,43,male,64834,Healthcare,Suburban,Master's,Married
514947557,26,female,25000,Technology,Urban,Master's,Married
514947682,40,male,64075,Services,Urban,Bachelor's,Married
514948520,37,male,74649,Retail,Urban,High School,Married
514949454,47,female,95477,Technology,Suburban,Master's,Married
514950867,52,female,132944,Education,Suburban,PhD+,Married
514952588,37,female,66825,Healthcare,Suburban,Master's,Married
514952628,26,male,54905,Healthcare,Rural,Master's,Divorced
514952843,32,male,36401,Services,Rural,High School,Married
514957559,37,male,71797,Technology,Urban,Bachelor's,Married
514957822,50,male,102897,Manufacturing,Suburban,High School,Married
514958308,47,male,72607,Healthcare,Urban,Master's,Married
514959201,31,male,45812,Services,Urban,Bachelor's,Married
514960204,35,male,92320,Technology,Urban,Master's,Married
514962192,50,male,74248,Healthcare,Urban,Some College,Married
514964760,46,male,67283,Education,Urban,PhD+,Married
514964769,35,female,71983,Services,Suburban,Master's,Married
514965100,40,female,71883,Finance,Rural,Master's,Single
514966122,33,female,90219,Finance,Suburban,Master's,Married
514966854,38,male,96903,Finance,Rural,Some College,Married
514967036,38,female,74515,Healthcare,Suburban,Master's,Married
514967846,43,female,75538,Healthcare,Suburban,Some College,Married
514968092,45,male,80375,Manufacturing,Suburban,Some College,Divorced
514976887,43,male,80840,Healthcare,Urban,Master's,Married
514977443,43,male,115312,Manufacturing,Rural,Bachelor's,Married
514979458,42,male,115872,Technology,Urban,Some College,Married
514982580,36,female,74991,Finance,Urban,Master's,Married
514983693,20,female,37888,Retail,Suburban,Some College,Single
514983723,44,female,43058,Technology,Urban,Master's,Divorced
514983980,28,female,61899,Education,Urban,Master's,Married
514989643,48,female,70961,Healthcare,Urban,Master's,Married
514990667,21,male,55438,Technology,Urban,Bachelor's,Single
514992643,42,male,89106,Education,Suburban,Master's,Married
514992775,41,female,48475,Healthcare,Suburban,Bachelor's,Married
514993812,35,male,88953,Technology,Suburban,Bachelor's,Married
514997336,40,female,68920,Healthcare,Suburban,Master's,Married
514998287,46,female,64337,Manufacturing,Rural,High School,Divorced
515000123,38,male,65210,Technology,Urban,PhD+,Married
515000345,50,male,73135,Healthcare,Urban,Master's,Married
515005250,48,female,88580,Retail,Suburban,Bachelor's,Married
515006377,56,female,122155,Manufacturing,Urban,High School,Single
515006982,39,male,83171,Finance,Urban,Some College,Married
515012947,37,female,111778,Healthcare,Suburban,Master's,Married
515013627,36,female,57549,Healthcare,Urban,PhD+,Single
515016447,37,female,75918,Manufacturing,Urban,Master's,Married
515017824,35,female,49577,Education,Suburban,Master's,Married
515021010,20,male,62954,Retail,Suburban,High School,Single
515022250,46,male,121764,Education,Urban,Master's,Married
515022608,54,male,87400,Education,Urban,Master's,Married
515023453,44,male,68434,Technology,Urban,PhD+,Single
515023676,34,female,100312,Finance,Urban,Some College,Married
515024936,39,female,87972,Education,Rural,PhD+,Married
515032797,21,male,84223,Retail,Suburban,High School,Married
515032901,40,male,53919,Finance,Urban,Bachelor's,Single
515034619,36,female,74699,Services,Urban,Some College,Single
515034684,51,male,73883,Manufacturing,Urban,Bachelor's,Married
515036745,49,male,28164,Services,Suburban,High School,Married
515036954,47,male,81899,Healthcare,Urban,PhD+,Married
515037428,56,male,85193,Education,Urban,Master's,Divorced
515038205,46,female,80749,Healthcare,Rural,PhD+,Single
515039119,50,male,90361,Technology,Suburban,Bachelor's,Single
515040100,22,male,28753,Retail,Urban,Bachelor's,Single
515041508,18,male,49429,Technology,Suburban,Master's,Single
515046846,38,male,74603,Retail,Urban,Bachelor's,Married
515047205,52,male,47216,Healthcare,Suburban,Bachelor's,Widowed
515048533,28,male,89046,Healthcare,Rural,PhD+,Single
515050697,33,male,68501,Manufacturing,Urban,Master's,Married
515051763,51,male,77228,Retail,Urban,High School,Married
515052415,47,female,62246,Education,Suburban,Master's,Married
515054108,51,female,86116,Healthcare,Suburban,High School,Divorced
515054942,42,male,97791,Other,Suburban,High School,Married
515055368,31,male,116319,Finance,Suburban,Master's,Single
515057327,30,male,68861,Retail,Suburban,High School,Married
515060285,40,male,34260,Healthcare,Urban,PhD+,Married
515063169,38,male,107984,Retail,Suburban,High School,Married
515063171,42,male,83182,Education,Urban,Bachelor's,Married
515065132,49,male,95726,Technology,Urban,Bachelor's,Married
515066491,36,male,122508,Manufacturing,Suburban,Bachelor's,Married
515066678,44,female,83579,Finance,Urban,PhD+,Married
515066905,54,female,113577,Manufacturing,Suburban,High School,Married
515067755,37,female,87310,Technology,Urban,Bachelor's,Married
515068260,57,male,70884,Services,Urban,Bachelor's,Married
515069718,34,female,94186,Education,Rural,PhD+,Married
515071958,42,female,75754,Healthcare,Urban,Bachelor's,Married
515072358,51,male,76546,Education,Suburban,PhD+,Married
515073220,41,male,90244,Technology,Suburban,Bachelor's,Married
515073343,31,male,25557,Technology,Urban,PhD+,Single
515074321,29,male,67100,Education,Urban,PhD+,Married
515076126,39,female,98567,Technology,Urban,Master's,Married
515076759,43,female,56353,Finance,Urban,Some College,Married
515078340,54,female,90456,Healthcare,Suburban,Some College,Married
515079345,41,female,59019,Other,Urban,Bachelor's,Married
515080735,28,female,54526,Finance,Urban,Bachelor's,Married
515081351,31,female,44212,Finance,Urban,Master's,Married
515082352,35,female,114397,Technology,Urban,Bachelor's,Married
515084289,16,female,49389,Services,Urban,Master's,Single
515085165,44,male,49849,Education,Suburban,Master's,Married
515085947,47,male,70600,Technology,Urban,Bachelor's,Widowed
515086014,39,male,42065,Healthcare,Suburban,Master's,Married
515087054,42,male,86664,Finance,Suburban,PhD+,Married
515087104,40,male,49400,Healthcare,Urban,High School,Married
515087744,33,female,67532,Services,Urban,Bachelor's,Married
515087877,35,male,55218,Healthcare,Urban,Master's,Divorced
515088518,31,male,58925,Retail,Urban,High School,Single
515089553,35,female,73870,Finance,Suburban,Some College,Married
515093508,42,female,79259,Finance,Urban,PhD+,Single
515093952,45,male,68858,Manufacturing,Urban,High School,Divorced
515096468,42,female,61188,Manufacturing,Suburban,Some College,Married
515096697,38,female,68794,Manufacturing,Urban,Bachelor's,Married
515097592,31,male,42752,Education,Urban,Master's,Married
515097968,38,male,52405,Finance,Suburban,Bachelor's,Married
515098970,30,male,85134,Manufacturing,Suburban,Some College,Married
515099507,29,female,74166,Services,Suburban,High School,Married
515099646,49,male,66364,Education,Urban,PhD+,Married
515100153,51,male,110773,Manufacturing,Urban,High School,Married
515101464,43,male,85995,Technology,Suburban,Bachelor's,Married
515102040,44,male,69419,Technology,Urban,Master's,Married
515102857,34,female,41003,Finance,Suburban,Master's,Married
515104897,31,female,71271,Technology,Urban,PhD+,Married
515104943,41,male,92641,Finance,Suburban,Bachelor's,Single
515107212,49,female,81222,Retail,Suburban,Some College,Divorced
515113968,34,male,25000,Education,Urban,PhD+,Married
515120208,65,male,120161,Education,Urban,Bachelor's,Divorced
515121666,32,male,93665,Healthcare,Suburban,PhD+,Married
515122138,40,female,73111,Healthcare,Suburban,Bachelor's,Married
515125400,39,male,65759,Technology,Urban,PhD+,Married
515125486,37,male,94451,Technology,Rural,High School,Married
515125946,33,male,102831,Technology,Urban,PhD+,Single
515128133,38,female,90076,Education,Urban,Some College,Single
515130282,44,male,56531,Technology,Urban,Master's,Married
515133436,28,male,68299,Healthcare,Urban,PhD+,Married
515136457,40,male,92208,Finance,Suburban,Bachelor's,Married
515141480,39,female,58454,Finance,Urban,Bachelor's,Married
515144845,44,male,48315,Other,Suburban,Some College,Married
515146212,39,male,67493,Healthcare,Urban,Bachelor's,Married
515146827,45,male,78910,Technology,Suburban,Bachelor's,Married
515151972,25,male,69706,Technology,Urban,PhD+,Married
515152567,49,male,49925,Services,Rural,High School,Married
515152942,50,male,65696,Manufacturing,Rural,Some College,Divorced
515154404,42,female,51963,Retail,Urban,Some College,Married
515156759,34,male,88861,Retail,Urban,High School,Single
515157933,43,male,89497,Healthcare,Rural,High School,Married
515162639,51,male,97794,Healthcare,Suburban,Bachelor's,Married
515162915,44,male,70466,Technology,Urban,Bachelor's,Married
515163148,33,female,91604,Services,Suburban,High School,Married
515165118,26,female,63090,Healthcare,Suburban,Bachelor's,Married
515166925,38,female,82904,Retail,Rural,High School,Married
515167483,45,female,105255,Education,Rural,PhD+,Single
515169850,46,female,67301,Technology,Urban,Some College,Married
515170439,29,male,70398,Technology,Urban,PhD+,Divorced
515171661,47,female,115185,Healthcare,Suburban,PhD+,Single
515172455,39,female,71914,Finance,Urban,Bachelor's,Married
515172997,33,male,87085,Technology,Suburban,Bachelor's,Single
515176774,37,male,99969,Technology,Suburban,Bachelor's,Married
515188062,41,female,93186,Education,Urban,Bachelor's,Married
515188261,31,male,68534,Technology,Urban,Master's,Single
515188887,31,male,28563,Education,Urban,Master's,Married
515188951,43,male,70311,Finance,Urban,Master's,Married
515189345,57,female,92109,Healthcare,Urban,Bachelor's,Widowed
515192915,35,female,76700,Manufacturing,Urban,High School,Single
515193869,53,male,87495,Healthcare,Urban,Bachelor's,Divorced
515196934,36,female,103439,Finance,Urban,Bachelor's,Married
515197470,37,male,68869,Manufacturing,Rural,Master's,Married
515197473,34,female,107851,Finance,Urban,Master's,Single
515199007,48,female,81895,Education,Suburban,Bachelor's,Single
515199385,51,male,101605,Technology,Urban,High School,Married
515201307,47,female,83357,Healthcare,Urban,PhD+,Married
515201920,52,male,70054,Technology,Urban,PhD+,Married
515205163,46,male,112512,Healthcare,Suburban,Master's,Married
515208016,48,female,74679,Finance,Suburban,PhD+,Married
515210222,44,female,98665,Healthcare,Suburban,Master's,Single
515210795,38,male,80840,Other,Urban,Bachelor's,Divorced
515211794,39,male,60087,Healthcare,Urban,Some College,Married
515212551,40,male,65381,Technology,Urban,Bachelor's,Widowed
515221471,47,female,97606,Other,Urban,Bachelor's,Single
515222978,30,female,71007,Technology,Urban,PhD+,Married
515223417,41,female,81646,Technology,Urban,Bachelor's,Married
515225904,38,female,60800,Finance,Urban,Master's,Married
515227224,44,female,93590,Manufacturing,Suburban,Some College,Married
515229289,43,female,82233,Manufacturing,Urban,High School,Divorced
515229697,54,male,83951,Healthcare,Urban,Bachelor's,Divorced
515231470,43,female,97404,Finance,Suburban,Bachelor's,Single
515235122,47,female,71061,Finance,Suburban,Some College,Married
515237715,32,female,32650,Technology,Urban,PhD+,Married
515239689,41,male,58138,Other,Urban,Master's,Married
515240336,48,female,85368,Healthcare,Rural,Bachelor's,Divorced
515242307,34,male,60377,Services,Suburban,Some College,Single
515244266,35,female,58018,Finance,Urban,Master's,Married
515245391,48,female,58512,Services,Urban,Bachelor's,Divorced
515249466,57,female,90649,Retail,Urban,High School,Single
515253493,45,male,80575,Finance,Suburban,PhD+,Married
515254986,51,female,106607,Healthcare,Suburban,Master's,Divorced
515257105,62,male,113633,Retail,Urban,Some College,Divorced
515257618,34,female,64679,Education,Urban,Bachelor's,Single
515258928,34,male,80090,Retail,Urban,High School,Single
515259248,49,male,97288,Education,Urban,Master's,Single
515260179,39,male,65855,Technology,Urban,Bachelor's,Married
515265174,49,male,56352,Technology,Suburban,Master's,Single
515270353,20,female,73628,Technology,Rural,Master's,Single
515271254,43,male,73609,Finance,Suburban,Master's,Married
515277179,53,male,90818,Education,Urban,PhD+,Married
515289720,44,female,88919,Healthcare,Rural,PhD+,Divorced
515295960,36,male,85851,Manufacturing,Rural,High School,Married
515300973,55,male,98490,Manufacturing,Urban,High School,Widowed
515315334,38,male,28621,Education,Rural,High School,Single
515317359,51,male,71425,Education,Urban,Master's,Married
515319263,36,female,59434,Technology,Urban,Bachelor's,Married
515321311,30,female,44755,Manufacturing,Urban,High School,Married
515321502,31,female,65126,Technology,Urban,Bachelor's,Married
515322894,51,female,86952,Services,Suburban,High School,Married
515324011,42,female,54462,Finance,Urban,PhD+,Single
515326395,44,male,80450,Technology,Suburban,Master's,Married
515329843,35,female,67264,Finance,Rural,Bachelor's,Divorced
515329898,39,male,87364,Services,Suburban,High School,Married
515331241,39,male,74158,Finance,Urban,PhD+,Single
515333551,38,male,93299,Healthcare,Suburban,Some College,Married
515334187,43,male,96871,Healthcare,Suburban,Bachelor's,Divorced
515335061,29,female,76363,Education,Rural,Master's,Single
515336099,42,female,76690,Technology,Urban,Bachelor's,Single
515336380,48,female,98699,Healthcare,Suburban,Bachelor's,Married
515337126,39,female,54953,Retail,Rural,High School,Married
515340811,31,male,76158,Other,Urban,PhD+,Single
515341399,46,female,92500,Manufacturing,Suburban,Master's,Married
515343213,47,female,91168,Finance,Urban,Bachelor's,Married
515344448,46,male,72987,Education,Rural,Master's,Divorced
515346200,39,female,96390,Healthcare,Rural,PhD+,Married
515346749,51,male,107544,Manufacturing,Suburban,High School,Married
515347521,50,female,99782,Technology,Suburban,Bachelor's,Single
515347624,39,female,91547,Healthcare,Suburban,PhD+,Divorced
515348353,45,male,78532,Education,Urban,Master's,Married
515350439,33,male,48103,Education,Urban,Master's,Single
515350497,42,female,84703,Retail,Suburban,Bachelor's,Married
515353220,36,male,68908,Healthcare,Suburban,Master's,Married
515354285,50,female,44443,Finance,Urban,Master's,Married
515355326,50,female,70616,Retail,Urban,High School,Widowed
515355762,42,male,29090,Manufacturing,Urban,High School,Married
515356008,39,female,63735,Finance,Suburban,Master's,Married
515356588,50,female,68649,Manufacturing,Urban,High School,Married
515360667,46,male,119208,Services,Suburban,Some College,Married
515360751,33,female,81140,Services,Urban,High School,Divorced
515361227,27,female,68778,Services,Urban,Some College,Single
515362816,23,male,34658,Education,Rural,Master's,Married
515364908,45,male,100863,Technology,Urban,High School,Married
515365864,32,male,83597,Finance,Suburban,Some College,Single
515368475,37,male,71077,Technology,Urban,Master's,Married
515369147,39,female,97416,Finance,Urban,Bachelor's,Married
515373002,43,male,56539,Technology,Suburban,Master's,Married
515373167,45,female,78453,Technology,Suburban,Master's,Married
515373827,54,female,92591,Healthcare,Urban,PhD+,Divorced
515375300,36,male,47265,Healthcare,Suburban,Master's,Married
515376512,52,male,90856,Education,Urban,Bachelor's,Married
515376667,54,female,77942,Healthcare,Suburban,PhD+,Single
515378147,38,male,93917,Education,Suburban,PhD+,Married
515379639,49,female,90629,Healthcare,Suburban,Master's,Divorced
515383115,28,female,50025,Healthcare,Rural,Bachelor's,Divorced
515384251,39,female,66925,Finance,Urban,Master's,Married
515384420,40,male,60327,Healthcare,Urban,Some College,Married
515386146,41,male,90665,Finance,Suburban,Some College,Divorced
515388991,39,female,64159,Finance,Rural,Master's,Married
515389897,53,female,84779,Education,Suburban,Some College,Single
515393335,35,female,59229,Technology,Urban,Bachelor's,Married
515393636,33,male,36698,Healthcare,Suburban,Master's,Single
515395193,54,male,82808,Technology,Urban,Bachelor's,Married
515397272,38,female,45669,Healthcare,Suburban,Bachelor's,Married
515400137,37,male,70303,Healthcare,Urban,PhD+,Married
515400690,28,male,69995,Finance,Urban,Bachelor's,Married
515402897,53,female,67088,Technology,Rural,Master's,Married
515406372,35,male,58884,Technology,Urban,Bachelor's,Single
515408171,29,male,108853,Technology,Suburban,Bachelor's,Single
515412322,56,male,64268,Technology,Urban,Master's,Married
515412361,42,female,59502,Education,Urban,Master's,Married
515414605,29,female,61005,Services,Urban,High School,Single
515414620,38,male,75145,Manufacturing,Urban,High School,Married
515415544,47,female,75933,Healthcare,Suburban,Some College,Married
515420265,36,male,80465,Technology,Urban,PhD+,Married
515420981,37,male,62071,Healthcare,Urban,Master's,Married
515421039,45,male,98130,Other,Rural,Bachelor's,Married
515427534,35,female,25000,Retail,Urban,High School,Married
515428228,22,female,53785,Technology,Urban,Bachelor's,Single
515430006,31,male,72608,Manufacturing,Suburban,High School,Single
515430551,48,female,92685,Education,Urban,Master's,Divorced
515431220,43,female,62304,Technology,Urban,Bachelor's,Divorced
515433611,31,male,60253,Manufacturing,Rural,High School,Divorced
515436508,26,male,74474,Technology,Urban,PhD+,Married
515437125,32,male,79552,Technology,Urban,High School,Single
515437158,54,male,116134,Healthcare,Rural,Master's,Divorced
515438632,45,female,105883,Finance,Urban,Master's,Married
515438875,42,male,85233,Healthcare,Suburban,Bachelor's,Married
515439616,27,male,71245,Other,Urban,Master's,Single
515441949,48,female,136136,Finance,Urban,High School,Married
515442404,39,female,81763,Finance,Urban,PhD+,Single
515443224,39,female,87363,Services,Suburban,High School,Married
515444369,38,male,33260,Manufacturing,Suburban,Bachelor's,Married
515448354,47,female,60232,Education,Rural,Bachelor's,Married
515449107,47,female,88439,Healthcare,Suburban,Master's,Married
515449230,21,male,40678,Technology,Urban,Bachelor's,Single
515450774,40,female,89319,Other,Suburban,Some College,Divorced
515453692,54,male,60684,Education,Urban,Bachelor's,Married
515453861,32,male,47382,Services,Urban,High School,Married
515454102,37,male,44089,Services,Urban,Some College,Divorced
515454476,40,female,91238,Technology,Suburban,Master's,Married
515455445,25,female,90709,Healthcare,Urban,Master's,Single
515455506,35,male,57259,Education,Urban,High School,Divorced
515458298,46,male,93148,Healthcare,Rural,Some College,Married
515458533,29,female,70258,Technology,Suburban,Master's,Single
515460395,35,female,59294,Services,Urban,Some College,Divorced
515461137,38,male,82203,Manufacturing,Rural,High School,Single
515461696,56,male,110648,Technology,Urban,Master's,Married
515462638,35,male,57549,Finance,Urban,Bachelor's,Married
515463729,53,male,82970,Education,Suburban,Bachelor's,Divorced
515463920,26,male,91022,Technology,Urban,Master's,Married
515464827,57,male,120296,Healthcare,Urban,Bachelor's,Married
515467508,40,male,89048,Manufacturing,Suburban,High School,Married
515469715,56,male,98974,Finance,Urban,Master's,Single
515469788,37,male,61986,Finance,Urban,Master's,Married
515471827,35,male,84759,Healthcare,Suburban,Some College,Married
515472979,37,female,70317,Healthcare,Urban,PhD+,Married
515473961,45,male,71948,Technology,Urban,Bachelor's,Divorced
515475219,40,female,80531,Healthcare,Suburban,Bachelor's,Married
515475654,54,female,106444,Education,Urban,Master's,Married
515477254,65,male,114673,Services,Urban,Bachelor's,Widowed
515485188,50,male,89475,Finance,Suburban,Master's,Married
515487299,45,male,71318,Finance,Urban,Bachelor's,Married
515488918,45,female,98722,Finance,Urban,Bachelor's,Married
515488973,44,male,74922,Other,Urban,High School,Married
515492096,54,female,71814,Services,Rural,Bachelor's,Divorced
515492455,45,female,56132,Healthcare,Rural,Some College,Single
515493276,30,female,65182,Technology,Urban,Master's,Single
515494421,34,male,66239,Other,Urban,High School,Married
515495146,39,female,94078,Finance,Suburban,Bachelor's,Married
515496916,48,male,74799,Healthcare,Suburban,PhD+,Single
515499510,42,female,90199,Manufacturing,Suburban,High School,Divorced
515501000,43,female,57427,Education,Urban,Bachelor's,Married
515501220,43,female,77119,Manufacturing,Suburban,Master's,Married
515503960,35,female,87934,Technology,Urban,Bachelor's,Widowed
515504673,37,male,86074,Finance,Urban,PhD+,Married
515505873,36,male,85192,Technology,Suburban,Bachelor's,Single
515505953,38,male,75790,Healthcare,Urban,Bachelor's,Married
515506471,47,female,126750,Technology,Suburban,PhD+,Married
515507461,41,male,61660,Healthcare,Urban,Bachelor's,Single
515511224,29,male,92128,Education,Suburban,Master's,Married
515512610,46,male,95961,Healthcare,Urban,Master's,Married
515512980,38,female,88124,Healthcare,Urban,Bachelor's,Single
515513688,38,female,53102,Manufacturing,Rural,High School,Single
515514003,40,male,45419,Retail,Urban,High School,Single
515514457,43,male,89187,Healthcare,Suburban,Master's,Married
515515207,43,male,75052,Healthcare,Urban,Some College,Widowed
515516278,37,male,109598,Finance,Urban,Master's,Married
515516960,36,male,71137,Manufacturing,Urban,High School,Married
515517938,31,male,74164,Healthcare,Rural,Master's,Divorced
515520403,29,male,66048,Technology,Suburban,Bachelor's,Divorced
515521665,42,female,58267,Technology,Urban,Master's,Married
515522059,40,female,95417,Education,Rural,Master's,Married
515524434,38,female,91143,Technology,Suburban,Master's,Married
515525734,38,female,83785,Technology,Suburban,High School,Single
515529701,32,female,73546,Finance,Urban,Bachelor's,Married
515536916,37,male,43243,Technology,Urban,Some College,Married
515538809,46,female,121349,Finance,Suburban,Bachelor's,Single
515540708,43,male,100571,Technology,Urban,PhD+,Married
515541368,45,female,94449,Healthcare,Urban,Master's,Married
515542500,28,female,81391,Finance,Suburban,Bachelor's,Single
515542932,25,female,36572,Education,Suburban,Master's,Married
515543114,33,female,33468,Manufacturing,Suburban,Bachelor's,Married
515543930,41,male,100767,Finance,Urban,Master's,Divorced
515546754,53,female,69505,Education,Suburban,Master's,Single
515548347,45,male,116300,Finance,Urban,PhD+,Married
515548406,33,female,61830,Technology,Urban,Master's,Single
515548634,46,male,109554,Technology,Urban,Bachelor's,Single
515549253,39,female,60550,Manufacturing,Rural,Bachelor's,Married
515549700,51,female,55991,Healthcare,Urban,Bachelor's,Divorced
515550519,33,female,77176,Services,Suburban,Bachelor's,Married
515551356,44,male,63568,Education,Urban,Bachelor's,Single
515552423,42,female,71744,Finance,Urban,Master's,Married
515557374,54,male,89112,Healthcare,Suburban,Bachelor's,Married
515560058,44,female,82824,Manufacturing,Suburban,Some College,Divorced
515563097,36,male,66203,Manufacturing,Rural,High School,Single
515563346,45,male,63080,Healthcare,Urban,PhD+,Married
515566726,34,male,52172,Technology,Urban,Bachelor's,Married
515566987,42,male,94028,Finance,Suburban,PhD+,Married
515569726,19,female,60940,Education,Urban,Master's,Married
515571228,49,male,67197,Finance,Suburban,Bachelor's,Single
515572264,46,male,64876,Technology,Urban,Master's,Married
515573809,44,male,130936,Finance,Suburban,Bachelor's,Married
515573963,42,female,72113,Education,Suburban,Master's,Widowed
515574126,51,female,99482,Healthcare,Urban,Bachelor's,Married
515575402,47,male,96630,Finance,Suburban,Bachelor's,Married
515577984,42,male,67524,Healthcare,Urban,Bachelor's,Married
515579336,37,male,52344,Retail,Urban,Some College,Married
515583858,47,male,112546,Healthcare,Suburban,Master's,Married
515584755,33,male,62377,Education,Urban,PhD+,Married
515586795,48,female,66565,Healthcare,Urban,Some College,Single
515588497,33,female,32993,Retail,Urban,High School,Married
515590312,48,female,86105,Healthcare,Suburban,Master's,Married
515592978,37,male,102833,Finance,Suburban,Bachelor's,Married
515593376,32,male,49525,Finance,Suburban,Master's,Single
515595329,45,female,105462,Finance,Urban,Master's,Married
515595467,33,male,57227,Finance,Suburban,Master's,Married
515598335,47,female,66152,Technology,Suburban,PhD+,Single
515598348,44,male,43671,Education,Urban,Master's,Married
515601327,54,female,56929,Technology,Suburban,Bachelor's,Divorced
515603608,40,male,92592,Education,Urban,Bachelor's,Married
515604989,46,male,96906,Finance,Urban,Some College,Single
515610362,36,male,57687,Technology,Suburban,Master's,Single
515610623,45,female,64058,Finance,Urban,PhD+,Divorced
515612399,52,female,57647,Finance,Suburban,Master's,Divorced
515613905,52,female,65968,Finance,Urban,Bachelor's,Married
515615503,43,female,92968,Finance,Urban,Bachelor's,Married
515615612,44,male,76411,Healthcare,Urban,PhD+,Married
515620421,34,female,49426,Retail,Urban,Some College,Single
515624872,32,female,98041,Manufacturing,Urban,High School,Married
515626565,37,female,52792,Technology,Urban,High School,Single
515626707,30,female,43511,Technology,Urban,Master's,Married
515627290,32,female,57257,Healthcare,Suburban,Bachelor's,Single
515628793,41,male,70650,Technology,Urban,Bachelor's,Married
515629946,40,male,107421,Finance,Urban,Master's,Divorced
515630925,35,female,85450,Healthcare,Urban,Master's,Married
515632497,33,female,57642,Technology,Urban,Bachelor's,Single
515634809,33,male,42498,Technology,Suburban,Master's,Married
515635374,48,female,98953,Finance,Suburban,Some College,Married
515637378,36,male,92549,Education,Suburban,Some College,Divorced
515640264,46,female,50795,Education,Urban,Bachelor's,Married
515641184,33,male,84174,Manufacturing,Rural,Some College,Divorced
515641763,43,male,89003,Manufacturing,Suburban,Bachelor's,Married
515644095,23,female,76309,Retail,Urban,Bachelor's,Single
515651363,38,male,49101,Manufacturing,Suburban,High School,Married
515661539,42,female,95014,Education,Suburban,Bachelor's,Married
515662463,26,female,53387,Healthcare,Urban,High School,Single
515665015,30,female,64363,Manufacturing,Rural,Some College,Married
515667036,50,female,57248,Technology,Urban,Some College,Married
515667072,36,female,59535,Services,Urban,Bachelor's,Single
515668538,51,female,89661,Education,Urban,Master's,Married
515669364,41,male,100673,Healthcare,Urban,Bachelor's,Married
515669531,43,female,66109,Services,Urban,High School,Married
515672841,54,female,114863,Manufacturing,Suburban,Some College,Married
515672925,20,female,55924,Retail,Urban,Master's,Married
515674518,32,male,62318,Technology,Urban,Bachelor's,Single
515680653,45,female,79152,Manufacturing,Suburban,High School,Married
515682503,35,male,99490,Finance,Suburban,Bachelor's,Married
515688367,39,male,84575,Healthcare,Rural,Bachelor's,Married
515690637,28,male,89636,Finance,Suburban,Bachelor's,Single
515693448,39,female,58755,Finance,Urban,Master's,Divorced
515698851,61,female,133039,Healthcare,Urban,PhD+,Married
515702538,29,male,49784,Finance,Urban,Bachelor's,Single
515706919,48,male,91094,Finance,Suburban,Master's,Married
515710740,38,male,76294,Technology,Urban,Bachelor's,Married
515714926,41,male,67484,Services,Suburban,Bachelor's,Married
515715331,48,male,116027,Technology,Rural,Bachelor's,Single
515721734,31,female,91110,Education,Suburban,PhD+,Single
515723855,48,female,93028,Manufacturing,Urban,High School,Married
515724119,44,female,70856,Manufacturing,Suburban,Some College,Married
515731292,38,female,73185,Retail,Rural,Some College,Divorced
515738395,36,female,77793,Other,Urban,Master's,Married
515739577,35,female,77384,Education,Urban,Some College,Married
515749729,38,male,80798,Manufacturing,Urban,Some College,Divorced
515754485,33,male,36929,Retail,Urban,Some College,Married
515759008,51,female,84871,Finance,Suburban,Bachelor's,Divorced
515760908,34,male,113272,Education,Urban,Master's,Married
515762720,29,male,74364,Finance,Urban,Bachelor's,Single
515765048,41,male,80196,Healthcare,Suburban,High School,Married
515765350,49,female,90893,Healthcare,Urban,Bachelor's,Married
515766447,43,female,60068,Manufacturing,Urban,Some College,Married
515768880,52,female,55667,Finance,Urban,Bachelor's,Married
515770784,59,male,112076,Services,Suburban,High School,Widowed
515773340,45,male,99698,Technology,Urban,Master's,Married
515773727,49,male,94030,Technology,Urban,Bachelor's,Married
515774469,40,male,76617,Finance,Urban,Bachelor's,Divorced
515775885,31,male,80966,Manufacturing,Suburban,PhD+,Married
515776075,30,female,88765,Technology,Urban,Bachelor's,Married
515777890,47,female,41141,Technology,Urban,Some College,Divorced
515779848,41,female,100554,Healthcare,Rural,PhD+,Single
515784126,36,male,61046,Education,Urban,PhD+,Married
515784173,41,male,74390,Technology,Urban,Bachelor's,Divorced
515784618,36,female,115206,Finance,Suburban,Bachelor's,Single
515784925,34,female,71629,Other,Urban,Master's,Single
515791673,44,male,56338,Technology,Urban,PhD+,Divorced
515793868,36,female,92891,Technology,Urban,Master's,Married
515799431,24,female,54670,Services,Urban,Master's,Single
515800670,42,male,68992,Manufacturing,Suburban,Some College,Divorced
515802646,43,female,112936,Finance,Suburban,PhD+,Married
515803145,38,male,91233,Education,Urban,Some College,Married
515803673,35,female,89969,Technology,Urban,Bachelor's,Married
515805105,30,male,89631,Education,Urban,Some College,Married
515812068,39,female,69780,Finance,Urban,Master's,Married
515812843,46,male,88195,Education,Suburban,PhD+,Married
515813436,37,female,95907,Healthcare,Suburban,Bachelor's,Married
515814464,36,male,57120,Other,Suburban,Master's,Married
515816140,33,female,52250,Other,Suburban,High School,Married
515816799,47,female,114727,Healthcare,Urban,Master's,Married
515818760,55,male,69536,Manufacturing,Urban,High School,Widowed
515819336,32,male,38907,Finance,Urban,Master's,Married
515821944,41,male,37719,Services,Suburban,Some College,Divorced
515822327,37,male,86038,Technology,Urban,PhD+,Married
515824350,28,female,64380,Manufacturing,Suburban,Bachelor's,Married
515824736,31,male,67401,Healthcare,Urban,Bachelor's,Married
515825496,42,male,67240,Healthcare,Urban,Bachelor's,Divorced
515825726,31,male,64669,Retail,Urban,High School,Single
515826621,28,male,86836,Technology,Urban,PhD+,Divorced
515827242,27,female,25000,Healthcare,Urban,Bachelor's,Married
515828025,35,male,65011,Healthcare,Urban,Bachelor's,Married
515831418,31,male,62032,Retail,Suburban,High School,Married
515831837,47,male,102041,Services,Urban,High School,Married
515835311,38,female,64180,Technology,Urban,Master's,Married
515835602,36,female,77560,Healthcare,Urban,PhD+,Married
515837263,47,male,36651,Manufacturing,Urban,High School,Married
515837890,52,male,112152,Technology,Urban,Bachelor's,Married
515838913,40,female,100238,Finance,Urban,Master's,Married
515841741,40,female,138925,Finance,Urban,Master's,Widowed
515845464,45,female,69108,Services,Urban,Bachelor's,Single
515845622,42,male,118275,Services,Urban,High School,Single
515847067,49,female,118564,Technology,Suburban,PhD+,Married
515847744,36,female,66809,Retail,Suburban,High School,Single
515849219,40,female,61619,Technology,Urban,Bachelor's,Single
515850577,39,male,107229,Technology,Urban,PhD+,Single
515855786,43,female,44998,Finance,Urban,Bachelor's,Single
515858651,46,female,94876,Healthcare,Urban,Bachelor's,Married
515860193,44,female,88743,Finance,Suburban,Bachelor's,Married
515861404,51,male,62965,Education,Suburban,Bachelor's,Married
515863284,33,female,45179,Retail,Urban,High School,Married
515864031,32,female,43186,Technology,Urban,Some College,Single
515865763,41,female,63303,Education,Suburban,Bachelor's,Divorced
515871954,23,male,43612,Other,Rural,Master's,Single
515872897,24,female,75026,Technology,Urban,Master's,Single
515873686,21,female,98296,Other,Suburban,Bachelor's,Single
515877027,50,male,48969,Technology,Urban,Master's,Divorced
515878127,50,male,69834,Education,Rural,Master's,Divorced
515881233,39,female,57677,Technology,Suburban,Master's,Married
515885238,40,male,89532,Technology,Suburban,High School,Married
515885275,36,female,57419,Healthcare,Suburban,Master's,Married
515888813,33,female,115466,Healthcare,Rural,Master's,Married
515888907,35,male,59898,Education,Urban,Master's,Married
515890222,33,male,92920,Technology,Urban,High School,Single
515892358,40,female,93670,Retail,Urban,Bachelor's,Divorced
515893770,47,male,96920,Technology,Suburban,PhD+,Divorced
515893862,52,female,101537,Healthcare,Urban,Some College,Married
515894219,34,male,40218,Retail,Suburban,High School,Single
515894685,46,female,81610,Finance,Urban,Master's,Married
515895201,32,female,25000,Finance,Urban,Bachelor's,Single
515897778,47,female,73006,Technology,Urban,High School,Married
515897840,46,female,77745,Retail,Urban,Bachelor's,Married
515898160,26,male,65381,Finance,Rural,High School,Married
515901493,38,male,51011,Services,Suburban,High School,Married
515901869,50,female,89173,Healthcare,Suburban,Master's,Married
515906119,29,female,40386,Finance,Urban,Bachelor's,Married
515913017,48,male,79776,Retail,Urban,Some College,Married
515917142,35,female,69078,Finance,Rural,PhD+,Married
515918667,47,female,57015,Healthcare,Urban,Bachelor's,Single
515919824,47,female,130705,Education,Urban,Master's,Married
515920782,38,female,88341,Services,Suburban,High School,Single
515921270,37,female,68557,Education,Urban,Master's,Married
515922169,32,female,63646,Finance,Urban,Bachelor's,Married
515922644,56,male,100491,Manufacturing,Suburban,High School,Married
515923943,51,female,84105,Healthcare,Suburban,Bachelor's,Married
515927074,46,female,43651,Technology,Urban,PhD+,Married
515935665,37,female,82919,Finance,Urban,Master's,Married
515935877,51,male,101311,Finance,Urban,Bachelor's,Married
515937555,39,female,59211,Healthcare,Rural,Bachelor's,Married
515938358,42,female,77075,Education,Suburban,Master's,Married
515939420,33,female,55855,Services,Urban,High School,Single
515940163,38,female,58270,Manufacturing,Urban,High School,Married
515940428,49,male,86439,Finance,Urban,Bachelor's,Married
515940710,23,male,48157,Retail,Urban,Master's,Single
515942811,33,male,77538,Services,Suburban,High School,Married
515943135,45,female,122570,Technology,Rural,PhD+,Married
515943801,42,female,101711,Healthcare,Urban,Bachelor's,Married
515945199,37,male,90644,Healthcare,Suburban,Bachelor's,Married
515945329,52,female,87374,Manufacturing,Suburban,Bachelor's,Married
515947017,48,male,84176,Technology,Suburban,Bachelor's,Married
515948133,43,male,48933,Manufacturing,Rural,Some College,Married
515954165,29,female,89757,Technology,Urban,Master's,Single
515954723,42,male,120849,Healthcare,Urban,Master's,Married
515968451,41,male,45655,Finance,Urban,Some College,Married
515968635,44,female,81513,Healthcare,Suburban,Some College,Married
515969699,44,female,48696,Finance,Urban,High School,Single
515970352,43,female,85354,Other,Suburban,Bachelor's,Married
515971253,22,male,57391,Education,Urban,Master's,Married
515973243,40,male,57265,Technology,Suburban,Some College,Married
515977249,22,male,51406,Technology,Urban,PhD+,Single
515980337,49,male,92627,Technology,Rural,PhD+,Married
515980449,40,male,95529,Manufacturing,Urban,Bachelor's,Married
515985187,53,male,74236,Manufacturing,Suburban,High School,Divorced
515985505,25,female,82942,Healthcare,Urban,Some College,Married
515986016,30,female,72681,Healthcare,Urban,Bachelor's,Divorced
515987047,34,male,66102,Healthcare,Suburban,PhD+,Single
515987963,43,male,72062,Healthcare,Suburban,PhD+,Married
515990043,46,male,99608,Technology,Suburban,Bachelor's,Married
515990219,52,female,108886,Manufacturing,Urban,Bachelor's,Married
515990698,41,female,49089,Manufacturing,Urban,Some College,Married
515990820,45,female,58175,Technology,Urban,PhD+,Married
515993705,47,female,129405,Services,Urban,High School,Married
515998446,52,male,54379,Finance,Urban,Bachelor's,Divorced
515998644,38,female,56357,Healthcare,Urban,Bachelor's,Married
516000394,42,female,74313,Healthcare,Urban,Bachelor's,Single
516000713,43,male,72056,Technology,Urban,Bachelor's,Divorced
516002478,28,female,37766,Manufacturing,Urban,Some College,Single
516003029,37,female,98416,Finance,Rural,Bachelor's,Married
516010822,44,male,78796,Healthcare,Urban,PhD+,Married
516011321,43,male,119439,Healthcare,Urban,Master's,Married
516012095,36,female,47208,Services,Urban,High School,Married
516014555,33,female,51182,Technology,Urban,Bachelor's,Single
516015349,43,female,42602,Technology,Suburban,Master's,Married
516017380,33,female,69663,Healthcare,Urban,Bachelor's,Married
516020523,36,female,105693,Finance,Suburban,High School,Married
516021368,41,male,109239,Education,Rural,Bachelor's,Married
516023778,41,female,80434,Education,Urban,Bachelor's,Divorced
516025524,47,female,57962,Finance,Suburban,Master's,Married
516032620,43,female,95760,Education,Urban,PhD+,Married
516033419,43,female,84498,Education,Urban,Master's,Married
516034052,46,male,81035,Healthcare,Suburban,Master's,Married
516036775,50,male,69869,Education,Suburban,Some College,Divorced
516037055,34,male,59660,Technology,Urban,Master's,Married
516037321,51,female,88387,Manufacturing,Urban,High School,Married
516037650,37,female,69592,Manufacturing,Urban,Bachelor's,Married
516038896,52,female,92336,Technology,Suburban,Some College,Married
516038984,44,male,87942,Technology,Urban,Master's,Married
516044569,39,male,90762,Healthcare,Urban,Bachelor's,Married
516046147,44,female,95637,Services,Suburban,High School,Single
516048972,25,male,83020,Services,Suburban,Some College,Married
516050967,48,male,69213,Healthcare,Urban,PhD+,Married
516052032,41,male,71772,Technology,Urban,Bachelor's,Married
516053347,32,female,53022,Healthcare,Urban,PhD+,Single
516054872,29,male,52097,Technology,Urban,Bachelor's,Single
516055995,36,female,71956,Services,Suburban,Some College,Married
516056656,48,female,77870,Finance,Urban,Some College,Divorced
516056762,44,male,64958,Technology,Urban,Bachelor's,Married
516056782,50,female,90802,Technology,Urban,Bachelor's,Married
516057877,34,male,80174,Technology,Urban,Master's,Married
516058712,33,male,111938,Healthcare,Urban,Bachelor's,Married
516061440,46,male,25000,Healthcare,Urban,High School,Single
516062272,57,male,74192,Education,Urban,PhD+,Married
516062578,47,male,83332,Education,Urban,Master's,Single
516064215,35,male,40743,Manufacturing,Rural,High School,Single
516064919,30,male,58516,Technology,Urban,Master's,Married
516065107,38,female,54680,Retail,Urban,Some College,Married
516065149,31,female,74609,Finance,Urban,Master's,Married
516065785,47,male,89072,Finance,Suburban,Master's,Married
516066037,45,female,75922,Education,Suburban,Master's,Married
516067342,42,female,81066,Technology,Suburban,Master's,Divorced
516073249,46,female,52370,Healthcare,Urban,Bachelor's,Single
516073875,56,female,95143,Finance,Urban,Master's,Married
516073889,42,female,85827,Education,Suburban,Master's,Married
516074124,57,female,97965,Manufacturing,Rural,High School,Single
516075642,54,female,69612,Technology,Urban,PhD+,Married
516077745,40,female,70267,Healthcare,Suburban,Bachelor's,Married
516080681,41,male,76893,Services,Suburban,Bachelor's,Married
516080990,27,male,45711,Manufacturing,Urban,Some College,Divorced
516081002,29,female,59920,Healthcare,Suburban,Bachelor's,Single
516082645,42,female,55261,Retail,Urban,Some College,Single
516086680,26,male,58069,Services,Urban,High School,Single
516088383,46,male,78250,Services,Suburban,Bachelor's,Married
516091666,39,female,100298,Education,Urban,Master's,Married
516092089,49,female,116615,Services,Suburban,Some College,Married
516092413,54,female,85707,Manufacturing,Urban,High School,Married
516095454,25,male,79451,Finance,Suburban,Bachelor's,Single
516096521,49,female,89145,Education,Suburban,Bachelor's,Married
516098360,38,female,85854,Services,Rural,PhD+,Married
516103876,36,female,72684,Technology,Urban,Bachelor's,Married
516106260,50,male,102901,Services,Suburban,Bachelor's,Married
516108077,48,male,62641,Manufacturing,Rural,High School,Divorced
516108536,33,female,53748,Healthcare,Urban,Master's,Married
516114580,45,male,70525,Technology,Urban,PhD+,Married
516117799,40,female,133217,Finance,Urban,Some College,Married
516117908,43,female,101251,Technology,Urban,Bachelor's,Married
516118339,35,female,60667,Healthcare,Suburban,Bachelor's,Married
516119953,21,male,49446,Technology,Urban,Some College,Married
516126260,47,male,46288,Manufacturing,Suburban,High School,Married
516131290,35,male,76542,Retail,Urban,Some College,Married
516138281,39,male,56488,Retail,Suburban,Bachelor's,Divorced
516157017,26,male,50655,Education,Urban,PhD+,Married
516172852,45,male,56002,Other,Urban,Some College,Married
516175217,35,female,47435,Healthcare,Urban,Master's,Single
516177276,44,female,105325,Finance,Suburban,Bachelor's,Married
516177949,34,male,69296,Finance,Suburban,PhD+,Married
516186300,43,male,93886,Services,Suburban,Master's,Married
516190047,26,male,98058,Manufacturing,Urban,Master's,Married
516192006,27,female,98272,Retail,Urban,High School,Single
516194812,36,male,48556,Healthcare,Urban,Master's,Single
516201201,39,male,120722,Healthcare,Urban,Master's,Married
516202070,43,male,101997,Healthcare,Suburban,Master's,Single
516204482,50,female,56004,Healthcare,Urban,PhD+,Married
516205656,29,male,99540,Finance,Urban,Bachelor's,Single
516206517,20,male,38076,Healthcare,Urban,Bachelor's,Single
516207388,31,male,46790,Retail,Rural,High School,Married
516207752,36,male,91406,Services,Suburban,Some College,Married
516210764,33,male,65120,Technology,Urban,Bachelor's,Single
516212090,40,male,58897,Education,Urban,Master's,Married
516215710,40,male,55195,Finance,Urban,Some College,Married
516215941,50,female,85280,Other,Urban,Some College,Divorced
516216690,45,female,94609,Technology,Suburban,Bachelor's,Married
516218783,46,female,129449,Healthcare,Urban,Bachelor's,Divorced
516218931,47,female,68927,Retail,Suburban,Bachelor's,Married
516219070,41,male,55631,Finance,Urban,Master's,Married
516220777,53,male,67204,Finance,Suburban,Bachelor's,Single
516222472,47,female,117308,Education,Urban,Master's,Divorced
516223485,28,male,53516,Education,Urban,Master's,Single
516228353,44,female,72190,Healthcare,Rural,Master's,Single
516237248,58,male,92658,Healthcare,Suburban,Master's,Divorced
516240422,42,male,82561,Healthcare,Rural,Master's,Married
516240457,46,female,105339,Finance,Urban,PhD+,Single
516240806,27,female,92671,Technology,Suburban,Master's,Married
516240916,32,female,36876,Retail,Urban,Master's,Single
516241285,37,female,55908,Manufacturing,Urban,Bachelor's,Single
516243156,50,female,50580,Finance,Suburban,Bachelor's,Married
516244031,46,female,84501,Manufacturing,Suburban,Master's,Married
516249081,32,female,67669,Technology,Urban,Bachelor's,Single
516249082,33,female,51139,Finance,Urban,High School,Single
516249689,54,female,94842,Manufacturing,Suburban,High School,Divorced
516251224,44,female,91629,Technology,Rural,Master's,Married
516253278,46,male,54217,Finance,Suburban,Bachelor's,Divorced
516256167,37,female,63658,Technology,Urban,Some College,Married
516256433,50,male,101865,Healthcare,Rural,Some College,Married
516259590,40,male,40098,Finance,Suburban,PhD+,Married
516261992,44,male,73867,Services,Suburban,Master's,Married
516262404,43,female,108439,Technology,Urban,Master's,Married
516262825,39,male,105788,Healthcare,Suburban,PhD+,Single
516268119,34,female,79679,Retail,Suburban,Master's,Married
516269624,38,male,35688,Manufacturing,Suburban,High School,Married
516271213,45,male,63500,Retail,Rural,Bachelor's,Married
516271722,42,female,56500,Finance,Urban,High School,Married
516273425,36,male,39716,Healthcare,Suburban,Bachelor's,Married
516276854,58,female,107135,Services,Urban,High School,Married
516278115,42,female,74955,Technology,Urban,Some College,Married
516280983,48,female,90578,Technology,Urban,PhD+,Married
516281336,23,male,71909,Services,Urban,High School,Single
516283133,50,male,64143,Technology,Urban,Master's,Married
516284352,42,female,79196,Manufacturing,Rural,High School,Married
516285392,31,female,45902,Finance,Rural,Master's,Married
516288115,28,male,32620,Education,Suburban,Bachelor's,Single
516289363,36,male,28168,Services,Urban,Master's,Single
516292462,30,female,82971,Manufacturing,Urban,High School,Single
516293659,37,female,83232,Finance,Urban,Master's,Single
516294328,20,female,41531,Technology,Urban,Bachelor's,Single
516296112,30,male,48362,Services,Urban,Some College,Married
516296280,42,male,53987,Healthcare,Urban,Bachelor's,Single
516298055,47,male,58079,Technology,Urban,Master's,Single
516300095,31,female,70563,Technology,Urban,Some College,Single
516301092,29,male,75760,Services,Urban,Bachelor's,Single
516301885,42,male,119042,Finance,Suburban,Bachelor's,Married
516305596,46,male,53163,Education,Suburban,Master's,Divorced
516308065,39,female,81458,Retail,Rural,Some College,Married
516309348,28,female,61749,Retail,Suburban,Master's,Single
516309664,36,female,74628,Manufacturing,Urban,Some College,Married
516311412,35,female,34968,Education,Rural,Bachelor's,Married
516313915,34,male,44878,Finance,Urban,Bachelor's,Married
516316771,39,male,78982,Technology,Suburban,PhD+,Married
516317177,44,female,108360,Technology,Urban,Master's,Married
516323385,31,female,89425,Technology,Urban,PhD+,Single
516325949,31,female,89585,Education,Rural,Master's,Married
516328648,35,male,58351,Finance,Rural,Master's,Divorced
516333397,49,male,94310,Finance,Suburban,Bachelor's,Married
516333618,38,male,84337,Retail,Urban,Some College,Married
516336525,31,female,100092,Retail,Urban,Bachelor's,Married
516337188,41,male,67059,Technology,Urban,Bachelor's,Married
516337316,34,male,84201,Healthcare,Urban,PhD+,Single
516338201,35,female,83086,Finance,Urban,Master's,Married
516340304,31,female,53288,Retail,Suburban,Bachelor's,Single
516340944,41,male,89674,Finance,Urban,High School,Married
516343776,39,male,155941,Healthcare,Suburban,Master's,Married
516346004,42,male,99033,Healthcare,Urban,Master's,Married
516348329,43,male,32128,Education,Suburban,Master's,Married
516348603,29,female,103443,Education,Suburban,Master's,Single
516351101,41,female,64284,Technology,Urban,Master's,Divorced
516353434,41,female,87210,Education,Urban,Master's,Married
516353914,37,female,77611,Manufacturing,Suburban,Bachelor's,Single
516359952,56,female,83700,Technology,Urban,Master's,Single
516360751,45,male,54852,Education,Urban,Bachelor's,Divorced
516365666,32,male,84351,Technology,Urban,Master's,Single
516365893,28,female,80369,Retail,Suburban,Master's,Married
516372802,38,female,96460,Healthcare,Suburban,Some College,Married
516373706,44,male,89247,Technology,Urban,PhD+,Married
516374713,33,male,99000,Education,Urban,Master's,Divorced
516374914,26,female,61628,Healthcare,Suburban,Bachelor's,Single
516375966,30,male,88565,Education,Suburban,Bachelor's,Single
516376135,33,female,73369,Technology,Suburban,Master's,Married
516379583,43,female,116135,Education,Suburban,Master's,Married
516379861,47,male,55359,Manufacturing,Suburban,Some College,Divorced
516380237,31,female,95636,Services,Urban,High School,Divorced
516381801,45,female,61325,Healthcare,Suburban,Bachelor's,Single
516382150,38,male,47283,Technology,Urban,Bachelor's,Married
516384823,46,female,79280,Finance,Rural,Bachelor's,Married
516386659,39,male,70230,Education,Urban,Master's,Single
516387622,47,female,95435,Technology,Urban,Some College,Married
516388514,30,female,58166,Technology,Suburban,PhD+,Divorced
516391329,42,male,102590,Manufacturing,Urban,Some College,Married
516393215,24,male,107046,Services,Suburban,Bachelor's,Single
516393471,52,male,78668,Manufacturing,Urban,High School,Divorced
516395224,35,male,45435,Education,Rural,Bachelor's,Divorced
516395317,42,male,67804,Education,Suburban,PhD+,Divorced
516398852,44,male,83772,Healthcare,Rural,Bachelor's,Single
516403937,39,female,80214,Education,Suburban,Master's,Married
516404913,52,male,74691,Retail,Urban,Master's,Single
516407045,42,female,112829,Manufacturing,Suburban,Some College,Married
516407403,31,male,72851,Technology,Urban,Bachelor's,Single
516408241,29,male,56035,Technology,Urban,Master's,Married
516408281,38,female,92153,Manufacturing,Suburban,Bachelor's,Married
516408324,42,female,60413,Education,Suburban,Some College,Divorced
516413559,47,male,74434,Retail,Urban,Bachelor's,Single
516415380,46,female,121597,Technology,Urban,Master's,Married
516416834,46,female,59757,Manufacturing,Urban,Some College,Married
516419954,55,female,47165,Healthcare,Suburban,Some College,Married
516420141,42,female,55223,Education,Suburban,Bachelor's,Married
516420848,39,female,108041,Technology,Urban,Bachelor's,Married
516424580,38,female,105051,Finance,Urban,Master's,Married
516425430,37,female,50803,Technology,Urban,PhD+,Single
516425536,30,male,62866,Technology,Urban,Master's,Married
516425717,37,female,67399,Other,Rural,Some College,Married
516429234,45,male,56405,Healthcare,Urban,Some College,Single
516430665,31,female,74136,Technology,Urban,Bachelor's,Divorced
516431483,30,male,40963,Finance,Rural,Bachelor's,Married
516432553,54,male,39009,Education,Urban,Bachelor's,Divorced
516432791,32,male,45483,Other,Urban,High School,Single
516433247,39,male,93944,Technology,Urban,Some College,Married
516433933,41,female,57782,Healthcare,Urban,Some College,Married
516436601,40,female,56424,Other,Urban,Master's,Married
516437631,32,male,25000,Other,Rural,Some College,Married
516438141,56,male,79054,Technology,Urban,PhD+,Divorced
516439522,46,female,50261,Services,Suburban,Bachelor's,Married
516441999,33,female,113365,Finance,Urban,PhD+,Married
516444050,41,female,105465,Manufacturing,Suburban,High School,Single
516449278,52,female,105486,Services,Suburban,High School,Married
516449906,46,male,84600,Manufacturing,Suburban,Bachelor's,Married
516451301,50,female,101232,Healthcare,Urban,High School,Divorced
516455025,39,male,77215,Technology,Urban,Bachelor's,Married
516457242,33,female,49535,Services,Urban,Bachelor's,Single
516457437,39,female,52551,Technology,Urban,Some College,Married
516459074,39,female,57545,Education,Urban,Some College,Married
516462129,53,male,105875,Manufacturing,Suburban,Some College,Divorced
516462330,53,male,121624,Finance,Urban,Master's,Married
516468424,46,female,88258,Retail,Suburban,Master's,Married
516469147,56,male,100720,Services,Suburban,Bachelor's,Single
516470342,31,male,102017,Healthcare,Suburban,Master's,Single
516475705,30,male,34807,Retail,Urban,PhD+,Married
516476231,44,female,68008,Technology,Suburban,PhD+,Married
516477285,55,male,83241,Retail,Urban,Bachelor's,Married
516479525,38,female,69647,Healthcare,Urban,Some College,Married
516484051,40,male,77007,Healthcare,Urban,PhD+,Married
516486897,29,male,48613,Finance,Rural,PhD+,Single
516490897,40,male,60052,Education,Rural,Master's,Married
516492384,34,male,68413,Technology,Urban,Master's,Married
516495137,36,male,107243,Services,Suburban,High School,Single
516498496,32,female,96403,Other,Suburban,Bachelor's,Married
516499106,42,female,93225,Finance,Urban,PhD+,Widowed
516503312,36,female,69139,Technology,Suburban,Bachelor's,Married
516505331,41,female,56103,Services,Rural,High School,Married
516505682,40,female,139054,Technology,Suburban,High School,Married
516507853,21,female,29028,Healthcare,Urban,High School,Single
516512668,44,male,64822,Healthcare,Urban,PhD+,Married
516514663,43,female,70002,Healthcare,Urban,Master's,Married
516515266,44,female,111442,Finance,Urban,Bachelor's,Married
516515320,53,male,84640,Retail,Rural,High School,Married
516520849,54,female,112334,Technology,Urban,PhD+,Married
516521593,37,female,68363,Services,Suburban,Master's,Married
516528529,40,male,78980,Technology,Urban,Bachelor's,Married
516533482,34,female,75358,Education,Urban,PhD+,Single
516534647,31,male,103537,Retail,Rural,Bachelor's,Single
516541426,26,female,74638,Education,Urban,Master's,Single
516545351,54,female,121745,Manufacturing,Suburban,Some College,Widowed
516545754,34,male,69112,Technology,Urban,Master's,Single
516548418,40,male,69915,Finance,Urban,PhD+,Married
516559137,32,female,58331,Healthcare,Urban,Bachelor's,Single
516559431,38,female,104036,Healthcare,Urban,Bachelor's,Married
516579978,41,male,91557,Education,Suburban,Bachelor's,Single
516585712,41,female,87707,Retail,Suburban,High School,Married
516589182,25,female,50530,Education,Urban,Master's,Single
516590440,37,female,65709,Retail,Urban,Some College,Married
516591534,62,female,69949,Education,Urban,PhD+,Divorced
516592330,40,female,56897,Retail,Urban,High School,Divorced
516596220,28,male,48838,Finance,Suburban,Bachelor's,Single
516597581,51,male,138150,Other,Suburban,Some College,Married
516599887,44,female,82582,Education,Urban,Master's,Married
516606548,46,male,89872,Retail,Urban,PhD+,Married
516606927,39,male,81073,Finance,Urban,Master's,Widowed
516608609,30,female,65519,Manufacturing,Suburban,Some College,Married
516609295,50,female,86663,Services,Rural,High School,Widowed
516610521,38,female,56890,Technology,Urban,Some College,Married
516612748,42,male,46605,Retail,Suburban,Bachelor's,Married
516614625,40,male,66473,Education,Suburban,Master's,Married
516616354,41,male,68335,Finance,Urban,Bachelor's,Divorced
516617479,28,male,86610,Healthcare,Urban,Master's,Married
516617684,29,female,73420,Services,Urban,High School,Married
516618907,40,male,57685,Education,Urban,Master's,Married
516621107,29,female,35870,Manufacturing,Urban,Bachelor's,Married
516621682,52,male,96828,Technology,Suburban,Master's,Married
516631911,50,male,111357,Healthcare,Urban,Master's,Married
516632811,42,female,73340,Finance,Suburban,Master's,Married
516635970,42,male,65334,Retail,Urban,Bachelor's,Married
516637636,33,male,137163,Retail,Suburban,High School,Married
516639887,45,female,90323,Healthcare,Suburban,Bachelor's,Married
516645505,46,female,101323,Finance,Suburban,Bachelor's,Divorced
516647910,45,male,60195,Manufacturing,Suburban,High School,Married
516649030,45,male,78141,Technology,Urban,Some College,Married
516650644,39,female,89282,Finance,Urban,Bachelor's,Divorced
516650918,39,male,93307,Technology,Suburban,Bachelor's,Single
516651621,39,male,58511,Technology,Suburban,Bachelor's,Divorced
516652492,25,male,50950,Finance,Urban,Master's,Single
516653071,52,female,57670,Manufacturing,Urban,High School,Divorced
516653183,39,male,41985,Services,Urban,Bachelor's,Married
516653241,53,male,83019,Manufacturing,Suburban,High School,Married
516653259,25,female,66016,Technology,Urban,Bachelor's,Married
516655071,46,female,121733,Other,Urban,Bachelor's,Married
516655638,24,female,31306,Services,Urban,Some College,Single
516655954,32,female,97360,Technology,Urban,Bachelor's,Single
516656395,40,male,97916,Education,Urban,Master's,Single
516657866,37,female,97210,Manufacturing,Rural,High School,Married
516657988,48,female,65713,Finance,Urban,Bachelor's,Married
516662276,45,female,77799,Services,Suburban,Some College,Married
516662656,37,female,80266,Services,Rural,Master's,Single
516668297,45,female,75019,Technology,Urban,Bachelor's,Single
516677048,27,male,55957,Technology,Suburban,PhD+,Single
516677143,49,female,72098,Manufacturing,Suburban,Bachelor's,Married
516677910,20,male,50599,Technology,Urban,Bachelor's,Single
516683841,56,male,78569,Technology,Rural,Bachelor's,Married
516683979,42,female,49952,Education,Urban,Master's,Married
516690580,40,female,62928,Education,Urban,Master's,Single
516692435,42,female,25656,Retail,Rural,High School,Married
516692942,42,female,84930,Services,Urban,Some College,Divorced
516693454,45,male,85223,Technology,Urban,PhD+,Divorced
516695555,39,male,74044,Education,Urban,PhD+,Married
516695936,41,female,55488,Healthcare,Urban,Bachelor's,Divorced
516696056,29,male,97850,Manufacturing,Rural,Bachelor's,Married
516699219,20,male,69217,Retail,Suburban,Bachelor's,Single
516699411,53,male,55563,Technology,Suburban,Bachelor's,Married
516700119,55,male,72638,Finance,Urban,Bachelor's,Divorced
516704269,46,male,112395,Healthcare,Urban,Bachelor's,Married
516705009,49,female,63820,Services,Suburban,Master's,Single
516705168,32,female,44476,Technology,Urban,Bachelor's,Married
516706694,32,female,90250,Finance,Rural,Bachelor's,Married
516708077,46,male,130711,Education,Urban,Master's,Married
516708823,53,female,58520,Education,Urban,High School,Married
516709414,50,female,72316,Healthcare,Urban,Bachelor's,Married
516713565,34,male,55759,Healthcare,Urban,Bachelor's,Married
516714070,37,female,89507,Finance,Suburban,Bachelor's,Married
516714576,39,female,123686,Retail,Urban,Bachelor's,Married
516714706,39,female,65748,Education,Suburban,Bachelor's,Married
516718034,60,female,121425,Healthcare,Urban,Bachelor's,Married
516719674,49,male,103473,Finance,Suburban,Bachelor's,Divorced
516720538,34,female,82375,Finance,Urban,Master's,Married
516722399,32,female,90754,Finance,Urban,Bachelor's,Married
516723838,37,male,110678,Education,Suburban,Master's,Married
516725881,44,female,88757,Healthcare,Suburban,Some College,Married
516726291,60,female,108698,Finance,Urban,Master's,Married
516735531,38,male,73313,Technology,Urban,Bachelor's,Married
516737526,36,male,67225,Education,Suburban,PhD+,Married
516742260,35,female,137493,Technology,Suburban,Master's,Single
516743656,29,female,86614,Manufacturing,Urban,Some College,Married
516747283,36,male,81764,Education,Suburban,Master's,Single
516747493,46,female,93089,Services,Rural,Bachelor's,Married
516749886,36,male,87057,Technology,Suburban,Some College,Single
516751441,41,female,86444,Finance,Urban,High School,Married
516752569,46,male,94748,Technology,Urban,Some College,Married
516752788,31,female,28672,Manufacturing,Rural,Some College,Married
516754657,32,female,47257,Technology,Urban,Bachelor's,Married
516756726,45,female,69409,Retail,Urban,High School,Single
516758231,36,female,25000,Manufacturing,Urban,Bachelor's,Married
516761919,38,female,68939,Retail,Rural,Master's,Married
516764337,42,female,64913,Education,Urban,PhD+,Married
516766370,47,male,102652,Technology,Urban,Some College,Married
516770375,53,male,58510,Finance,Urban,Some College,Divorced
516770708,52,female,66580,Manufacturing,Rural,High School,Divorced
516771836,32,male,75467,Education,Urban,Bachelor's,Single
516772428,40,female,85351,Technology,Rural,High School,Married
516775211,25,male,121683,Healthcare,Urban,Master's,Single
516781463,40,male,87126,Retail,Urban,Some College,Married
516782728,34,male,36171,Services,Suburban,Some College,Single
516783834,32,male,92587,Education,Suburban,PhD+,Single
516791997,41,female,93693,Healthcare,Suburban,Bachelor's,Married
516795265,28,male,55926,Education,Urban,PhD+,Married
516799403,32,female,61918,Technology,Urban,High School,Married
516799998,48,male,74441,Finance,Urban,Master's,Married
516813942,51,male,61995,Healthcare,Urban,PhD+,Married
516814641,47,female,95140,Finance,Urban,Master's,Married
516814714,41,female,101812,Finance,Suburban,PhD+,Married
516817763,36,female,91044,Technology,Urban,Master's,Married
516818660,37,male,92163,Technology,Urban,Master's,Married
516818667,30,female,36822,Retail,Suburban,Some College,Single
516821207,29,female,78164,Technology,Urban,Bachelor's,Married
516823155,46,male,60831,Education,Urban,Some College,Married
516827390,41,female,50111,Other,Suburban,Master's,Married
516833876,42,female,65717,Education,Suburban,Bachelor's,Married
516841477,18,male,49250,Education,Suburban,Bachelor's,Single
516842670,47,female,81480,Technology,Suburban,Bachelor's,Married
516843296,39,male,78089,Education,Urban,Master's,Divorced
516849960,39,male,69294,Technology,Suburban,Master's,Married
516851802,39,male,100523,Healthcare,Suburban,PhD+,Married
516853336,41,male,68380,Finance,Urban,Bachelor's,Married
516854198,40,male,105795,Finance,Suburban,Some College,Married
516855504,27,male,85785,Healthcare,Suburban,PhD+,Married
516855779,46,male,94164,Technology,Suburban,Bachelor's,Married
516859178,44,female,67761,Technology,Urban,Bachelor's,Married
516866156,46,female,40389,Technology,Urban,Some College,Married
516866395,31,female,100526,Technology,Suburban,High School,Married
516866534,46,female,108699,Technology,Suburban,PhD+,Married
516868075,36,male,66860,Finance,Urban,PhD+,Married
516872406,46,female,80565,Technology,Urban,Some College,Married
516872752,30,female,65154,Retail,Urban,High School,Single
516874034,38,female,63859,Healthcare,Urban,Master's,Single
516876350,38,female,77260,Finance,Urban,Bachelor's,Married
516880662,49,male,91696,Education,Urban,Master's,Married
516882902,32,male,31839,Education,Urban,Master's,Single
516882975,37,female,80905,Education,Urban,Bachelor's,Married
516885337,39,female,47027,Manufacturing,Rural,High School,Married
516901832,48,female,65965,Finance,Urban,Master's,Married
516910887,48,female,73217,Manufacturing,Urban,High School,Married
516917956,41,male,75808,Finance,Suburban,Some College,Married
516918104,50,female,67235,Finance,Urban,Bachelor's,Married
516934705,42,female,108385,Technology,Urban,Master's,Married
516939052,32,male,48172,Services,Urban,High School,Divorced
516972335,33,female,58680,Services,Urban,Bachelor's,Single
516974006,22,male,64986,Technology,Urban,Bachelor's,Single
516974847,38,female,60002,Retail,Rural,Bachelor's,Married
516982180,38,male,39720,Manufacturing,Rural,Bachelor's,Married
516982875,27,male,59873,Services,Urban,Bachelor's,Married
516983915,43,female,79259,Services,Urban,Some College,Married
516984862,45,female,78205,Healthcare,Urban,Bachelor's,Married
516989806,36,male,49879,Education,Urban,Master's,Married
516991179,38,male,102424,Healthcare,Urban,High School,Married
516991824,47,male,78839,Finance,Suburban,Bachelor's,Single
516993648,39,male,88022,Retail,Urban,Master's,Married
516996516,50,female,102511,Healthcare,Urban,Bachelor's,Single
516997682,34,female,46794,Technology,Urban,Master's,Married
517001529,45,male,98936,Technology,Suburban,Bachelor's,Married
517005311,32,male,47788,Technology,Urban,PhD+,Single
517007058,38,male,49467,Healthcare,Urban,Bachelor's,Married
517009257,48,male,89867,Manufacturing,Rural,High School,Married
517012380,42,female,45775,Finance,Urban,Bachelor's,Married
517018215,59,male,137763,Education,Urban,PhD+,Divorced
517018292,42,male,61432,Technology,Urban,PhD+,Married
517020842,46,male,87028,Manufacturing,Urban,Some College,Married
517020934,41,female,77983,Manufacturing,Urban,High School,Married
517022472,33,male,58339,Services,Rural,PhD+,Divorced
517023760,31,female,68564,Technology,Urban,Some College,Single
517023897,54,female,61360,Manufacturing,Rural,High School,Married
517026124,51,male,119397,Manufacturing,Suburban,High School,Married
517027473,50,male,80855,Education,Suburban,Master's,Single
517030702,46,female,63452,Other,Suburban,Some College,Divorced
517039023,39,female,73251,Technology,Urban,Master's,Married
517039202,50,male,114567,Retail,Urban,High School,Married
517039541,37,male,51870,Technology,Suburban,Master's,Divorced
517043006,26,male,63306,Manufacturing,Urban,Bachelor's,Married
517045679,32,female,109803,Finance,Suburban,Master's,Married
517046945,53,female,86094,Finance,Urban,Bachelor's,Married
517052475,44,male,102265,Technology,Urban,High School,Married
517060336,40,male,92868,Healthcare,Suburban,Bachelor's,Married
517066169,56,male,79132,Education,Suburban,Master's,Widowed
517066910,61,female,95260,Services,Suburban,Master's,Married
517072611,31,female,70837,Finance,Suburban,Master's,Married
517072957,35,female,38988,Manufacturing,Rural,High School,Married
517075820,43,female,113534,Finance,Suburban,Bachelor's,Married
517082917,26,male,69127,Services,Urban,Some College,Single
517087355,51,female,79570,Other,Suburban,Some College,Married
517092777,45,male,80048,Finance,Urban,Master's,Divorced
517096492,47,female,59309,Manufacturing,Urban,PhD+,Married
517097128,36,male,72564,Technology,Urban,Bachelor's,Married
517097688,48,male,63049,Technology,Urban,Master's,Married
517097704,51,female,57710,Manufacturing,Suburban,High School,Divorced
517097762,29,male,54032,Technology,Urban,Master's,Single
517103513,38,female,81397,Services,Suburban,High School,Divorced
517104366,38,female,57926,Finance,Urban,Bachelor's,Married
517105897,32,male,27965,Technology,Urban,Bachelor's,Single
517107721,58,male,116079,Finance,Urban,Bachelor's,Single
517112231,46,female,83458,Retail,Suburban,High School,Married
517122851,50,female,97311,Healthcare,Suburban,High School,Married
517123700,33,male,79841,Finance,Suburban,Bachelor's,Married
517126314,30,female,50191,Finance,Suburban,Bachelor's,Single
517126720,40,male,84089,Manufacturing,Urban,High School,Single
517130398,32,female,53843,Manufacturing,Urban,Bachelor's,Married
517142703,49,female,57359,Technology,Urban,Bachelor's,Married
517144907,34,male,84415,Retail,Suburban,High School,Married
517162814,53,female,132477,Manufacturing,Suburban,Bachelor's,Married
517168816,39,male,78274,Manufacturing,Urban,High School,Married
517170947,36,male,105818,Services,Suburban,High School,Married
517171897,19,male,67049,Retail,Rural,High School,Single
517172735,54,male,93672,Healthcare,Suburban,PhD+,Married
517173644,49,male,113434,Healthcare,Suburban,Bachelor's,Married
517174556,47,female,68436,Finance,Urban,Master's,Married
517174710,53,female,73641,Services,Urban,Bachelor's,Married
517176791,39,female,43085,Healthcare,Urban,Master's,Married
517178847,40,female,68381,Manufacturing,Urban,Bachelor's,Married
517178972,39,male,118122,Technology,Urban,Bachelor's,Married
517187113,40,female,79553,Healthcare,Suburban,Bachelor's,Married
517187229,48,female,91210,Manufacturing,Suburban,Some College,Single
517198976,41,male,28390,Services,Urban,Some College,Divorced
517199338,24,female,63422,Retail,Suburban,Some College,Single
517203661,23,female,69493,Services,Urban,Bachelor's,Single
517213915,35,male,64189,Manufacturing,Urban,Some College,Married
517218730,41,female,67153,Education,Urban,Master's,Married
517219655,43,female,44548,Education,Urban,Master's,Married
517237648,46,male,111205,Other,Suburban,Some College,Married
517241253,31,male,82799,Services,Urban,Bachelor's,Married
517242276,43,female,89679,Technology,Suburban,Bachelor's,Married
517243991,45,male,102126,Retail,Suburban,Bachelor's,Married
517244175,48,male,123257,Finance,Suburban,Some College,Married
517244356,42,male,66583,Finance,Urban,Bachelor's,Single
517245094,41,female,89139,Retail,Suburban,Master's,Married
517250974,43,female,49583,Finance,Urban,Master's,Married
517252070,49,male,107115,Finance,Suburban,PhD+,Single
517257096,32,female,61998,Healthcare,Suburban,Bachelor's,Single
517258098,28,male,79435,Finance,Urban,Bachelor's,Married
517258309,41,female,75051,Education,Urban,Some College,Divorced
517259105,49,male,102797,Services,Suburban,High School,Divorced
517260684,38,male,51507,Finance,Suburban,Master's,Married
517267507,52,female,94138,Education,Urban,Bachelor's,Divorced
517277215,29,male,56835,Services,Suburban,Some College,Single
517278919,36,female,90092,Technology,Urban,Bachelor's,Married
517283917,52,female,82055,Technology,Rural,Bachelor's,Divorced
517286012,54,male,59433,Education,Urban,PhD+,Married
517295274,34,female,99035,Education,Suburban,Bachelor's,Married
517303559,48,male,88619,Services,Urban,High School,Divorced
517305395,44,female,110505,Healthcare,Suburban,Bachelor's,Married
517306548,44,male,82762,Education,Urban,Some College,Married
517313919,45,female,68048,Retail,Suburban,Some College,Married
517316704,46,female,66898,Technology,Suburban,Bachelor's,Married
517318531,48,male,86223,Technology,Urban,Bachelor's,Married
517322355,26,female,46072,Services,Rural,Master's,Married
517345903,44,male,85004,Education,Urban,PhD+,Married
517353601,34,male,76993,Healthcare,Urban,Bachelor's,Single
517365249,36,female,56505,Technology,Urban,PhD+,Married
517370027,27,female,34706,Services,Urban,High School,Married
517378567,62,female,98568,Education,Suburban,PhD+,Divorced
517390779,40,male,53483,Services,Urban,High School,Married
517397470,40,male,75185,Technology,Urban,Bachelor's,Married
517398675,33,male,66972,Technology,Urban,Master's,Married
517400453,31,female,43329,Retail,Suburban,High School,Single
517400797,38,female,81884,Technology,Suburban,Master's,Married
517407068,36,female,58810,Healthcare,Rural,Master's,Married
517408750,48,male,105772,Healthcare,Urban,Master's,Married
517416064,35,male,78859,Finance,Urban,Master's,Married
517418741,40,female,96659,Healthcare,Urban,PhD+,Married
517421888,40,female,86228,Finance,Suburban,PhD+,Married
517422096,34,male,42275,Education,Suburban,PhD+,Married
517425234,35,female,89835,Education,Urban,Master's,Divorced
517430188,37,female,70776,Manufacturing,Urban,Some College,Married
517433545,36,female,81114,Services,Suburban,Some College,Single
517443223,31,female,57530,Finance,Urban,Master's,Married
517443259,49,female,99038,Education,Urban,PhD+,Married
517445703,41,male,42990,Healthcare,Rural,Master's,Married
517451436,35,female,60932,Technology,Urban,High School,Married
517454764,47,female,93810,Finance,Urban,Master's,Married
517461999,45,male,69639,Education,Rural,Bachelor's,Married
517463118,40,female,74334,Healthcare,Urban,Bachelor's,Married
517463498,48,male,112060,Finance,Suburban,Bachelor's,Single
517463765,54,male,74403,Finance,Urban,Master's,Married
517467457,37,male,84290,Technology,Suburban,PhD+,Married
517468903,47,female,144820,Healthcare,Suburban,PhD+,Married
517468995,40,female,65654,Manufacturing,Urban,High School,Married
517469154,18,male,78169,Services,Suburban,Master's,Single
517471566,43,male,67539,Healthcare,Rural,Bachelor's,Married
517471854,33,female,77697,Finance,Urban,Bachelor's,Married
517473051,34,male,45066,Services,Suburban,Some College,Married
517476033,51,female,79098,Healthcare,Urban,Bachelor's,Single
517480043,47,female,104947,Technology,Urban,Bachelor's,Single
517480421,45,female,78409,Finance,Urban,Some College,Divorced
517481309,38,male,125149,Technology,Suburban,High School,Divorced
517490875,47,male,35214,Technology,Suburban,Bachelor's,Married
517497538,54,male,100996,Healthcare,Urban,Master's,Single
517498387,57,male,87621,Services,Urban,Some College,Married
517503241,42,female,82665,Education,Urban,Master's,Married
517503682,35,female,77181,Services,Urban,Some College,Married
517506645,44,female,78505,Healthcare,Suburban,Bachelor's,Married
517507654,55,female,98248,Healthcare,Suburban,PhD+,Married
517508597,42,female,72012,Education,Suburban,Master's,Single
517517477,27,male,81996,Technology,Urban,Bachelor's,Married
517531658,32,male,58238,Healthcare,Urban,PhD+,Married
517534812,40,male,63828,Finance,Urban,Some College,Single
517545938,44,female,97942,Technology,Urban,Master's,Single
517546382,40,male,53708,Technology,Urban,Master's,Married
517546914,43,female,125479,Education,Urban,Master's,Single
517547436,45,male,68142,Healthcare,Rural,PhD+,Married
517550082,51,female,80472,Services,Suburban,High School,Widowed
517552047,44,male,25000,Healthcare,Urban,Bachelor's,Married
517562575,50,male,71570,Finance,Urban,Bachelor's,Married
517566094,56,male,82823,Healthcare,Rural,Master's,Married
517566239,48,female,56997,Technology,Suburban,Bachelor's,Married
517566762,55,female,74020,Education,Suburban,Bachelor's,Married
517573813,47,female,103539,Education,Urban,Master's,Married
517575402,52,male,80669,Education,Urban,Bachelor's,Divorced
517577184,36,female,94466,Manufacturing,Urban,High School,Single
517581368,54,male,98696,Finance,Suburban,Bachelor's,Married
517589058,45,male,32155,Manufacturing,Rural,High School,Married
517592541,46,female,129512,Technology,Suburban,Master's,Married
517594083,34,female,83910,Technology,Urban,Bachelor's,Married
517594974,54,male,134702,Healthcare,Urban,Master's,Married
517595128,46,female,66519,Education,Urban,PhD+,Married
517595531,27,female,87425,Services,Suburban,Master's,Married
517598060,40,male,70005,Finance,Suburban,Bachelor's,Married
517605500,36,female,76282,Technology,Urban,Master's,Married
517611388,37,male,96772,Technology,Urban,Bachelor's,Married
517626326,54,male,134921,Technology,Suburban,Bachelor's,Married
517626966,34,female,110946,Manufacturing,Suburban,High School,Married
517627430,43,female,63792,Technology,Rural,Master's,Married
517637453,44,male,81241,Finance,Urban,Master's,Divorced
517641186,34,male,74504,Services,Urban,High School,Single
517643788,36,female,53995,Finance,Urban,Bachelor's,Divorced
517646611,40,male,74237,Technology,Urban,Some College,Married
517647240,48,female,34273,Technology,Urban,Bachelor's,Married
517653566,39,male,91932,Finance,Urban,Master's,Married
517657987,48,female,63741,Education,Rural,Some College,Married
517660390,40,female,38325,Services,Urban,High School,Married
517662027,38,male,29581,Manufacturing,Rural,High School,Single
517663527,43,female,109501,Healthcare,Urban,Bachelor's,Married
517669550,47,male,93154,Technology,Urban,PhD+,Single
517673240,38,male,77835,Healthcare,Urban,PhD+,Married
517674764,32,male,83253,Manufacturing,Urban,Bachelor's,Single
517681258,52,female,78774,Healthcare,Urban,Master's,Divorced
517683933,34,male,41372,Services,Rural,High School,Single
517684570,19,female,73184,Technology,Suburban,Bachelor's,Married
517685710,39,male,73563,Healthcare,Urban,High School,Married
517686386,36,male,84914,Manufacturing,Urban,Some College,Single
517688580,37,female,55577,Healthcare,Urban,Bachelor's,Divorced
517690878,50,female,49168,Education,Urban,Master's,Married
517693293,34,female,77214,Healthcare,Urban,Bachelor's,Married
517693614,50,female,89872,Education,Suburban,PhD+,Married
517694768,41,female,79376,Healthcare,Urban,Bachelor's,Married
517702515,37,male,69364,Retail,Urban,Some College,Single
517704353,43,female,53726,Finance,Suburban,Master's,Married
517735176,44,male,107335,Finance,Urban,Bachelor's,Married
517741508,32,male,77201,Healthcare,Suburban,PhD+,Single
517747243,38,female,65993,Services,Urban,Bachelor's,Divorced
517755131,39,male,87741,Education,Suburban,Bachelor's,Married
517763276,40,male,49151,Finance,Suburban,PhD+,Married
517781375,45,female,52177,Education,Urban,PhD+,Married
517798510,43,male,112235,Finance,Urban,Master's,Married
517805309,37,female,67775,Services,Urban,Master's,Single
517809734,36,male,35622,Retail,Suburban,Bachelor's,Divorced
517821395,41,male,62145,Technology,Urban,Bachelor's,Single
517821629,32,male,107972,Other,Urban,Bachelor's,Single
517821787,38,male,59039,Education,Urban,Some College,Married
517822766,48,female,107803,Healthcare,Rural,Bachelor's,Married
517823810,47,female,94640,Other,Suburban,PhD+,Divorced
517825576,21,female,25000,Retail,Urban,High School,Single
517827023,49,female,49769,Manufacturing,Suburban,Bachelor's,Married
517829134,36,male,74462,Healthcare,Suburban,Bachelor's,Married
517832648,29,female,63916,Services,Urban,Bachelor's,Married
517835018,39,male,69888,Education,Suburban,Master's,Married
517847605,29,male,48527,Technology,Suburban,High School,Married
517853779,35,male,79605,Healthcare,Suburban,PhD+,Married
517854189,37,male,57523,Finance,Suburban,Master's,Married
517857832,38,female,78898,Finance,Suburban,Master's,Married
517861212,44,female,85863,Healthcare,Rural,Bachelor's,Single
517863249,39,male,75355,Healthcare,Urban,Some College,Married
517863865,32,female,48543,Technology,Urban,Some College,Single
517867876,46,female,91328,Technology,Urban,Bachelor's,Married
517871862,45,female,47274,Services,Suburban,Bachelor's,Married
517875585,40,male,65298,Healthcare,Urban,Master's,Single
517876577,50,female,97838,Education,Urban,Bachelor's,Widowed
517878515,43,male,71328,Retail,Suburban,Some College,Divorced
517880035,41,female,73969,Finance,Suburban,Bachelor's,Married
517889972,47,male,83235,Finance,Urban,PhD+,Divorced
517893114,49,female,114515,Education,Urban,Master's,Divorced
517893402,34,female,34609,Manufacturing,Urban,Some College,Single
517894570,37,male,54165,Retail,Urban,Some College,Married
517899281,33,female,72108,Technology,Urban,Bachelor's,Single
517901639,43,female,75123,Healthcare,Rural,Master's,Divorced
517902568,51,female,115393,Services,Urban,High School,Married
517904646,53,female,102011,Manufacturing,Suburban,High School,Married
517904905,37,male,34274,Retail,Urban,Bachelor's,Married
517909213,47,male,119114,Manufacturing,Suburban,Bachelor's,Divorced
517909550,33,female,79363,Services,Urban,High School,Married
517915215,31,male,68207,Education,Suburban,PhD+,Single
517917176,44,male,40313,Education,Urban,PhD+,Divorced
517917627,42,male,43669,Education,Urban,PhD+,Married
517923525,47,female,63943,Healthcare,Suburban,PhD+,Married
517929015,28,male,46961,Finance,Urban,Master's,Single
517934217,45,female,96531,Healthcare,Urban,Bachelor's,Married
517935629,40,male,84636,Finance,Suburban,Master's,Married
517939345,43,female,84706,Education,Suburban,Master's,Divorced
517943834,48,male,38945,Finance,Urban,Some College,Married
517953411,33,male,88893,Services,Rural,PhD+,Single
517953667,36,female,86646,Finance,Urban,Master's,Married
517954058,33,female,25000,Services,Rural,Some College,Single
517954282,42,male,75529,Technology,Urban,Bachelor's,Divorced
517956086,38,female,98049,Finance,Suburban,Master's,Single
517960805,51,female,72328,Services,Suburban,PhD+,Married
517970081,51,female,75860,Retail,Urban,Some College,Divorced
517974292,38,male,63441,Retail,Suburban,High School,Divorced
517976026,31,female,70298,Other,Urban,Master's,Single
517980584,39,male,75306,Finance,Urban,PhD+,Single
517980649,42,male,63444,Education,Urban,Master's,Married
517988478,32,male,79970,Technology,Urban,PhD+,Married
517994778,35,female,96641,Manufacturing,Suburban,High School,Married
517995602,54,male,100883,Technology,Suburban,Some College,Divorced
517999817,55,female,116865,Technology,Suburban,Bachelor's,Single
518007320,45,female,113698,Finance,Urban,Master's,Married
518007790,41,male,79997,Technology,Suburban,Bachelor's,Married
518008097,48,male,105128,Education,Suburban,Bachelor's,Married
518012547,40,male,50826,Finance,Urban,Bachelor's,Married
518013874,24,female,61961,Manufacturing,Urban,High School,Single
518016569,45,male,104719,Technology,Urban,Some College,Widowed
518032732,52,female,95295,Finance,Urban,High School,Married
518038915,33,male,72434,Education,Suburban,PhD+,Married
518065443,46,female,87981,Technology,Suburban,PhD+,Married
518065611,48,male,133045,Finance,Urban,Bachelor's,Married
518068159,34,male,31447,Services,Urban,Bachelor's,Single
518070594,48,male,80107,Healthcare,Suburban,Bachelor's,Married
518073808,32,male,36109,Education,Suburban,PhD+,Married
518076611,35,male,79345,Technology,Urban,PhD+,Married
518080649,35,male,75792,Technology,Urban,Bachelor's,Married
518081800,19,female,35905,Services,Suburban,High School,Single
518083351,31,male,67413,Technology,Suburban,Bachelor's,Married
518083774,39,female,84909,Education,Suburban,Master's,Married
518086415,42,female,59317,Finance,Urban,Bachelor's,Single
518089011,59,female,103466,Healthcare,Urban,Master's,Divorced
518093547,40,male,88841,Technology,Urban,Bachelor's,Married
518095317,40,female,106658,Healthcare,Suburban,Bachelor's,Married
518101503,60,female,125297,Manufacturing,Rural,Master's,Divorced
518104083,41,male,62532,Manufacturing,Urban,High School,Single
518106508,52,male,84295,Retail,Rural,High School,Married
518110521,48,female,82770,Retail,Rural,Some College,Divorced
518111765,51,female,84650,Healthcare,Urban,Bachelor's,Married
518111812,41,male,95295,Technology,Suburban,Master's,Married
518117432,41,female,60440,Healthcare,Urban,Bachelor's,Single
518118027,41,male,52062,Finance,Urban,Some College,Married
518118493,26,female,58385,Technology,Rural,Bachelor's,Divorced
518118618,47,male,68300,Technology,Urban,Bachelor's,Married
518121615,46,female,88224,Healthcare,Urban,PhD+,Married
518125278,42,male,82983,Technology,Urban,Master's,Married
518138690,56,male,80068,Education,Urban,Master's,Divorced
518160619,29,male,81462,Education,Urban,Bachelor's,Single
518167414,44,male,74490,Technology,Urban,Bachelor's,Divorced
518178247,36,male,99745,Technology,Suburban,Bachelor's,Married
518186132,28,female,68967,Services,Urban,High School,Married
518188403,44,female,60234,Healthcare,Urban,Bachelor's,Married
518189063,32,male,68399,Finance,Urban,Bachelor's,Married
518197808,37,male,50573,Education,Rural,Some College,Divorced
518260427,38,male,63918,Finance,Suburban,Bachelor's,Married
518262970,47,male,64656,Manufacturing,Rural,High School,Married
518263002,27,female,80170,Education,Rural,Master's,Married
518263678,38,male,92163,Finance,Suburban,Master's,Married
518265713,46,male,77450,Services,Urban,Bachelor's,Married
518267625,49,male,60324,Finance,Urban,Bachelor's,Married
518269350,41,female,42285,Education,Suburban,Bachelor's,Married
518273789,38,female,89484,Education,Suburban,Bachelor's,Married
518274158,44,female,89101,Manufacturing,Urban,High School,Married
518280024,40,male,59721,Finance,Urban,Master's,Married
518280704,37,male,54722,Education,Urban,Bachelor's,Married
518282254,36,female,79502,Technology,Suburban,Master's,Divorced
518284133,34,female,100950,Services,Urban,Bachelor's,Single
518284640,39,male,69002,Technology,Suburban,Some College,Divorced
518287314,36,male,35096,Manufacturing,Suburban,High School,Married
518289916,38,male,42303,Technology,Suburban,Bachelor's,Married
518291138,35,male,79087,Healthcare,Urban,Bachelor's,Married
518292101,27,female,75885,Retail,Urban,High School,Married
518292107,44,female,63819,Healthcare,Urban,Master's,Married
518293073,26,male,99000,Technology,Urban,Bachelor's,Married
518296214,49,female,118903,Healthcare,Suburban,High School,Married
518297347,36,female,87158,Education,Suburban,PhD+,Married
518310567,32,male,86458,Other,Suburban,High School,Single
518315381,38,male,79762,Education,Urban,Bachelor's,Married
518316318,42,male,114803,Healthcare,Urban,Bachelor's,Divorced
518321862,53,female,99705,Healthcare,Suburban,Master's,Married
518326410,54,female,92939,Healthcare,Urban,Master's,Married
518327285,34,female,58315,Technology,Urban,PhD+,Single
518328419,50,female,94831,Finance,Urban,PhD+,Married
518332241,43,female,93103,Education,Rural,Master's,Single
518348579,30,male,87880,Technology,Suburban,Master's,Married
518350412,43,female,54483,Finance,Urban,Bachelor's,Married
518354109,33,male,85851,Technology,Rural,Master's,Married
518361984,39,male,96974,Healthcare,Urban,Bachelor's,Married
518362583,53,male,65923,Finance,Urban,Master's,Divorced
518363185,47,female,106514,Technology,Urban,Master's,Married
518369499,49,female,84953,Finance,Urban,PhD+,Single
518371791,41,female,44249,Education,Urban,Bachelor's,Married
518373642,52,female,64104,Healthcare,Rural,PhD+,Married
518375312,42,female,55349,Finance,Urban,Master's,Married
518378742,33,male,51393,Technology,Suburban,Master's,Married
518379123,46,female,70031,Manufacturing,Rural,Some College,Married
518383221,49,male,98702,Other,Urban,Bachelor's,Married
518386793,36,male,40545,Manufacturing,Suburban,High School,Divorced
518387793,35,male,25000,Manufacturing,Rural,High School,Married
518403403,38,male,61956,Finance,Urban,Master's,Married
518405598,44,female,55566,Healthcare,Suburban,Bachelor's,Married
518407261,45,male,115170,Technology,Urban,Bachelor's,Married
518408547,41,male,70744,Finance,Urban,Master's,Single
518409990,41,male,71480,Technology,Urban,Master's,Married
518411592,59,female,81338,Education,Suburban,Master's,Widowed
518412097,38,male,69979,Healthcare,Urban,Master's,Widowed
518414506,38,female,64847,Healthcare,Urban,Bachelor's,Married
518420467,49,male,99157,Technology,Urban,Master's,Married
518422830,41,male,91892,Technology,Urban,High School,Divorced
518422854,47,male,54434,Finance,Suburban,Bachelor's,Divorced
518425329,25,male,46081,Education,Urban,Master's,Married
518426963,41,male,79598,Finance,Urban,Some College,Married
518432302,32,male,49749,Education,Urban,Master's,Married
518433364,50,female,106035,Manufacturing,Urban,High School,Divorced
518437598,39,female,86691,Finance,Urban,Master's,Married
518440672,32,female,54423,Education,Rural,PhD+,Single
518441688,37,male,56630,Technology,Urban,High School,Single
518453374,30,female,54624,Healthcare,Rural,PhD+,Married
518462536,44,female,82089,Finance,Urban,Bachelor's,Single
518464133,42,female,106501,Finance,Urban,PhD+,Married
518466945,59,female,100450,Healthcare,Urban,Master's,Divorced
518467610,52,female,109148,Finance,Urban,Master's,Married
518477593,54,male,114048,Other,Suburban,Master's,Married
518478383,36,male,96451,Finance,Urban,High School,Married
518485326,35,male,69141,Services,Suburban,High School,Divorced
518487905,40,male,48345,Healthcare,Urban,Bachelor's,Married
518488090,40,male,57636,Finance,Urban,Master's,Married
518488571,23,female,74258,Services,Urban,Bachelor's,Single
518488733,50,female,51239,Finance,Urban,Master's,Single
518494606,43,male,103241,Manufacturing,Urban,High School,Married
518494965,36,male,82443,Retail,Urban,Master's,Divorced
518496673,35,female,51257,Finance,Urban,Master's,Married
518496932,38,male,94971,Education,Rural,PhD+,Divorced
518500464,33,female,59407,Healthcare,Urban,Bachelor's,Single
518503798,50,male,78789,Healthcare,Urban,Master's,Divorced
518503901,55,male,64613,Retail,Suburban,High School,Single
518503940,31,male,70257,Manufacturing,Suburban,Some College,Single
518504552,48,female,104207,Healthcare,Suburban,PhD+,Divorced
518504674,36,female,53884,Education,Urban,PhD+,Married
518504850,55,male,67715,Education,Rural,PhD+,Divorced
518506074,41,female,45610,Healthcare,Urban,Master's,Single
518510118,36,male,64470,Manufacturing,Urban,Bachelor's,Married
518512376,51,female,103254,Technology,Urban,Master's,Married
518514099,54,female,99306,Education,Suburban,Master's,Married
518518355,30,female,60571,Technology,Suburban,Bachelor's,Married
518518546,53,female,66695,Manufacturing,Urban,Some College,Married
518524522,37,female,66772,Retail,Urban,Bachelor's,Divorced
518525929,45,male,73981,Finance,Urban,Bachelor's,Married
518531278,38,female,51346,Finance,Suburban,Bachelor's,Married
518533947,34,male,41749,Healthcare,Urban,Some College,Married
518534734,40,male,91265,Education,Suburban,Master's,Married
518535772,33,female,80070,Services,Rural,Some College,Single
518537857,41,female,66360,Services,Suburban,High School,Single
518540537,44,female,81205,Technology,Urban,High School,Divorced
518560408,40,female,76161,Finance,Urban,Master's,Married
518561664,43,female,136273,Manufacturing,Rural,Some College,Divorced
518562310,41,female,66201,Retail,Urban,Bachelor's,Married
518576577,39,male,58776,Manufacturing,Urban,Some College,Single
518579924,44,female,97104,Healthcare,Urban,Bachelor's,Married
518581635,38,male,96196,Technology,Urban,Bachelor's,Single
518587761,45,male,80115,Education,Urban,Master's,Single
518593922,52,male,85133,Technology,Urban,Master's,Single
518595004,33,male,87744,Finance,Suburban,Master's,Single
518595789,34,female,66148,Finance,Urban,High School,Married
518600786,44,female,50394,Manufacturing,Rural,Bachelor's,Married
518601443,39,male,77376,Finance,Urban,Master's,Married
518601573,38,male,58930,Healthcare,Urban,PhD+,Single
518610296,39,female,79693,Finance,Rural,Master's,Widowed
518612490,53,female,61004,Finance,Urban,Master's,Married
518613836,38,female,70789,Education,Urban,Bachelor's,Married
518613837,30,female,76795,Healthcare,Suburban,Master's,Single
518615100,34,female,84020,Technology,Suburban,Master's,Married
518615593,34,male,52057,Technology,Suburban,Bachelor's,Married
518617288,22,male,33504,Healthcare,Urban,Bachelor's,Single
518617378,36,male,83552,Education,Suburban,Master's,Married
518618831,41,male,113687,Education,Urban,PhD+,Married
518621237,46,female,57956,Healthcare,Urban,Master's,Married
518621745,35,male,68776,Technology,Suburban,Master's,Married
518622764,43,female,70761,Technology,Urban,PhD+,Divorced
518625932,48,male,79186,Healthcare,Urban,Bachelor's,Married
518627222,26,male,46049,Retail,Rural,High School,Single
518627429,60,male,133301,Manufacturing,Urban,Master's,Married
518628371,41,female,81667,Services,Urban,High School,Married
518628880,28,male,56433,Education,Urban,PhD+,Married
518629399,30,male,54623,Retail,Urban,Bachelor's,Married
518629978,26,male,50221,Education,Rural,Bachelor's,Single
518630461,49,male,78474,Technology,Suburban,Master's,Married
518631171,58,male,88466,Healthcare,Urban,Bachelor's,Married
518632383,35,female,81586,Healthcare,Urban,PhD+,Married
518632943,42,female,83150,Retail,Urban,High School,Married
518633499,37,female,67822,Technology,Urban,PhD+,Divorced
518639307,35,female,101468,Technology,Urban,PhD+,Single
518639853,52,female,67487,Finance,Rural,PhD+,Married
518641675,49,female,70780,Technology,Urban,PhD+,Divorced
518642414,41,male,98522,Finance,Suburban,Master's,Married
518645113,36,male,56768,Manufacturing,Suburban,Some College,Married
518645833,38,female,39532,Manufacturing,Suburban,High School,Married
518646175,53,female,86181,Finance,Suburban,Bachelor's,Married
518647023,38,female,103193,Technology,Suburban,Some College,Married
518650800,33,female,67256,Manufacturing,Urban,Master's,Married
518651249,45,female,101053,Healthcare,Urban,Bachelor's,Married
518651774,55,male,92302,Manufacturing,Rural,High School,Married
518652849,39,female,140204,Education,Urban,Master's,Married
518653442,46,female,71987,Finance,Urban,Master's,Single
518654095,42,male,76667,Manufacturing,Suburban,Bachelor's,Married
518657204,25,female,57751,Services,Suburban,Some College,Single
518657774,26,female,63692,Services,Suburban,Master's,Married
518658040,38,female,78858,Finance,Urban,Bachelor's,Divorced
518658456,38,female,66058,Healthcare,Urban,Master's,Married
518658811,38,female,100308,Healthcare,Urban,Bachelor's,Single
518659305,33,male,99902,Retail,Urban,Bachelor's,Married
518659330,37,male,63869,Finance,Urban,Bachelor's,Married
518659411,41,male,42766,Healthcare,Suburban,Bachelor's,Married
518661803,47,female,119820,Technology,Urban,PhD+,Married
518662868,38,male,55042,Education,Urban,Bachelor's,Married
518663774,50,female,51777,Technology,Urban,Master's,Divorced
518664042,44,male,88429,Education,Urban,Master's,Single
518666703,44,female,76643,Healthcare,Urban,Bachelor's,Single
518667238,40,male,62034,Education,Rural,Master's,Single
518668292,44,male,90361,Technology,Suburban,PhD+,Single
518668417,31,female,72509,Manufacturing,Suburban,Some College,Divorced
518670377,36,female,64753,Retail,Suburban,High School,Married
518674708,43,female,70089,Finance,Urban,Master's,Married
518676325,29,male,56219,Technology,Urban,Master's,Married
518679276,43,male,47136,Education,Suburban,Bachelor's,Divorced
518681524,48,female,81879,Finance,Suburban,Master's,Married
518682224,35,male,70990,Education,Rural,Bachelor's,Married
518682636,34,male,37421,Other,Urban,Bachelor's,Married
518687046,48,female,72710,Retail,Urban,High School,Single
518687293,56,male,53238,Manufacturing,Rural,Some College,Married
518688315,59,female,66270,Technology,Suburban,Master's,Divorced
518688401,47,female,86752,Retail,Suburban,Bachelor's,Married
518688769,52,male,79551,Education,Rural,Master's,Married
518689251,36,female,46075,Technology,Urban,Bachelor's,Married
518689997,38,male,56055,Healthcare,Urban,Bachelor's,Married
518689999,42,male,66113,Education,Urban,Bachelor's,Married
518690719,31,male,67035,Education,Suburban,PhD+,Single
518690884,41,female,76937,Finance,Urban,PhD+,Divorced
518691953,52,male,88436,Finance,Suburban,Master's,Married
518697192,40,female,50565,Finance,Rural,Master's,Married
518700458,31,female,90424,Manufacturing,Suburban,Bachelor's,Single
518704634,35,male,89971,Healthcare,Urban,Bachelor's,Married
518706028,34,male,60763,Other,Suburban,Bachelor's,Single
518708825,33,male,73056,Manufacturing,Suburban,Bachelor's,Single
518708945,50,male,77687,Education,Suburban,Master's,Divorced
518714928,44,male,115887,Manufacturing,Rural,Bachelor's,Divorced
518715786,48,male,129857,Retail,Urban,Some College,Married
518716296,21,female,62934,Technology,Urban,High School,Single
518717629,30,male,79197,Education,Urban,Master's,Married
518718806,35,male,90310,Services,Suburban,Some College,Married
518719895,32,female,102657,Technology,Urban,Bachelor's,Divorced
518720069,56,female,92472,Technology,Urban,Bachelor's,Married
518722226,31,male,71925,Healthcare,Urban,Some College,Single
518723254,45,female,111439,Technology,Urban,Some College,Married
518726599,36,female,64841,Finance,Urban,Bachelor's,Married
518737395,39,male,88565,Technology,Urban,Bachelor's,Married
518737919,48,female,57341,Retail,Suburban,Bachelor's,Single
518741017,50,female,70131,Finance,Urban,Master's,Married
518741205,59,male,60870,Technology,Suburban,Master's,Married
518744344,42,female,73496,Technology,Urban,PhD+,Married
518744625,45,female,56636,Services,Urban,Some College,Married
518745385,46,female,88223,Education,Urban,Master's,Married
518751814,40,female,94823,Finance,Suburban,Master's,Married
518758193,49,female,28995,Healthcare,Urban,Master's,Divorced
518758348,34,female,62101,Technology,Urban,Bachelor's,Single
518764869,35,male,44288,Education,Urban,High School,Married
518764916,36,male,27382,Manufacturing,Rural,High School,Married
518765549,36,male,64037,Education,Urban,Master's,Married
518769311,44,female,40527,Technology,Rural,Master's,Married
518771437,47,male,68766,Retail,Urban,Bachelor's,Married
518772937,50,male,81088,Manufacturing,Urban,High School,Married
518774531,49,female,83230,Healthcare,Urban,Bachelor's,Divorced
518774651,34,male,78650,Finance,Urban,Bachelor's,Single
518776045,31,male,41425,Finance,Suburban,Some College,Single
518780228,42,male,50482,Healthcare,Urban,Bachelor's,Married
518781665,37,female,46952,Healthcare,Urban,Master's,Married
518782292,47,male,96736,Finance,Urban,Bachelor's,Married
518783514,29,male,58750,Technology,Suburban,Master's,Married
518783553,47,female,82795,Manufacturing,Suburban,Some College,Married
518784510,47,male,95666,Healthcare,Suburban,Some College,Single
518785867,38,male,80102,Manufacturing,Urban,High School,Married
518787679,45,male,90020,Technology,Urban,Master's,Married
518787970,31,female,83420,Manufacturing,Suburban,Some College,Married
518800233,39,female,76462,Education,Urban,PhD+,Married
518806819,38,female,74287,Education,Urban,Master's,Single
518806962,50,female,76410,Education,Suburban,Master's,Married
518807593,36,female,58534,Retail,Urban,Bachelor's,Married
518810657,34,female,80102,Technology,Suburban,Bachelor's,Divorced
518812393,30,male,35568,Technology,Urban,Bachelor's,Single
518822826,31,female,33932,Manufacturing,Suburban,Bachelor's,Single
518823964,42,male,85369,Education,Suburban,Master's,Married
518824195,41,male,66667,Finance,Urban,Master's,Married
518824602,44,male,49476,Finance,Urban,Bachelor's,Married
518824669,52,female,106419,Healthcare,Urban,Master's,Married
518827584,35,female,31568,Retail,Urban,Master's,Married
518828425,29,male,101105,Retail,Rural,Bachelor's,Divorced
518834900,35,female,45320,Finance,Urban,Bachelor's,Married
518835414,45,female,113150,Technology,Suburban,Bachelor's,Married
518836200,51,female,93473,Healthcare,Suburban,PhD+,Married
518844700,39,male,73511,Retail,Suburban,High School,Married
518844750,37,female,103861,Healthcare,Suburban,Master's,Married
518847107,50,female,87039,Manufacturing,Urban,Bachelor's,Divorced
518852882,41,male,66913,Manufacturing,Suburban,Some College,Divorced
518853829,31,male,67585,Healthcare,Suburban,Bachelor's,Divorced
518856000,40,female,68718,Finance,Suburban,Some College,Married
518857424,40,male,96028,Finance,Suburban,Bachelor's,Married
518858904,28,female,75441,Technology,Urban,Bachelor's,Single
518859869,56,male,66917,Healthcare,Urban,Some College,Divorced
518860265,34,male,65593,Finance,Urban,Bachelor's,Married
518860298,36,female,60163,Services,Urban,High School,Divorced
518860606,40,male,95776,Healthcare,Urban,Some College,Single
518862804,58,female,99233,Other,Urban,Master's,Widowed
518869372,29,female,62301,Finance,Urban,Some College,Married
518877233,46,male,76801,Education,Urban,Master's,Divorced
518885577,41,male,75429,Finance,Urban,PhD+,Single
518888939,49,male,94567,Technology,Urban,Some College,Married
518889447,44,male,53973,Healthcare,Urban,PhD+,Married
518889557,51,male,108118,Education,Urban,Bachelor's,Married
518889989,53,male,115890,Services,Urban,High School,Married
518890491,54,male,106222,Technology,Urban,Master's,Single
518892819,38,male,66361,Education,Urban,Master's,Single
518894529,48,male,31742,Other,Urban,Bachelor's,Married
518895065,29,male,45434,Education,Urban,Master's,Single
518895676,44,male,110654,Healthcare,Suburban,Master's,Single
518896175,60,male,73241,Finance,Suburban,Master's,Married
518898018,31,female,88371,Services,Urban,Some College,Married
518898350,34,male,78472,Services,Rural,Master's,Single
518900272,44,female,55004,Services,Urban,High School,Married
518900557,34,female,64268,Education,Urban,Master's,Married
518901124,43,female,109073,Technology,Urban,PhD+,Single
518902048,40,male,88474,Finance,Suburban,Bachelor's,Married
518904945,35,male,25000,Healthcare,Rural,Some College,Married
518905450,30,male,64093,Technology,Urban,Master's,Married
518905483,37,male,98913,Finance,Urban,PhD+,Married
518906492,43,female,89761,Finance,Suburban,Bachelor's,Married
518906826,38,female,63941,Technology,Urban,Master's,Divorced
518908523,35,male,58498,Manufacturing,Suburban,Some College,Married
518909989,36,male,86831,Education,Rural,PhD+,Divorced
518910545,31,male,95146,Technology,Suburban,PhD+,Single
518910603,47,female,101650,Education,Suburban,Master's,Widowed
518912192,31,male,66491,Education,Suburban,PhD+,Married
518914082,35,male,79181,Manufacturing,Suburban,Some College,Single
518914565,41,male,94328,Healthcare,Suburban,PhD+,Married
518916712,63,male,112765,Healthcare,Urban,Master's,Widowed
518918334,44,male,139671,Finance,Suburban,Master's,Single
518920293,33,female,69845,Retail,Urban,Bachelor's,Married
518921327,41,female,82262,Retail,Suburban,Master's,Divorced
518921364,44,male,109342,Finance,Urban,Bachelor's,Married
518925411,37,female,80052,Technology,Urban,Some College,Married
518929280,42,female,108798,Education,Urban,Bachelor's,Married
518930992,34,male,70113,Healthcare,Urban,Master's,Married
518933612,40,female,54926,Healthcare,Suburban,Bachelor's,Married
518936364,26,female,35880,Healthcare,Urban,Master's,Married
518938011,48,male,120106,Technology,Urban,Master's,Married
518938521,34,male,73109,Healthcare,Suburban,Some College,Married
518940831,50,male,86787,Technology,Urban,Some College,Married
518942165,34,female,58527,Education,Urban,Some College,Single
518946187,43,male,76909,Retail,Urban,Bachelor's,Married
518947000,31,male,74954,Education,Urban,PhD+,Single
518950677,53,male,70015,Technology,Urban,PhD+,Widowed
518958586,36,male,55944,Education,Urban,Master's,Married
518958598,50,male,100385,Finance,Suburban,Master's,Married
518967124,28,male,38920,Retail,Suburban,Some College,Married
518967876,58,female,166073,Technology,Urban,Bachelor's,Divorced
518969119,43,female,70404,Healthcare,Urban,Bachelor's,Single
518978637,25,female,25000,Other,Rural,High School,Married
518992101,46,female,90516,Healthcare,Rural,Bachelor's,Married
518993321,43,male,77456,Finance,Suburban,Bachelor's,Married
518998527,41,male,69324,Technology,Suburban,Some College,Divorced
519005866,43,female,90081,Education,Urban,PhD+,Widowed
519010148,55,female,54187,Finance,Urban,Bachelor's,Married
519023956,48,male,60372,Education,Urban,High School,Married
519024445,41,female,42887,Retail,Urban,Some College,Married
519024479,36,female,74811,Finance,Urban,Master's,Married
519024639,44,male,48774,Education,Suburban,Master's,Single
519026802,38,male,109816,Finance,Rural,Bachelor's,Divorced
519028045,41,male,94206,Finance,Suburban,Bachelor's,Married
519028976,60,male,93158,Manufacturing,Suburban,High School,Married
519031722,40,male,86959,Technology,Suburban,Master's,Divorced
519032281,44,male,123393,Finance,Urban,Bachelor's,Married
519032350,33,male,80083,Education,Rural,Master's,Single
519034550,25,male,96437,Manufacturing,Urban,High School,Married
519037331,28,female,25000,Services,Urban,High School,Single
519038709,42,male,97561,Healthcare,Urban,Bachelor's,Married
519038909,35,male,101948,Manufacturing,Suburban,High School,Married
519040896,34,male,73722,Retail,Rural,High School,Single
519044512,42,female,96555,Education,Suburban,Master's,Married
519044687,41,female,84080,Technology,Urban,Master's,Married
519045862,41,female,59165,Finance,Urban,Bachelor's,Married
519046035,35,male,98123,Healthcare,Urban,Master's,Married
519048226,34,female,56745,Healthcare,Urban,PhD+,Single
519051407,55,female,66343,Technology,Urban,Master's,Married
519054071,35,male,86984,Finance,Urban,Some College,Married
519055304,43,male,64428,Retail,Urban,High School,Married
519056471,46,female,60899,Finance,Suburban,Bachelor's,Married
519057217,39,male,64700,Technology,Urban,High School,Married
519058493,36,female,81966,Education,Suburban,Master's,Married
519062733,49,female,123568,Healthcare,Urban,PhD+,Married
519064123,34,male,60133,Manufacturing,Urban,High School,Married
519066840,43,female,83688,Technology,Suburban,Bachelor's,Single
519067219,32,male,63824,Technology,Urban,Some College,Married
519068660,55,female,100936,Healthcare,Urban,PhD+,Married
519069376,43,female,88556,Education,Suburban,PhD+,Single
519072225,33,female,54508,Education,Urban,Bachelor's,Married
519074179,45,female,86630,Services,Rural,High School,Married
519078297,39,female,102960,Services,Suburban,High School,Married
519081728,32,female,63371,Healthcare,Urban,PhD+,Single
519086335,54,female,85495,Technology,Urban,Master's,Married
519086571,31,male,43257,Education,Suburban,PhD+,Single
519089356,43,female,66089,Manufacturing,Urban,Bachelor's,Married
519090230,38,male,74205,Technology,Urban,Bachelor's,Married
519094083,43,male,100140,Healthcare,Suburban,Bachelor's,Married
519094097,38,male,40848,Technology,Urban,Bachelor's,Married
519104719,35,female,55963,Technology,Urban,Master's,Married
519106832,52,female,72667,Manufacturing,Urban,Master's,Married
519107243,41,female,80245,Other,Urban,Bachelor's,Married
519109113,44,male,27753,Education,Suburban,Master's,Widowed
519109187,33,female,78022,Finance,Urban,Some College,Divorced
519110528,37,male,25000,Retail,Suburban,Some College,Married
519115182,49,female,64564,Services,Urban,High School,Married
519117677,46,female,90159,Finance,Urban,Some College,Married
519119271,64,female,132345,Education,Urban,Some College,Widowed
519119378,40,female,53288,Services,Urban,Bachelor's,Married
519122577,49,male,81612,Healthcare,Urban,Bachelor's,Married
519123569,53,male,85198,Healthcare,Suburban,Bachelor's,Married
519124746,38,female,70652,Technology,Urban,Bachelor's,Married
519125256,23,female,67332,Services,Suburban,High School,Single
519134258,36,female,70741,Services,Suburban,High School,Married
519136197,44,male,74852,Technology,Suburban,Bachelor's,Married
519136595,53,female,109931,Technology,Urban,PhD+,Single
519137557,35,female,62696,Education,Rural,Master's,Married
519138772,41,female,101724,Finance,Urban,Bachelor's,Single
519142090,38,male,91415,Finance,Suburban,Some College,Married
519145327,38,male,92654,Healthcare,Suburban,Bachelor's,Divorced
519146978,42,female,34932,Technology,Rural,Master's,Married
519149642,39,female,57496,Healthcare,Suburban,Bachelor's,Single
519150092,30,male,38321,Retail,Suburban,Bachelor's,Married
519152697,41,male,71094,Finance,Urban,Master's,Married
519157408,38,female,101711,Finance,Urban,PhD+,Divorced
519160418,40,male,53723,Finance,Urban,Master's,Married
519162135,47,male,84289,Education,Urban,Master's,Married
519162577,31,female,72129,Education,Urban,Master's,Married
519164648,36,male,62699,Technology,Urban,PhD+,Married
519169932,48,female,65244,Healthcare,Rural,Some College,Divorced
519173072,50,female,102453,Healthcare,Urban,Bachelor's,Married
519176619,46,male,84815,Finance,Suburban,Master's,Married
519177248,41,female,70019,Education,Urban,Some College,Married
519177349,25,male,36515,Technology,Suburban,Bachelor's,Single
519177669,43,male,80027,Finance,Urban,Bachelor's,Married
519179281,44,male,75372,Education,Urban,Master's,Married
519180698,42,male,87544,Retail,Suburban,Some College,Divorced
519187141,35,male,67414,Finance,Urban,Bachelor's,Divorced
519188271,41,female,59094,Technology,Urban,Master's,Married
519188618,28,male,85123,Retail,Suburban,Bachelor's,Married
519189129,26,male,103377,Finance,Urban,Bachelor's,Married
519189160,36,male,64126,Manufacturing,Urban,High School,Divorced
519189428,35,male,39589,Retail,Urban,Bachelor's,Widowed
519193325,38,male,68940,Manufacturing,Suburban,High School,Divorced
519195148,43,male,65682,Education,Suburban,Master's,Single
519197387,43,female,55199,Education,Urban,Master's,Divorced
519198838,54,female,93912,Finance,Suburban,Bachelor's,Divorced
519200746,39,male,55490,Manufacturing,Suburban,Some College,Married
519202938,38,male,107380,Finance,Urban,Master's,Divorced
519204688,54,female,99784,Education,Suburban,Master's,Married
519209927,40,male,79500,Finance,Suburban,Bachelor's,Single
519213203,45,male,63890,Manufacturing,Suburban,Bachelor's,Single
519213614,54,male,94902,Technology,Suburban,Some College,Divorced
519216595,34,male,81381,Manufacturing,Suburban,High School,Married
519217704,45,female,76961,Manufacturing,Urban,Some College,Married
519218154,50,female,72965,Technology,Suburban,PhD+,Widowed
519221227,27,female,78676,Finance,Suburban,Bachelor's,Married
519222462,37,male,62078,Finance,Suburban,Master's,Divorced
519223814,51,female,98226,Manufacturing,Rural,High School,Divorced
519225663,34,female,84973,Finance,Urban,Some College,Married
519225746,37,male,49294,Healthcare,Urban,Master's,Divorced
519234503,50,female,82954,Manufacturing,Suburban,High School,Married
519236835,36,female,74328,Healthcare,Urban,PhD+,Married
519237306,36,female,35167,Healthcare,Urban,Bachelor's,Married
519240239,32,female,85361,Technology,Suburban,Bachelor's,Single
519241084,53,female,134107,Technology,Suburban,Some College,Single
519241209,48,male,86226,Healthcare,Suburban,Some College,Married
519241925,43,female,129971,Healthcare,Urban,Bachelor's,Single
519242754,38,male,90692,Technology,Urban,Bachelor's,Single
519244213,32,male,101374,Healthcare,Rural,Master's,Married
519245608,49,male,55670,Manufacturing,Rural,Bachelor's,Married
519247125,38,male,94687,Healthcare,Urban,Master's,Widowed
519248740,42,male,94671,Education,Suburban,Master's,Married
519254457,33,female,48108,Education,Urban,Master's,Married
519256330,40,male,63701,Manufacturing,Rural,High School,Divorced
519263910,47,male,82479,Healthcare,Urban,Master's,Married
519265036,33,male,73836,Technology,Urban,Master's,Single
519266477,44,male,76648,Finance,Urban,Master's,Divorced
519270136,50,female,56586,Education,Urban,Bachelor's,Married
519271074,20,male,56169,Manufacturing,Urban,High School,Single
519271375,32,male,54112,Retail,Suburban,Bachelor's,Married
519271978,34,male,114226,Finance,Urban,PhD+,Married
519278616,35,male,99235,Technology,Urban,Master's,Divorced
519278823,45,female,68931,Technology,Urban,PhD+,Divorced
519280233,43,male,83333,Healthcare,Urban,Master's,Married
519281395,52,male,126696,Manufacturing,Urban,High School,Married
519286145,54,male,86204,Healthcare,Urban,Some College,Divorced
519286326,41,female,60674,Technology,Suburban,Bachelor's,Married
519287736,38,male,58866,Healthcare,Urban,Master's,Married
519288076,39,female,56568,Retail,Suburban,Bachelor's,Married
519288579,43,female,84106,Manufacturing,Suburban,PhD+,Married
519292187,56,female,59154,Technology,Urban,Master's,Married
519296424,39,male,74645,Finance,Suburban,Bachelor's,Married
519298103,44,male,64272,Technology,Urban,Master's,Married
519298301,48,male,70278,Finance,Urban,Some College,Married
519298999,28,male,90385,Healthcare,Suburban,Master's,Married
519301726,36,male,79613,Technology,Urban,Master's,Married
519303370,38,male,76923,Retail,Urban,High School,Married
519304503,30,female,61468,Retail,Urban,High School,Married
519308979,46,female,95472,Healthcare,Urban,Some College,Married
519309142,52,male,108439,Finance,Urban,High School,Single
519309842,38,female,114406,Healthcare,Suburban,Some College,Married
519310746,37,male,60011,Technology,Urban,Bachelor's,Single
519312494,33,female,66867,Retail,Urban,Bachelor's,Single
519313041,48,female,53318,Technology,Urban,Master's,Married
519315029,47,female,98551,Healthcare,Urban,Some College,Divorced
519315703,39,female,59896,Finance,Suburban,Master's,Married
519315719,50,female,73653,Technology,Urban,Bachelor's,Married
519319032,27,female,38552,Retail,Suburban,Bachelor's,Married
519319162,39,female,77356,Technology,Urban,High School,Married
519320139,35,male,47258,Services,Urban,High School,Married
519322203,39,male,67919,Manufacturing,Suburban,High School,Divorced
519322381,29,female,69162,Manufacturing,Urban,Master's,Married
519322857,38,male,68797,Healthcare,Urban,Master's,Married
519324373,40,female,63292,Technology,Rural,Some College,Married
519324583,44,female,74433,Finance,Urban,Bachelor's,Divorced
519333756,29,female,67769,Education,Suburban,Master's,Married
519340742,49,male,103947,Education,Urban,Master's,Divorced
519342024,45,female,43641,Education,Urban,PhD+,Married
519346716,42,female,92226,Technology,Rural,Master's,Married
519356330,47,female,88420,Healthcare,Suburban,Master's,Married
519357822,40,female,59975,Healthcare,Urban,Master's,Married
519367815,46,female,71220,Technology,Urban,Master's,Married
519368869,42,female,122668,Healthcare,Urban,Bachelor's,Divorced
519370712,44,male,56475,Retail,Urban,High School,Married
519390057,45,male,104324,Finance,Urban,Master's,Married
519398910,43,female,91996,Education,Suburban,Master's,Married
519400553,54,female,84435,Services,Urban,High School,Divorced
519402576,41,male,64278,Retail,Rural,High School,Married
519418440,50,female,100325,Technology,Urban,Bachelor's,Married
519419407,46,female,147500,Technology,Suburban,Bachelor's,Single
519419429,45,female,46309,Healthcare,Urban,PhD+,Married
519420730,45,male,80963,Healthcare,Suburban,Master's,Married
519427670,42,male,60774,Finance,Suburban,Bachelor's,Divorced
519431766,36,male,43987,Manufacturing,Suburban,Bachelor's,Married
519432172,48,male,76126,Technology,Urban,PhD+,Married
519437958,40,male,104020,Healthcare,Suburban,Bachelor's,Single
519438993,38,female,54552,Retail,Suburban,High School,Divorced
519441605,36,female,74751,Healthcare,Urban,Some College,Married
519443782,31,male,66816,Healthcare,Urban,Master's,Single
519443830,26,male,84910,Manufacturing,Suburban,PhD+,Married
519444930,29,female,74934,Technology,Urban,PhD+,Married
519445463,47,female,83696,Healthcare,Suburban,Bachelor's,Divorced
519445928,34,male,52222,Services,Rural,Bachelor's,Married
519448392,43,female,96917,Technology,Suburban,Master's,Divorced
519456146,66,male,125591,Education,Urban,Master's,Divorced
519456541,25,female,68513,Technology,Urban,Master's,Single
519462278,32,female,52967,Healthcare,Urban,PhD+,Married
519479844,51,male,115527,Technology,Suburban,Master's,Single
519488028,37,male,86590,Healthcare,Suburban,Bachelor's,Married
519490642,36,female,66901,Education,Urban,PhD+,Married
519492103,35,male,81972,Retail,Urban,High School,Married
519505494,47,male,61771,Technology,Urban,Bachelor's,Married
519506385,43,male,96058,Finance,Urban,PhD+,Married
519507987,36,male,53051,Healthcare,Suburban,Bachelor's,Married
519509971,28,female,86757,Technology,Suburban,Master's,Single
519513481,31,male,112470,Healthcare,Suburban,Master's,Single
519517050,42,male,57635,Healthcare,Urban,Bachelor's,Married
519522171,45,female,106168,Healthcare,Urban,PhD+,Married
519532588,25,male,38394,Retail,Urban,Some College,Married
519544312,38,male,91019,Healthcare,Rural,PhD+,Married
519544544,32,male,44115,Finance,Urban,Bachelor's,Single
519558133,41,female,59309,Retail,Urban,Bachelor's,Single
519563511,34,male,71930,Finance,Urban,Bachelor's,Married
519563698,25,female,71510,Other,Urban,High School,Single
519571923,37,male,74133,Finance,Urban,Master's,Married
519574409,43,female,25000,Retail,Suburban,Some College,Married
519577502,49,female,57332,Technology,Urban,Bachelor's,Married
519579625,41,male,76085,Manufacturing,Rural,Bachelor's,Married
519586873,46,female,73582,Retail,Urban,High School,Married
519586888,36,male,58409,Technology,Urban,Bachelor's,Divorced
519587540,37,female,84979,Healthcare,Rural,Bachelor's,Married
519594156,29,male,51667,Finance,Urban,High School,Single
519594447,46,female,77600,Education,Urban,Master's,Married
519597773,40,male,95021,Technology,Suburban,Bachelor's,Married
519604253,43,male,110887,Finance,Rural,Bachelor's,Married
519610287,35,male,41335,Healthcare,Suburban,Bachelor's,Married
519610425,38,male,88965,Manufacturing,Urban,Bachelor's,Divorced
519613417,33,female,61343,Finance,Urban,Bachelor's,Divorced
519625780,56,male,114972,Technology,Suburban,Master's,Divorced
519625862,40,male,84449,Retail,Suburban,High School,Married
519628875,49,male,84729,Technology,Suburban,Master's,Married
519638616,50,male,54619,Finance,Urban,Some College,Married
519638671,45,male,69626,Technology,Urban,Bachelor's,Married
519641980,21,female,91784,Manufacturing,Suburban,High School,Single
519644925,26,male,25000,Education,Suburban,Bachelor's,Married
519645423,36,female,82195,Retail,Urban,Bachelor's,Married
519665868,50,female,56945,Retail,Urban,High School,Married
519677568,35,female,81444,Healthcare,Suburban,Master's,Divorced
519691571,52,male,84138,Technology,Urban,Master's,Married
519706187,39,male,76675,Healthcare,Urban,Some College,Married
519711387,50,male,147052,Healthcare,Suburban,Master's,Married
519715393,46,female,64749,Services,Urban,Master's,Married
519719130,39,female,107841,Finance,Urban,Master's,Married
519724699,44,female,63417,Education,Rural,Master's,Married
519737283,34,male,79245,Finance,Urban,Bachelor's,Married
519743236,42,female,68905,Services,Suburban,High School,Married
519759468,43,male,83679,Services,Suburban,Master's,Married
519771185,50,male,79181,Retail,Suburban,High School,Married
519776137,35,female,31106,Retail,Urban,Bachelor's,Married
519780326,42,female,76145,Manufacturing,Suburban,Some College,Married
519790074,44,male,67868,Manufacturing,Suburban,High School,Married
519792801,46,female,59109,Technology,Urban,Bachelor's,Married
519795622,48,male,94127,Services,Suburban,Bachelor's,Married
519805274,48,male,28042,Manufacturing,Rural,Some College,Divorced
519816969,35,female,93826,Technology,Suburban,Bachelor's,Married
519820557,49,female,75302,Technology,Urban,Master's,Widowed
519820939,49,female,122531,Services,Rural,High School,Widowed
519821529,47,male,100579,Education,Suburban,Bachelor's,Married
519826602,48,female,92820,Services,Rural,Bachelor's,Married
519836551,36,male,67046,Technology,Urban,Master's,Single
519844194,40,male,55778,Technology,Urban,Master's,Single
519864077,47,male,46794,Education,Urban,Master's,Married
519868365,30,male,66736,Retail,Urban,Some College,Single
519869407,39,male,75006,Manufacturing,Urban,High School,Married
519869409,25,male,60928,Healthcare,Suburban,Bachelor's,Married
519882700,46,female,84959,Technology,Urban,Bachelor's,Married
519883339,39,male,52371,Services,Urban,Bachelor's,Married
519890412,33,male,84087,Other,Suburban,High School,Married
519897943,36,female,60166,Finance,Urban,Bachelor's,Divorced
519905254,22,female,60202,Services,Suburban,PhD+,Single
519907469,42,male,53498,Technology,Urban,High School,Single
519916429,30,male,40482,Technology,Urban,Master's,Married
519916999,48,female,115933,Finance,Suburban,Bachelor's,Divorced
519918541,40,female,88847,Education,Urban,PhD+,Married
519921274,40,male,80657,Education,Urban,Master's,Widowed
519924185,44,female,81465,Technology,Suburban,High School,Married
519925390,26,male,42235,Technology,Suburban,Some College,Married
519935967,27,female,73208,Healthcare,Urban,Master's,Single
519986253,38,male,83637,Healthcare,Urban,Master's,Married
520010400,49,male,56110,Technology,Urban,Bachelor's,Married
520014863,23,female,25000,Services,Suburban,Some College,Single
520020609,42,male,94004,Finance,Suburban,Master's,Married
520026538,53,female,123812,Finance,Suburban,Bachelor's,Married
520026778,30,male,67036,Technology,Suburban,Master's,Married
520030476,43,female,80899,Education,Urban,Bachelor's,Married
520034994,47,male,88839,Manufacturing,Suburban,High School,Divorced
520036081,49,female,71127,Other,Urban,Bachelor's,Married
520041249,37,male,85494,Retail,Rural,High School,Married
520048133,23,female,82484,Manufacturing,Rural,Bachelor's,Married
520053570,35,male,89420,Education,Suburban,Master's,Married
520054812,47,female,124681,Technology,Suburban,PhD+,Married
520062042,36,male,74466,Technology,Suburban,Master's,Divorced
520070063,35,female,73474,Healthcare,Urban,Bachelor's,Single
520071255,35,female,63030,Healthcare,Urban,Bachelor's,Single
520071619,44,male,53929,Services,Urban,Some College,Divorced
520084741,42,male,36359,Manufacturing,Suburban,Bachelor's,Married
520093253,42,male,100355,Manufacturing,Suburban,Bachelor's,Married
520096881,39,male,105415,Healthcare,Suburban,Bachelor's,Divorced
520102407,41,male,45280,Technology,Urban,PhD+,Married
520105003,33,male,74589,Services,Rural,Bachelor's,Married
520105812,50,male,95272,Finance,Suburban,Master's,Married
520108103,42,male,113431,Services,Suburban,Master's,Single
520121119,48,female,80830,Technology,Urban,Bachelor's,Married
520122548,26,male,92556,Technology,Rural,Bachelor's,Single
520125599,48,female,114265,Healthcare,Suburban,Some College,Single
520132832,27,male,45634,Retail,Urban,High School,Married
520135566,41,male,91344,Technology,Urban,High School,Married
520149587,44,female,51856,Finance,Urban,PhD+,Divorced
520192398,35,male,54769,Technology,Rural,Bachelor's,Single
520202741,26,female,68645,Technology,Urban,Master's,Single
520212071,35,female,32675,Manufacturing,Suburban,High School,Married
520229593,45,female,53709,Services,Urban,High School,Married
520238632,44,male,89212,Education,Suburban,Bachelor's,Married
520242183,50,male,70872,Finance,Urban,Some College,Married
520248134,45,female,90911,Healthcare,Suburban,PhD+,Married
520261472,33,male,51232,Technology,Urban,Master's,Married
520267206,54,male,86342,Education,Urban,Master's,Married
520272064,45,male,62460,Other,Suburban,Bachelor's,Married
520275043,40,male,95391,Healthcare,Suburban,Bachelor's,Widowed
520276901,40,female,38864,Finance,Urban,Master's,Single
520293786,37,male,84955,Healthcare,Urban,Master's,Married
520308145,33,male,53419,Technology,Urban,Bachelor's,Married
520315273,34,female,40998,Education,Suburban,Bachelor's,Married
520330649,54,male,114281,Finance,Suburban,High School,Married
520334765,33,female,64315,Retail,Urban,Some College,Married
520359841,38,female,42120,Education,Rural,Some College,Married
520361765,53,male,110212,Education,Suburban,PhD+,Married
520388404,25,female,75619,Services,Suburban,High School,Married
520400324,43,female,86426,Education,Suburban,Master's,Divorced
520410562,49,female,81828,Finance,Urban,Master's,Married
520423239,49,male,70987,Education,Urban,Some College,Married
520423262,48,female,80686,Finance,Urban,Bachelor's,Married
520430681,22,female,38417,Services,Suburban,High School,Married
520438753,41,male,106748,Finance,Suburban,Bachelor's,Single
520440477,40,male,72060,Manufacturing,Suburban,High School,Married
520442622,49,male,59302,Finance,Urban,PhD+,Single
520444180,48,male,51009,Education,Urban,Master's,Single
520447136,49,female,84984,Manufacturing,Suburban,Bachelor's,Single
520453398,57,female,84809,Healthcare,Urban,Bachelor's,Divorced
520456767,27,female,81714,Healthcare,Urban,Some College,Single
520459332,47,female,94340,Finance,Urban,Master's,Married
520475183,42,female,59330,Technology,Urban,Master's,Married
520482842,39,male,46956,Healthcare,Urban,High School,Married
520492390,36,female,75725,Technology,Urban,Bachelor's,Single
520505304,41,female,64624,Technology,Suburban,Master's,Divorced
520509330,29,male,61592,Healthcare,Suburban,Bachelor's,Married
520549186,45,female,105161,Technology,Urban,PhD+,Married
520549647,39,female,42577,Services,Urban,High School,Married
520555251,54,female,77595,Retail,Urban,Master's,Single
520555260,37,male,70948,Finance,Urban,Bachelor's,Married
520558128,33,female,91825,Education,Urban,Bachelor's,Single
520559733,41,male,95566,Healthcare,Urban,Some College,Single
520568180,46,male,77441,Services,Rural,Some College,Widowed
520570086,41,male,55816,Finance,Urban,Some College,Divorced
520570280,34,female,70326,Finance,Suburban,PhD+,Single
520572421,40,male,63654,Technology,Urban,Some College,Married
520578979,45,male,68394,Education,Urban,Bachelor's,Married
520590128,49,female,66578,Healthcare,Urban,Bachelor's,Married
520591510,46,female,99167,Manufacturing,Urban,High School,Divorced
520605646,35,female,70685,Education,Suburban,Bachelor's,Married
520620948,31,male,84887,Services,Suburban,High School,Married
520630738,39,male,98137,Finance,Suburban,High School,Married
520633157,42,female,104697,Technology,Urban,Master's,Married
520646485,44,male,76814,Finance,Urban,Some College,Married
520650128,35,female,57640,Services,Urban,Some College,Married
520655153,26,female,59561,Education,Urban,Master's,Single
520656370,26,male,52934,Other,Suburban,Bachelor's,Single
520660293,37,female,57161,Finance,Urban,Bachelor's,Married
520672486,46,male,99923,Healthcare,Urban,Master's,Married
520676600,45,male,93777,Technology,Urban,Bachelor's,Divorced
520694658,35,female,69981,Manufacturing,Suburban,Master's,Married
520700789,39,male,58573,Other,Urban,High School,Married
520715210,35,female,89470,Healthcare,Suburban,Bachelor's,Married
520718214,41,female,67016,Healthcare,Urban,PhD+,Divorced
520719906,27,male,41031,Other,Suburban,Bachelor's,Married
520733206,43,male,90152,Technology,Urban,Bachelor's,Divorced
520737337,52,male,120901,Technology,Suburban,Bachelor's,Married
520745970,39,male,86807,Technology,Urban,PhD+,Married
520761686,30,male,72524,Healthcare,Urban,Some College,Single
520769312,33,female,62786,Finance,Urban,Master's,Single
520778958,41,female,102510,Finance,Suburban,High School,Married
520783870,35,female,65459,Technology,Suburban,Master's,Divorced
520794091,28,male,61134,Technology,Urban,Bachelor's,Single
520794897,43,female,74365,Education,Urban,Master's,Married
520796261,42,female,63956,Manufacturing,Urban,Master's,Widowed
520797826,42,female,115851,Manufacturing,Suburban,Bachelor's,Married
520799916,44,male,110998,Technology,Suburban,Master's,Divorced
520801931,47,male,62749,Finance,Urban,Master's,Divorced
520815681,42,male,59367,Technology,Urban,Bachelor's,Married
520816844,42,male,81846,Technology,Urban,PhD+,Single
520819044,44,female,61181,Education,Suburban,PhD+,Divorced
520823234,51,male,92948,Education,Rural,Some College,Married
520830099,37,female,41096,Finance,Urban,Bachelor's,Single
520831349,34,male,57396,Services,Urban,Some College,Single
520832632,39,male,144536,Technology,Rural,Master's,Divorced
520834738,31,male,42482,Healthcare,Urban,Bachelor's,Married
520836863,46,female,78664,Technology,Suburban,Bachelor's,Married
520837221,43,male,75518,Healthcare,Urban,Master's,Married
520843549,30,female,101736,Education,Urban,PhD+,Married
520882420,49,male,87953,Finance,Urban,Bachelor's,Married
520894565,43,male,89056,Other,Rural,Master's,Single
520941021,44,male,62194,Services,Urban,Bachelor's,Married
520945623,34,male,63450,Healthcare,Urban,Some College,Single
520956714,53,female,53677,Manufacturing,Urban,High School,Married
520962202,32,male,74594,Education,Rural,Bachelor's,Single
520968316,37,female,57914,Services,Suburban,High School,Married
520982840,42,female,63003,Finance,Suburban,Bachelor's,Widowed
520990787,37,male,78170,Technology,Urban,Bachelor's,Married
520991999,23,female,60291,Services,Urban,High School,Single
520996095,51,male,59752,Education,Rural,Master's,Married
520998632,41,female,104196,Finance,Suburban,Master's,Married
520999069,46,male,133099,Manufacturing,Suburban,Bachelor's,Widowed
521000974,32,male,56566,Manufacturing,Rural,Master's,Single
521007394,45,female,66689,Education,Urban,Master's,Married
521009367,36,female,126715,Finance,Suburban,PhD+,Married
521009762,34,male,57388,Retail,Urban,High School,Single
521020012,39,female,70208,Manufacturing,Suburban,Bachelor's,Married
521022031,30,female,77699,Technology,Urban,Bachelor's,Divorced
521022966,45,female,60543,Technology,Rural,PhD+,Widowed
521034231,37,female,55963,Education,Rural,Master's,Single
521034524,47,female,109439,Technology,Suburban,High School,Married
521038622,54,female,57548,Technology,Urban,Some College,Divorced
521039239,39,female,62544,Finance,Suburban,Master's,Divorced
521041111,54,female,81711,Education,Suburban,Master's,Married
521060605,47,male,55677,Manufacturing,Suburban,Bachelor's,Married
521062749,50,male,129936,Technology,Suburban,Bachelor's,Married
521098240,35,male,64326,Finance,Rural,High School,Single
521112892,32,female,54598,Technology,Urban,Master's,Married
521118682,45,female,81633,Retail,Suburban,High School,Single
521123034,56,female,94039,Technology,Suburban,Master's,Married
521130722,42,male,84156,Healthcare,Urban,PhD+,Single
521132397,52,female,84769,Manufacturing,Suburban,High School,Married
521134211,52,male,96283,Healthcare,Suburban,Master's,Married
521138987,40,female,101603,Finance,Suburban,Bachelor's,Married
521141199,48,female,50867,Finance,Urban,PhD+,Married
521142178,48,female,101739,Manufacturing,Rural,Some College,Married
521144348,44,female,90354,Healthcare,Urban,PhD+,Married
521146921,38,female,84581,Technology,Suburban,PhD+,Married
521159802,48,female,74230,Retail,Suburban,High School,Married
521160867,50,female,94496,Finance,Urban,Master's,Married
521166745,28,male,72223,Manufacturing,Urban,High School,Single
521169220,38,female,58069,Education,Urban,Master's,Single
521192239,41,female,76801,Education,Urban,Master's,Married
521192279,41,male,85265,Healthcare,Rural,Bachelor's,Married
521193414,37,male,70493,Services,Urban,Bachelor's,Single
521203556,31,female,61220,Education,Urban,High School,Single
521212726,46,male,71823,Healthcare,Suburban,PhD+,Single
521213773,48,male,150124,Healthcare,Urban,Bachelor's,Married
521220282,47,male,68628,Education,Urban,Master's,Divorced
521221921,30,female,98656,Education,Suburban,Bachelor's,Single
521230795,45,female,129287,Technology,Urban,PhD+,Married
521231056,24,male,76365,Healthcare,Urban,Bachelor's,Single
521242555,29,male,61920,Education,Urban,Master's,Single
521244095,41,male,54427,Technology,Urban,Bachelor's,Single
521245875,40,male,61126,Healthcare,Suburban,Master's,Married
521247195,36,male,76819,Manufacturing,Urban,Bachelor's,Married
521257296,40,female,36664,Education,Urban,Bachelor's,Divorced
521270640,45,male,76594,Technology,Urban,Bachelor's,Single
521277337,50,male,113292,Technology,Urban,Bachelor's,Divorced
521347117,41,female,82357,Healthcare,Urban,Master's,Widowed
521348079,42,female,86707,Healthcare,Urban,PhD+,Married
521349611,39,male,74027,Education,Urban,PhD+,Divorced
521359605,37,female,63110,Manufacturing,Urban,Some College,Married
521370294,57,female,87481,Manufacturing,Rural,Some College,Married
521371715,50,female,99144,Technology,Urban,Master's,Married
521379548,26,female,39504,Finance,Urban,Master's,Married
521382581,38,female,111907,Services,Suburban,Some College,Married
521388681,49,male,82280,Other,Suburban,Bachelor's,Married
521398021,32,female,63864,Manufacturing,Urban,High School,Married
521402509,32,male,42417,Services,Suburban,Some College,Single
521402731,36,female,67530,Retail,Suburban,Some College,Married
521415707,41,male,93723,Manufacturing,Suburban,Bachelor's,Married
521416805,57,male,79713,Healthcare,Suburban,Some College,Married
521417437,40,male,51683,Education,Suburban,Bachelor's,Married
521418470,58,male,65753,Services,Urban,High School,Married
521419112,43,female,85282,Other,Urban,Bachelor's,Married
521419914,36,female,41303,Manufacturing,Suburban,Some College,Single
521430824,42,female,130563,Manufacturing,Suburban,Master's,Married
521459977,45,male,94902,Finance,Urban,Master's,Married
521464448,45,female,79400,Healthcare,Urban,Some College,Married
521469972,32,female,50960,Healthcare,Rural,Bachelor's,Married
521478057,46,female,136474,Technology,Suburban,Bachelor's,Divorced
521488415,37,female,119236,Manufacturing,Suburban,Bachelor's,Married
521505517,44,male,113155,Education,Urban,Master's,Married
521519312,25,male,82198,Retail,Suburban,Bachelor's,Married
521532005,46,male,102474,Technology,Suburban,Master's,Divorced
521533324,32,male,59580,Finance,Suburban,Master's,Single
521533648,30,male,79439,Technology,Urban,Bachelor's,Married
521533974,31,female,38016,Other,Urban,Some College,Married
521536219,42,male,63900,Healthcare,Urban,Bachelor's,Married
521543043,39,male,83101,Other,Suburban,Master's,Married
521558076,39,male,74376,Finance,Urban,Some College,Single
521571866,40,male,86302,Technology,Urban,Master's,Married
521576616,32,male,74479,Finance,Urban,Master's,Married
521579452,31,female,41027,Manufacturing,Suburban,High School,Married
521585110,47,male,27701,Healthcare,Urban,Bachelor's,Married
521597338,50,male,78615,Finance,Urban,Bachelor's,Married
521598728,20,female,39369,Services,Urban,Some College,Single
521600659,39,male,67668,Technology,Urban,Bachelor's,Married
521623224,48,female,70204,Healthcare,Rural,Bachelor's,Married
521625770,29,male,30397,Manufacturing,Rural,High School,Married
521636066,28,female,60865,Finance,Urban,Bachelor's,Married
521662328,41,female,37254,Manufacturing,Urban,Some College,Married
521663636,43,male,51299,Education,Suburban,PhD+,Married
521680052,34,female,59543,Other,Urban,High School,Single
521691746,37,female,100235,Finance,Suburban,Bachelor's,Single
521696304,43,female,95346,Technology,Suburban,PhD+,Married
521699053,36,female,65256,Finance,Urban,Bachelor's,Married
521719251,40,female,54801,Finance,Urban,High School,Divorced
521722791,46,male,67929,Manufacturing,Urban,Some College,Divorced
521724207,51,male,102539,Technology,Urban,Bachelor's,Married
521728737,32,female,69337,Manufacturing,Urban,High School,Single
521731040,40,male,54840,Technology,Urban,Master's,Married
521742091,52,female,81904,Finance,Suburban,Bachelor's,Married
521743131,41,female,49976,Finance,Urban,Bachelor's,Married
521767605,53,male,85040,Services,Urban,High School,Married
521772473,29,male,66597,Technology,Urban,Bachelor's,Single
521781833,57,male,77160,Education,Urban,Master's,Married
521786120,36,female,72841,Technology,Suburban,PhD+,Married
521798049,48,male,59707,Finance,Urban,Bachelor's,Married
521821771,46,female,93843,Healthcare,Suburban,Some College,Single
521827630,27,male,51275,Retail,Suburban,Some College,Married
521829563,38,male,76817,Education,Urban,Master's,Married
521832493,29,male,79280,Finance,Urban,Master's,Single
521832654,47,male,65500,Education,Urban,Master's,Married
521834473,27,male,67825,Services,Suburban,Bachelor's,Married
521838960,47,male,44790,Services,Suburban,Master's,Married
521840482,34,female,36699,Technology,Urban,PhD+,Single
521875161,32,male,53603,Technology,Urban,Master's,Single
521883362,50,female,102236,Finance,Rural,PhD+,Married
521885225,58,male,85384,Healthcare,Urban,Bachelor's,Married
521891733,28,female,74554,Retail,Urban,Bachelor's,Married
521896709,40,male,50785,Technology,Rural,Master's,Married
521897217,30,male,49242,Healthcare,Urban,Bachelor's,Married
521899673,31,male,36232,Healthcare,Suburban,Bachelor's,Single
521903347,55,male,109358,Education,Suburban,Master's,Single
521914878,35,male,96682,Manufacturing,Suburban,High School,Married
521932171,26,male,71347,Education,Urban,Master's,Married
521943814,65,female,92871,Finance,Urban,PhD+,Married
521946849,34,male,82870,Services,Urban,Some College,Married
521950268,46,female,81643,Healthcare,Suburban,Master's,Single
521955632,29,male,93105,Finance,Urban,Bachelor's,Divorced
521980816,25,male,79441,Services,Urban,Some College,Single
521986633,54,male,59182,Manufacturing,Rural,High School,Divorced
521991877,34,female,92639,Education,Urban,PhD+,Married
522003637,45,female,53433,Education,Suburban,Bachelor's,Married
522004098,45,female,98409,Manufacturing,Suburban,Bachelor's,Married
522013455,38,male,59615,Finance,Rural,Bachelor's,Married
522015459,40,male,83317,Education,Urban,Bachelor's,Divorced
522015678,28,male,64983,Other,Suburban,Master's,Married
522018224,44,male,80138,Finance,Urban,Bachelor's,Single
522026623,64,female,88027,Technology,Urban,Bachelor's,Married
522027184,36,female,37856,Healthcare,Urban,Bachelor's,Married
522028581,38,female,74884,Technology,Suburban,PhD+,Married
522029297,36,male,96204,Finance,Suburban,Bachelor's,Widowed
522041241,37,female,79523,Retail,Suburban,High School,Married
522043713,34,female,39561,Manufacturing,Suburban,Bachelor's,Single
522051348,41,female,83414,Healthcare,Urban,Bachelor's,Married
522051635,33,male,97821,Technology,Urban,Bachelor's,Single
522088723,42,female,79611,Services,Suburban,Bachelor's,Married
522093292,36,female,84277,Finance,Urban,PhD+,Married
522101298,39,male,90501,Education,Suburban,Bachelor's,Single
522109796,45,female,42420,Finance,Urban,Some College,Married
522110062,30,male,50547,Healthcare,Suburban,PhD+,Single
522114084,23,female,42430,Healthcare,Urban,Some College,Single
522129218,42,male,46001,Technology,Urban,Bachelor's,Married
522135297,44,female,61425,Manufacturing,Suburban,Some College,Single
522140506,36,male,99832,Finance,Urban,Some College,Married
522145408,31,female,59334,Healthcare,Urban,PhD+,Married
522150398,35,female,124201,Healthcare,Urban,Master's,Married
522152631,47,male,105802,Technology,Suburban,PhD+,Married
522159876,29,female,65940,Services,Rural,High School,Married
522159883,37,female,51884,Healthcare,Suburban,Master's,Married
522167827,32,male,53712,Retail,Suburban,High School,Single
522188525,28,female,35292,Healthcare,Urban,PhD+,Married
522191883,36,male,75234,Education,Urban,Bachelor's,Married
522220423,39,female,79201,Education,Urban,Master's,Divorced
522226929,39,female,38367,Retail,Urban,High School,Widowed
522227250,48,male,76048,Retail,Suburban,Some College,Married
522235007,34,male,64259,Finance,Urban,Master's,Married
522239679,41,male,60208,Technology,Urban,Master's,Married
522244661,36,female,75167,Finance,Urban,Bachelor's,Married
522250456,44,female,89121,Finance,Suburban,Master's,Divorced
522257924,49,male,118820,Technology,Urban,Some College,Married
522260477,46,male,69213,Manufacturing,Suburban,Bachelor's,Married
522275512,46,female,116729,Healthcare,Suburban,Bachelor's,Married
522276368,40,female,71545,Healthcare,Rural,Master's,Married
522308727,57,female,92261,Technology,Urban,PhD+,Divorced
522338068,36,male,40503,Technology,Urban,Bachelor's,Married
522351069,50,female,94450,Finance,Urban,Bachelor's,Married
522366231,40,female,99049,Education,Suburban,PhD+,Single
522367686,36,female,91384,Finance,Urban,Bachelor's,Single
522376311,39,male,46250,Technology,Urban,Bachelor's,Divorced
522394622,49,male,57477,Retail,Rural,Some College,Married
522402347,42,male,57563,Healthcare,Urban,Bachelor's,Married
522405168,37,male,92785,Education,Urban,Bachelor's,Single
522405397,39,female,87418,Healthcare,Urban,Master's,Single
522419855,24,female,97171,Manufacturing,Suburban,High School,Single
522445149,36,male,59778,Finance,Urban,PhD+,Single
522446735,33,female,80852,Technology,Suburban,Master's,Single
522460315,45,male,129573,Technology,Suburban,Bachelor's,Married
522461331,34,male,119577,Education,Rural,Some College,Married
522470174,39,male,102707,Education,Urban,Master's,Divorced
522470541,38,female,104219,Technology,Urban,PhD+,Married
522471309,41,female,60918,Education,Urban,Master's,Married
522472809,39,female,78843,Services,Urban,High School,Married
522483104,42,male,68974,Education,Urban,Master's,Married
522489198,53,female,109141,Education,Suburban,PhD+,Married
522502991,42,male,90338,Technology,Urban,Master's,Married
522508031,42,female,69555,Finance,Urban,Bachelor's,Married
522508793,53,female,115534,Technology,Urban,Bachelor's,Single
522525769,51,male,66189,Education,Urban,Master's,Married
522530492,22,female,68069,Manufacturing,Urban,Some College,Single
522530839,34,female,86004,Education,Suburban,PhD+,Single
522541212,43,female,101532,Manufacturing,Urban,High School,Married
522548620,40,female,95489,Finance,Urban,PhD+,Married
522568357,46,female,83783,Finance,Urban,PhD+,Married
522574784,49,male,108233,Education,Suburban,Master's,Married
522581779,32,male,82001,Healthcare,Suburban,Some College,Single
522593172,52,female,71927,Finance,Suburban,PhD+,Married
522593879,37,male,55119,Finance,Urban,Master's,Single
522595541,44,female,112675,Healthcare,Suburban,Bachelor's,Single
522622731,39,male,70738,Manufacturing,Urban,High School,Single
522632871,47,male,97053,Technology,Urban,Master's,Married
522676506,43,male,91341,Finance,Urban,Bachelor's,Married
522710002,49,female,111094,Finance,Suburban,PhD+,Married
522727964,38,male,80190,Education,Suburban,Bachelor's,Single
522730617,38,female,49784,Healthcare,Suburban,Bachelor's,Married
522747083,41,female,76331,Education,Urban,Bachelor's,Married
522752819,40,male,64751,Finance,Suburban,Master's,Married
522753345,49,female,65127,Healthcare,Urban,Bachelor's,Married
522755587,32,female,86827,Education,Suburban,PhD+,Single
522758974,44,male,105376,Technology,Urban,Bachelor's,Single
522761379,29,male,65765,Services,Urban,High School,Single
522764734,41,male,66581,Services,Suburban,Master's,Divorced
522771442,42,female,64959,Education,Urban,Bachelor's,Married
522779801,53,male,96602,Finance,Urban,Some College,Married
522788478,37,female,109826,Finance,Suburban,Bachelor's,Married
522796219,29,male,58789,Finance,Urban,Master's,Divorced
522796474,40,female,89392,Technology,Urban,Bachelor's,Single
522800323,34,male,56484,Services,Urban,Bachelor's,Married
522801655,41,male,94662,Finance,Urban,Bachelor's,Single
522810214,51,female,69566,Healthcare,Urban,Master's,Married
522817597,44,male,68343,Retail,Urban,Bachelor's,Divorced
522826352,43,female,92226,Technology,Suburban,Master's,Married
522856795,26,male,65748,Retail,Urban,High School,Single
522883676,52,female,68165,Education,Rural,Master's,Married
522896074,36,male,82019,Manufacturing,Suburban,High School,Single
522899009,46,female,61213,Technology,Suburban,Master's,Married
522905522,34,female,72376,Healthcare,Suburban,PhD+,Married
522909372,27,female,46460,Finance,Urban,Bachelor's,Single
522909523,41,female,52287,Manufacturing,Urban,Bachelor's,Married
522919939,37,male,64068,Manufacturing,Urban,Some College,Married
522925390,54,female,54310,Technology,Suburban,Master's,Married
522944863,48,female,87011,Manufacturing,Rural,Some College,Divorced
522950940,33,female,108003,Technology,Urban,Master's,Single
522951401,55,male,119874,Education,Urban,Master's,Divorced
522956724,42,female,33110,Retail,Rural,Bachelor's,Married
522961560,40,male,54617,Healthcare,Urban,Master's,Single
522962695,36,male,91033,Technology,Suburban,Master's,Married
522970509,36,male,41198,Healthcare,Suburban,PhD+,Married
522972921,42,female,38276,Finance,Suburban,Master's,Married
522984723,38,female,55403,Education,Rural,Master's,Married
522984854,40,female,81171,Finance,Urban,PhD+,Single
522986711,25,male,49672,Manufacturing,Urban,Bachelor's,Single
522996276,25,male,77781,Finance,Urban,Bachelor's,Single
523005355,41,male,57152,Finance,Suburban,Bachelor's,Married
523022339,44,female,98541,Healthcare,Rural,Bachelor's,Single
523030053,21,male,95912,Services,Suburban,High School,Divorced
523046735,33,female,69283,Finance,Urban,Bachelor's,Married
523047611,47,male,80212,Healthcare,Urban,Some College,Married
523061805,60,male,102940,Finance,Suburban,Bachelor's,Married
523075301,42,female,96911,Finance,Urban,Master's,Married
523077672,49,male,29900,Manufacturing,Urban,Some College,Divorced
523079459,50,male,84413,Other,Urban,Bachelor's,Single
523084135,46,female,40432,Manufacturing,Suburban,High School,Single
523085205,37,male,60559,Services,Urban,High School,Married
523089848,42,female,59300,Healthcare,Urban,PhD+,Divorced
523095531,34,female,25000,Retail,Suburban,Some College,Single
523096752,54,male,80956,Other,Suburban,Bachelor's,Widowed
523106875,40,female,103522,Technology,Suburban,PhD+,Married
523110760,43,female,77572,Technology,Urban,Some College,Married
523117398,59,female,70322,Manufacturing,Urban,Some College,Married
523122450,44,male,57629,Finance,Suburban,Bachelor's,Married
523130968,42,female,50148,Finance,Urban,Bachelor's,Married
523139828,36,male,33339,Retail,Urban,Master's,Married
523141209,45,female,45133,Services,Urban,High School,Single
523145504,41,male,59944,Healthcare,Suburban,High School,Married
523158664,39,male,104255,Technology,Urban,Master's,Married
523168300,39,male,100665,Finance,Urban,PhD+,Married
523170656,36,male,62032,Education,Urban,PhD+,Married
523180838,41,female,94708,Finance,Urban,Bachelor's,Married
523199543,55,male,78374,Finance,Urban,Master's,Married
523212931,43,female,110728,Finance,Suburban,PhD+,Married
523213371,27,female,89175,Education,Suburban,Master's,Married
523233833,58,female,130847,Manufacturing,Suburban,Some College,Single
523236333,33,male,66463,Technology,Urban,PhD+,Single
523244090,46,female,81124,Education,Suburban,Master's,Married
523252071,42,female,79640,Healthcare,Suburban,Bachelor's,Single
523267242,30,male,95451,Technology,Urban,Bachelor's,Married
523292077,50,male,56717,Healthcare,Suburban,Some College,Married
523292588,36,male,66167,Education,Rural,PhD+,Divorced
523298226,36,female,49339,Finance,Urban,Master's,Married
523302385,37,male,96672,Technology,Urban,Bachelor's,Married
523307957,43,male,75478,Education,Urban,Master's,Single
523309412,38,male,75187,Services,Urban,High School,Divorced
523319666,35,male,98837,Education,Urban,Master's,Single
523321820,52,female,101046,Healthcare,Urban,Bachelor's,Divorced
523322944,38,male,143422,Finance,Suburban,Bachelor's,Married
523324707,34,male,74359,Manufacturing,Urban,Bachelor's,Married
523325954,47,male,43013,Manufacturing,Urban,High School,Married
523336121,36,male,113420,Finance,Urban,PhD+,Single
523355520,41,female,73497,Technology,Urban,Master's,Divorced
523360756,47,male,71732,Education,Urban,Master's,Married
523374902,43,male,84491,Education,Suburban,Some College,Married
523377927,43,male,122844,Healthcare,Suburban,Master's,Married
523383758,60,female,88375,Healthcare,Urban,Bachelor's,Married
523384080,54,female,86679,Other,Suburban,Bachelor's,Married
523388852,39,male,80098,Healthcare,Rural,PhD+,Married
523389472,40,male,57728,Healthcare,Suburban,Some College,Married
523402726,36,female,44630,Manufacturing,Urban,Master's,Divorced
523404147,45,male,70886,Services,Urban,High School,Married
523407290,31,female,25000,Retail,Urban,Some College,Married
523407748,34,male,74745,Technology,Urban,High School,Married
523412372,32,male,52447,Finance,Urban,PhD+,Single
523422390,39,female,54044,Finance,Suburban,Master's,Single
523425761,42,male,80082,Manufacturing,Rural,Some College,Married
523433177,39,male,67583,Technology,Urban,Bachelor's,Married
523444490,42,female,91608,Healthcare,Suburban,Some College,Single
523477814,49,male,99083,Technology,Urban,Bachelor's,Married
523500018,32,male,70037,Finance,Urban,Master's,Single
523500173,30,male,78717,Healthcare,Urban,Master's,Single
523513126,33,male,73845,Technology,Urban,PhD+,Married
523519955,42,male,114601,Finance,Suburban,Bachelor's,Married
523528297,46,male,118288,Retail,Urban,High School,Married
523530861,56,female,62932,Education,Suburban,Master's,Married
523531935,27,female,95100,Manufacturing,Suburban,Some College,Married
523541393,44,female,99055,Education,Suburban,Bachelor's,Married
523547554,34,male,76366,Education,Urban,PhD+,Divorced
523555175,36,male,75722,Manufacturing,Urban,Master's,Married
523558520,37,female,58865,Education,Suburban,High School,Single
523568582,23,female,49434,Services,Suburban,High School,Single
523601439,36,male,64638,Manufacturing,Suburban,High School,Single
523611405,40,female,88429,Healthcare,Rural,Bachelor's,Married
523611976,48,male,58773,Education,Suburban,Master's,Married
523614905,36,female,82533,Education,Urban,PhD+,Divorced
523619270,31,male,46811,Services,Rural,Bachelor's,Married
523641202,46,male,112322,Manufacturing,Suburban,High School,Married
523646500,38,male,56507,Services,Urban,Bachelor's,Single
523646751,44,female,100532,Healthcare,Urban,Some College,Single
523651894,33,female,54154,Technology,Suburban,Some College,Single
523674032,55,female,97721,Technology,Suburban,Master's,Married
523676646,47,female,81059,Healthcare,Urban,Master's,Married
523679533,44,female,90884,Technology,Urban,Bachelor's,Married
523689056,39,female,60666,Retail,Urban,High School,Married
523701900,41,female,80564,Services,Suburban,Bachelor's,Married
523706243,26,male,95076,Finance,Urban,Some College,Single
523717764,37,female,53439,Finance,Urban,Master's,Married
523721905,42,female,46018,Healthcare,Urban,Bachelor's,Single
523728883,49,male,76339,Healthcare,Urban,Bachelor's,Married
523752478,39,male,104959,Healthcare,Suburban,Bachelor's,Married
523781524,37,male,34586,Manufacturing,Suburban,High School,Divorced
523782692,38,female,56959,Manufacturing,Rural,Bachelor's,Married
523784277,48,male,69434,Healthcare,Suburban,PhD+,Married
523793926,29,female,77891,Services,Urban,Some College,Married
523794498,27,male,45799,Retail,Rural,Bachelor's,Single
523796981,36,male,52791,Finance,Suburban,Master's,Married
523809819,47,female,134663,Healthcare,Suburban,Some College,Married
523814786,35,female,82268,Technology,Urban,Master's,Married
523821300,48,female,110056,Manufacturing,Suburban,Master's,Married
523825299,24,female,59897,Technology,Suburban,Master's,Single
523825526,58,male,64287,Other,Suburban,Master's,Married
523873343,43,female,84535,Education,Urban,Master's,Married
523910231,32,male,65884,Education,Urban,Bachelor's,Single
523912236,51,male,47820,Manufacturing,Suburban,Bachelor's,Widowed
523918527,31,male,41096,Finance,Rural,Bachelor's,Single
523923146,37,male,71323,Education,Urban,PhD+,Married
523927635,42,male,67991,Healthcare,Suburban,Bachelor's,Married
523938934,30,male,96939,Education,Rural,PhD+,Married
523939166,31,female,80357,Healthcare,Urban,Bachelor's,Married
523944984,25,female,79429,Healthcare,Urban,PhD+,Married
523947521,32,male,58250,Finance,Urban,Some College,Single
523961745,52,female,80535,Finance,Urban,Master's,Widowed
523965196,36,male,76257,Healthcare,Urban,Master's,Divorced
523970561,48,female,90714,Manufacturing,Urban,High School,Married
523972533,25,male,91001,Finance,Urban,Bachelor's,Married
523973369,58,male,101674,Healthcare,Suburban,Some College,Divorced
523974989,51,female,106580,Finance,Urban,Master's,Divorced
523998373,46,female,79955,Services,Urban,Bachelor's,Married
524004382,25,male,70706,Finance,Suburban,High School,Single
524008539,39,male,89011,Finance,Urban,PhD+,Married
524010686,64,female,97960,Education,Suburban,Master's,Married
524011873,36,female,28467,Technology,Urban,Some College,Married
524012039,47,male,37261,Retail,Urban,Some College,Married
524018437,23,female,80809,Services,Urban,Bachelor's,Single
524023866,41,female,90082,Finance,Urban,PhD+,Married
524031262,43,male,54609,Finance,Rural,PhD+,Married
524034855,46,female,99229,Other,Suburban,Some College,Married
524042288,48,female,64417,Healthcare,Urban,Master's,Married
524053102,37,female,72945,Technology,Suburban,Bachelor's,Widowed
524066930,37,female,46769,Services,Rural,Bachelor's,Married
524072091,42,female,49856,Finance,Urban,Bachelor's,Married
524078741,38,female,84865,Technology,Rural,PhD+,Married
524087970,40,female,136174,Education,Suburban,PhD+,Married
524088251,34,male,90447,Technology,Urban,Bachelor's,Divorced
524100137,42,female,64479,Technology,Urban,PhD+,Divorced
524129318,56,male,103634,Manufacturing,Suburban,Bachelor's,Married
524147140,43,female,106639,Technology,Suburban,High School,Married
524162702,35,female,81702,Services,Urban,Master's,Married
524163359,46,female,65257,Healthcare,Suburban,Master's,Married
524171607,49,male,58097,Manufacturing,Urban,Master's,Married
524180488,46,female,75854,Manufacturing,Urban,Bachelor's,Married
524188356,23,female,91029,Technology,Suburban,Bachelor's,Single
524191090,38,female,81474,Manufacturing,Urban,High School,Married
524193732,45,female,65630,Manufacturing,Urban,Some College,Married
524198217,29,male,50904,Services,Rural,Bachelor's,Married
524285592,39,male,25000,Finance,Urban,Master's,Widowed
524286534,28,male,50935,Retail,Urban,Some College,Married
524296281,32,male,65768,Retail,Suburban,Some College,Single
524329258,43,male,74771,Services,Suburban,High School,Married
524334120,52,female,116352,Manufacturing,Rural,Some College,Single
524338004,46,female,118442,Technology,Urban,Master's,Married
524347474,47,male,87706,Finance,Suburban,High School,Single
524358564,38,female,67994,Healthcare,Urban,Some College,Married
524366267,41,male,97823,Retail,Suburban,Bachelor's,Married
524374170,47,male,99867,Finance,Urban,PhD+,Married
524392164,37,female,108103,Technology,Urban,PhD+,Divorced
524392922,49,female,82098,Manufacturing,Suburban,Some College,Divorced
524395071,40,male,75915,Finance,Suburban,Bachelor's,Married
524396779,43,female,38268,Services,Urban,Master's,Married
524410548,46,female,76554,Services,Urban,Bachelor's,Married
524414420,35,male,99209,Finance,Urban,PhD+,Married
524440584,35,female,59539,Healthcare,Rural,Bachelor's,Married
524474072,40,male,77065,Technology,Suburban,Bachelor's,Married
524484248,32,male,35548,Services,Suburban,High School,Married
524504622,29,female,70003,Services,Urban,Bachelor's,Married
524521304,28,female,76323,Retail,Urban,Bachelor's,Single
524533914,49,male,87502,Retail,Urban,Some College,Married
524550598,37,male,106371,Retail,Urban,Some College,Married
524619772,39,female,91055,Finance,Urban,Master's,Single
524634323,38,male,62524,Technology,Urban,PhD+,Single
524635204,36,female,40631,Technology,Urban,Master's,Married
524636894,35,male,81811,Manufacturing,Urban,High School,Married
524639254,36,male,38047,Retail,Suburban,High School,Divorced
524641646,35,female,106897,Healthcare,Suburban,Bachelor's,Married
524643510,45,male,79923,Manufacturing,Suburban,High School,Married
524649589,41,female,86340,Healthcare,Suburban,Bachelor's,Married
524649683,47,female,85866,Healthcare,Urban,Bachelor's,Married
524652300,38,male,70082,Education,Urban,Master's,Married
524663002,29,female,94152,Finance,Suburban,PhD+,Divorced
524665319,29,male,79284,Services,Suburban,High School,Married
524671896,36,male,53522,Services,Urban,Some College,Married
524677048,36,male,63390,Finance,Urban,Master's,Married
524680216,52,male,55252,Services,Urban,Bachelor's,Married
524688642,23,female,64425,Retail,Urban,High School,Single
524696020,27,male,67622,Finance,Urban,Master's,Single
524701031,49,male,87774,Healthcare,Suburban,Some College,Married
524715824,41,female,60401,Technology,Urban,Bachelor's,Single
524717277,40,female,72998,Healthcare,Suburban,Some College,Married
524734234,38,female,107940,Manufacturing,Suburban,High School,Divorced
524736242,34,male,111410,Healthcare,Urban,PhD+,Married
524738520,31,female,75795,Education,Suburban,Master's,Single
524741987,35,female,69668,Healthcare,Urban,PhD+,Single
524781233,44,female,59492,Retail,Urban,Some College,Married
524806187,47,female,79551,Finance,Urban,Bachelor's,Married
524830336,49,female,83131,Technology,Urban,Master's,Married
524842487,41,female,25000,Healthcare,Urban,PhD+,Single
524843636,31,female,60305,Finance,Urban,High School,Single
524851295,46,female,85313,Education,Suburban,Bachelor's,Married
524857641,33,female,74516,Education,Urban,Master's,Married
524866288,38,male,64591,Manufacturing,Rural,High School,Married
524867124,55,male,95794,Healthcare,Suburban,PhD+,Single
524905619,57,female,91151,Education,Suburban,Master's,Married
524917173,41,male,88393,Services,Suburban,High School,Single
524918806,28,male,72100,Manufacturing,Urban,High School,Married
524948537,36,male,72737,Finance,Urban,Bachelor's,Married
524958777,53,female,75955,Services,Urban,Bachelor's,Divorced
524996708,51,female,69733,Finance,Urban,Bachelor's,Married
525004285,48,female,100936,Education,Suburban,PhD+,Single
525027969,54,male,80773,Technology,Urban,Master's,Married
525030432,33,male,39217,Retail,Urban,Some College,Single
525052106,45,male,84426,Manufacturing,Suburban,Master's,Married
525070344,45,female,73756,Technology,Urban,PhD+,Married
525076574,49,female,76577,Technology,Urban,Bachelor's,Married
525080197,50,male,114326,Technology,Suburban,Some College,Married
525092266,46,male,66704,Healthcare,Urban,Bachelor's,Single
525093719,42,female,71400,Healthcare,Rural,Bachelor's,Married
525102904,48,female,70946,Education,Urban,PhD+,Married
525112667,42,male,66681,Manufacturing,Suburban,Bachelor's,Single
525115972,38,male,91186,Technology,Suburban,PhD+,Married
525120904,46,male,60064,Healthcare,Urban,Master's,Married
525128885,42,female,41162,Technology,Urban,Bachelor's,Married
525129822,43,female,68118,Finance,Suburban,Master's,Single
525142596,49,male,99204,Finance,Rural,PhD+,Divorced
525145833,39,male,50344,Healthcare,Suburban,PhD+,Married
525147163,49,male,85549,Healthcare,Rural,Bachelor's,Single
525151212,50,female,62589,Technology,Urban,Bachelor's,Single
525173734,26,female,70552,Retail,Suburban,Bachelor's,Single
525174774,31,female,39388,Manufacturing,Urban,High School,Single
525200112,37,male,79685,Manufacturing,Urban,High School,Married
525216615,33,male,50702,Education,Rural,PhD+,Single
525221989,33,female,56106,Technology,Urban,Master's,Single
525227077,52,male,100198,Technology,Urban,Bachelor's,Single
525238048,50,male,110165,Healthcare,Urban,Bachelor's,Widowed
525250241,33,male,78073,Technology,Urban,PhD+,Married
525267424,33,male,66255,Healthcare,Suburban,Some College,Married
525281139,41,male,111641,Services,Suburban,Some College,Married
525281375,56,female,77273,Finance,Urban,Master's,Single
525287401,46,female,53216,Finance,Urban,Bachelor's,Married
525343219,32,female,52792,Healthcare,Suburban,Master's,Married
525371165,44,male,67002,Healthcare,Rural,Master's,Married
525389202,40,male,65209,Technology,Urban,PhD+,Married
525393713,37,male,76430,Healthcare,Urban,Master's,Married
525395040,61,male,113392,Healthcare,Urban,Bachelor's,Married
525439203,44,male,36078,Retail,Suburban,Bachelor's,Married
525440068,43,male,99328,Technology,Suburban,Some College,Single
525448349,34,female,47862,Services,Suburban,Some College,Married
525449459,41,male,64555,Other,Suburban,Bachelor's,Married
525451018,38,female,115764,Technology,Urban,Master's,Married
525476758,48,female,62277,Technology,Urban,Bachelor's,Divorced
525484235,52,male,95289,Finance,Urban,PhD+,Divorced
525496632,36,male,62697,Education,Rural,Master's,Married
525497267,43,female,84011,Healthcare,Suburban,Bachelor's,Married
525501435,41,female,52372,Finance,Urban,Some College,Married
525552654,52,female,100611,Technology,Suburban,Master's,Married
525574210,27,female,62985,Healthcare,Suburban,Master's,Divorced
525574587,40,female,77578,Manufacturing,Suburban,High School,Married
525575963,53,male,81597,Services,Urban,High School,Married
525576520,52,female,96307,Finance,Urban,Some College,Divorced
525590284,45,male,117690,Education,Urban,Master's,Married
525594886,45,female,103570,Education,Urban,Master's,Married
525595080,49,female,96756,Finance,Urban,Bachelor's,Married
525598294,36,female,70115,Technology,Urban,Master's,Married
525601684,35,female,47487,Healthcare,Suburban,Master's,Divorced
525632437,36,female,35231,Healthcare,Suburban,Some College,Married
525679932,46,female,108652,Education,Urban,PhD+,Single
525694671,54,female,89893,Education,Urban,Master's,Single
525696226,36,female,89250,Manufacturing,Suburban,Bachelor's,Married
525750495,43,female,66199,Finance,Urban,Master's,Married
525765187,41,male,88437,Finance,Suburban,Some College,Married
525770204,37,male,80273,Healthcare,Rural,PhD+,Married
525776839,51,female,83659,Services,Urban,Master's,Married
525779872,29,female,75575,Retail,Suburban,High School,Single
525784230,33,male,64333,Technology,Rural,Some College,Married
525790230,52,male,59761,Manufacturing,Urban,Some College,Married
525795377,37,female,77563,Technology,Suburban,Bachelor's,Married
525798302,43,male,54607,Finance,Urban,PhD+,Divorced
525814267,49,male,35737,Retail,Urban,High School,Married
525815694,40,female,96654,Education,Suburban,Bachelor's,Married
525822407,43,male,97279,Education,Urban,Master's,Married
525827776,43,female,56439,Education,Urban,PhD+,Single
525853030,43,female,63848,Manufacturing,Urban,Bachelor's,Married
525853514,29,female,48680,Technology,Suburban,Master's,Single
525864780,38,female,42851,Technology,Urban,Master's,Married
525870990,36,male,73808,Retail,Suburban,Bachelor's,Married
525899057,38,female,64316,Healthcare,Rural,High School,Married
525903193,65,female,103230,Finance,Urban,High School,Single
525903480,42,female,106274,Finance,Rural,Master's,Married
525909879,43,male,66895,Healthcare,Urban,High School,Married
525913447,37,female,80216,Education,Urban,Bachelor's,Married
525934533,43,male,48742,Manufacturing,Rural,Some College,Single
525940505,36,female,75137,Retail,Urban,Bachelor's,Married
525944553,37,male,58236,Retail,Rural,Bachelor's,Married
525946517,44,female,78160,Healthcare,Rural,Bachelor's,Divorced
525957741,42,female,92908,Healthcare,Urban,Master's,Single
525966554,30,male,25000,Services,Urban,Bachelor's,Married
525987584,42,female,59618,Finance,Urban,Some College,Married
526000366,48,female,65859,Technology,Urban,Master's,Married
526009111,53,female,48169,Healthcare,Urban,Some College,Divorced
526015800,46,female,83148,Technology,Rural,Bachelor's,Single
526027209,40,female,80558,Finance,Urban,Master's,Divorced
526031579,50,male,57839,Technology,Suburban,Bachelor's,Married
526041950,33,male,86705,Technology,Suburban,Some College,Married
526051532,39,female,67398,Finance,Urban,Bachelor's,Married
526058344,43,male,84584,Retail,Suburban,Bachelor's,Single
526080921,45,male,40299,Manufacturing,Rural,Bachelor's,Married
526085808,46,male,65878,Finance,Urban,Master's,Married
526099238,45,female,79047,Finance,Urban,Bachelor's,Married
526099981,47,male,86923,Technology,Urban,PhD+,Married
526108333,48,female,81716,Retail,Urban,Some College,Single
526131779,44,female,76997,Technology,Urban,Master's,Married
526140658,38,female,67076,Education,Suburban,Bachelor's,Single
526143860,49,female,81813,Finance,Urban,PhD+,Married
526148160,47,male,75918,Education,Urban,Master's,Single
526156779,39,male,52437,Services,Suburban,High School,Married
526157273,34,male,66990,Technology,Urban,Master's,Married
526179482,35,male,67808,Finance,Urban,Master's,Single
526190586,23,male,46033,Retail,Urban,Bachelor's,Married
526200476,29,female,60599,Services,Rural,Master's,Married
526201534,46,female,74993,Services,Suburban,Bachelor's,Single
526203846,54,male,106176,Technology,Suburban,Bachelor's,Divorced
526212867,37,male,70334,Healthcare,Urban,Master's,Divorced
526220608,37,female,71788,Technology,Suburban,Master's,Married
526223167,40,male,71946,Healthcare,Urban,High School,Married
526236768,31,female,53936,Technology,Urban,Master's,Married
526245797,27,male,86282,Finance,Urban,Master's,Married
526249798,25,male,68667,Finance,Suburban,Master's,Married
526253633,40,male,98152,Finance,Urban,Bachelor's,Single
526256526,32,female,43713,Technology,Urban,PhD+,Single
526506775,40,male,113338,Services,Suburban,High School,Married
526511052,52,male,86801,Healthcare,Rural,Master's,Single
526545424,37,male,77632,Services,Suburban,High School,Married
526550206,38,male,108302,Finance,Urban,Master's,Single
526560661,33,female,81760,Education,Urban,PhD+,Married
526564831,52,male,82597,Healthcare,Urban,Bachelor's,Divorced
526569140,36,male,69884,Technology,Suburban,PhD+,Married
526580492,54,female,61524,Healthcare,Urban,Bachelor's,Married
526593403,41,female,68496,Finance,Urban,Bachelor's,Divorced
526597764,28,male,26794,Healthcare,Urban,Master's,Single
526600309,20,male,39292,Services,Suburban,Bachelor's,Single
526605433,37,female,95461,Technology,Urban,Bachelor's,Divorced
526619759,49,female,87402,Finance,Urban,PhD+,Married
526636553,46,male,53844,Healthcare,Urban,Bachelor's,Divorced
526643829,40,male,59224,Education,Rural,Master's,Divorced
526651391,44,male,81560,Technology,Rural,PhD+,Married
526674067,48,female,53050,Retail,Suburban,Master's,Married
526678496,48,male,117567,Education,Suburban,PhD+,Married
526686022,47,male,103092,Manufacturing,Urban,Bachelor's,Married
526687200,48,female,80030,Healthcare,Suburban,Bachelor's,Married
526703477,43,male,88653,Finance,Urban,Bachelor's,Married
526706680,42,male,92869,Healthcare,Suburban,Master's,Divorced
526708025,29,male,98956,Finance,Urban,Master's,Divorced
526711681,36,male,64464,Education,Rural,Master's,Married
526712596,48,male,48512,Healthcare,Suburban,Bachelor's,Single
526718673,39,female,74618,Technology,Urban,Bachelor's,Married
526734881,31,male,84316,Healthcare,Rural,Bachelor's,Single
526750622,36,male,99638,Technology,Urban,High School,Married
526754689,49,male,83635,Retail,Urban,High School,Single
526755788,45,female,68049,Manufacturing,Suburban,High School,Married
526767076,43,female,76329,Services,Urban,Some College,Married
526772379,42,male,73348,Finance,Rural,PhD+,Married
526783977,52,female,63155,Education,Urban,Master's,Widowed
526788029,27,male,71917,Retail,Urban,High School,Married
526788551,50,male,66710,Other,Suburban,High School,Single
526799546,44,female,75250,Healthcare,Rural,PhD+,Divorced
526849141,20,male,87843,Manufacturing,Suburban,Some College,Single
526861539,25,female,58153,Retail,Urban,Bachelor's,Single
526864734,52,male,40693,Healthcare,Suburban,PhD+,Married
526873970,29,male,78347,Technology,Suburban,Master's,Single
526874285,61,male,85951,Finance,Urban,Bachelor's,Divorced
526877849,36,female,51130,Technology,Urban,High School,Married
526880737,27,female,39446,Healthcare,Urban,High School,Single
526881426,28,female,78560,Healthcare,Urban,Master's,Married
526889003,41,female,94643,Technology,Suburban,PhD+,Divorced
526890821,57,female,81114,Technology,Suburban,Bachelor's,Single
526896723,53,male,89628,Healthcare,Urban,Bachelor's,Married
526913942,37,male,42146,Retail,Urban,High School,Married
526919877,42,female,88937,Healthcare,Rural,Master's,Divorced
526920013,24,female,36466,Services,Urban,High School,Single
526929726,54,female,71395,Education,Suburban,Master's,Married
526932869,39,male,88921,Retail,Suburban,Some College,Married
526933626,24,male,93271,Technology,Urban,High School,Single
526934390,46,male,77490,Finance,Urban,Master's,Divorced
526935548,39,male,80668,Technology,Suburban,Bachelor's,Single
526942680,41,female,68924,Finance,Urban,Bachelor's,Divorced
526957278,33,male,55646,Finance,Rural,Bachelor's,Single
527007773,40,male,52549,Education,Urban,Master's,Married
527016254,34,male,69275,Education,Urban,Master's,Single
527019353,45,male,70350,Finance,Suburban,PhD+,Single
527026306,50,female,57410,Education,Urban,PhD+,Married
527049131,33,female,58599,Technology,Urban,Master's,Married
527059987,40,female,84157,Manufacturing,Urban,Master's,Single
527102846,39,male,75926,Other,Rural,Bachelor's,Married
527105797,42,female,78756,Technology,Urban,Some College,Single
527114856,45,male,59840,Finance,Urban,PhD+,Married
527148306,30,male,34856,Manufacturing,Suburban,High School,Single
527150424,51,male,86050,Healthcare,Suburban,Master's,Married
527196945,44,male,98229,Retail,Urban,Bachelor's,Married
527201267,39,female,94145,Finance,Suburban,Master's,Married
527209896,47,female,88789,Technology,Suburban,Bachelor's,Single
527228650,47,female,84099,Retail,Urban,High School,Divorced
527231728,48,female,46095,Education,Urban,Master's,Divorced
527234841,49,female,69084,Technology,Urban,Master's,Married
527256596,32,male,97024,Healthcare,Urban,Master's,Married
527264556,38,female,104991,Technology,Suburban,Master's,Married
527291218,42,male,77286,Finance,Urban,PhD+,Married
527293383,33,male,37992,Retail,Suburban,Some College,Married
527299464,43,female,112993,Finance,Suburban,Master's,Married
527341432,40,female,91187,Manufacturing,Suburban,Bachelor's,Divorced
527347012,47,female,77282,Technology,Urban,Bachelor's,Married
527349786,38,male,51108,Manufacturing,Rural,Some College,Married
527354781,26,male,61512,Services,Suburban,High School,Married
527373035,37,female,89424,Services,Rural,Some College,Divorced
527379397,42,female,86309,Healthcare,Urban,PhD+,Single
527380003,56,male,72332,Healthcare,Urban,Master's,Married
527380468,39,female,62589,Healthcare,Rural,PhD+,Married
527399902,52,female,145232,Education,Suburban,Master's,Married
527422173,38,female,73137,Education,Urban,Bachelor's,Married
527433385,45,male,63800,Finance,Suburban,Master's,Married
527448900,30,male,85702,Retail,Urban,Some College,Married
527449728,43,female,95425,Finance,Urban,Master's,Divorced
527451426,60,female,126711,Education,Suburban,PhD+,Married
527488214,39,male,88768,Finance,Urban,Bachelor's,Married
527508732,20,female,41712,Services,Urban,Master's,Single
527515162,40,male,51473,Retail,Urban,Some College,Married
527523897,43,female,98158,Healthcare,Urban,Bachelor's,Married
527529823,41,male,69786,Manufacturing,Rural,High School,Married
527536303,43,male,76104,Finance,Rural,PhD+,Married
527536589,39,male,73376,Education,Urban,Master's,Married
527536854,40,male,59795,Retail,Suburban,Bachelor's,Married
527540239,43,male,73034,Retail,Urban,High School,Married
527552895,41,female,78648,Manufacturing,Urban,Bachelor's,Married
527566825,33,female,94670,Healthcare,Rural,Master's,Single
527576917,39,female,81819,Healthcare,Rural,Bachelor's,Married
527577111,35,female,80592,Education,Urban,Bachelor's,Married
527590494,44,male,112597,Finance,Urban,Master's,Divorced
527603073,37,female,49431,Services,Urban,High School,Divorced
527605510,37,female,82212,Technology,Urban,PhD+,Married
527623021,47,female,62186,Education,Urban,PhD+,Married
527624892,54,female,82636,Manufacturing,Suburban,Some College,Married
527652262,50,male,119726,Healthcare,Suburban,Bachelor's,Divorced
527658840,35,female,75469,Education,Urban,Master's,Married
527673024,52,male,128735,Education,Urban,PhD+,Married
527677825,52,male,53502,Finance,Urban,Master's,Married
527681959,39,male,75917,Technology,Suburban,Some College,Married
527682648,43,male,83230,Technology,Urban,Some College,Married
527684632,35,male,82935,Finance,Urban,Bachelor's,Divorced
527689845,30,male,79054,Education,Suburban,PhD+,Divorced
527693567,36,male,72902,Manufacturing,Urban,Master's,Married
527717648,24,male,63431,Services,Urban,Master's,Single
527718982,34,female,55183,Retail,Urban,High School,Divorced
527720049,43,male,67974,Education,Urban,PhD+,Single
527724054,62,female,71092,Education,Urban,Master's,Married
527744377,45,female,115154,Technology,Urban,Master's,Divorced
527748479,42,female,70714,Education,Urban,Bachelor's,Married
527751468,45,male,78623,Services,Urban,High School,Married
527753235,37,male,67732,Retail,Urban,Some College,Married
527762845,49,female,71237,Services,Urban,PhD+,Married
527792682,38,male,104425,Finance,Suburban,Bachelor's,Married
527851926,32,male,131146,Healthcare,Urban,Bachelor's,Married
527892366,34,female,61936,Technology,Suburban,Bachelor's,Single
527906976,33,male,61856,Technology,Urban,Bachelor's,Married
527912714,31,female,90401,Technology,Urban,Master's,Married
527915122,41,male,78717,Healthcare,Urban,PhD+,Married
527921298,34,male,45728,Services,Urban,High School,Married
527922861,22,male,81515,Services,Urban,Some College,Single
527939997,33,male,64299,Services,Suburban,High School,Single
527954567,35,female,85466,Healthcare,Urban,Bachelor's,Married
527956444,29,female,94982,Technology,Urban,Master's,Single
527963164,37,male,80279,Technology,Urban,Some College,Married
527970337,45,male,72130,Finance,Urban,Bachelor's,Married
527972085,37,male,59390,Finance,Urban,Bachelor's,Married
527973289,26,female,73242,Technology,Suburban,PhD+,Married
527999616,40,male,91533,Technology,Suburban,Master's,Divorced
528015069,49,female,32805,Healthcare,Suburban,Some College,Married
528016007,36,female,64824,Healthcare,Suburban,PhD+,Married
528019261,21,male,55788,Retail,Urban,Some College,Single
528025213,30,male,25000,Healthcare,Rural,Some College,Married
528026033,44,female,62291,Manufacturing,Rural,Bachelor's,Married
528032439,38,male,76804,Manufacturing,Urban,Master's,Married
528041180,44,female,82393,Retail,Urban,Some College,Married
528041518,39,female,42136,Manufacturing,Urban,Master's,Single
528060576,44,male,82296,Finance,Suburban,Some College,Single
528091796,41,male,108250,Finance,Urban,Some College,Married
528113469,52,female,96729,Manufacturing,Suburban,High School,Single
528113773,45,male,63218,Finance,Urban,Master's,Married
528115233,45,male,67719,Education,Urban,PhD+,Married
528122386,33,male,84314,Finance,Suburban,PhD+,Married
528144270,42,female,93676,Healthcare,Rural,Master's,Married
528148294,45,female,83745,Finance,Urban,PhD+,Married
528158484,30,female,57963,Manufacturing,Rural,Bachelor's,Married
528169680,36,female,75445,Manufacturing,Urban,High School,Married
528171327,51,male,40371,Education,Urban,Bachelor's,Married
528177699,43,male,95265,Finance,Suburban,Bachelor's,Married
528180813,30,female,76341,Healthcare,Suburban,Bachelor's,Married
528268721,41,female,77987,Education,Urban,PhD+,Single
528272751,54,male,62229,Services,Suburban,Some College,Married
528274771,40,female,59817,Technology,Urban,PhD+,Married
528280036,32,male,56613,Retail,Urban,Bachelor's,Single
528290951,39,male,82732,Education,Rural,Bachelor's,Married
528337101,36,male,42622,Finance,Urban,Master's,Married
528341854,44,female,77216,Technology,Suburban,Master's,Married
528357053,56,male,97716,Healthcare,Suburban,PhD+,Widowed
528360340,46,female,84461,Manufacturing,Urban,Master's,Divorced
528389508,32,male,26569,Finance,Urban,Bachelor's,Married
528396742,42,female,51675,Healthcare,Urban,Some College,Married
528405862,38,female,69613,Healthcare,Suburban,Some College,Divorced
528411486,56,female,59613,Manufacturing,Rural,Bachelor's,Married
528426245,44,male,65803,Education,Urban,PhD+,Married
528434381,33,female,88591,Finance,Suburban,PhD+,Married
528444141,39,female,62219,Finance,Urban,Master's,Single
528451755,41,female,57644,Manufacturing,Suburban,High School,Divorced
528464777,45,female,57620,Education,Suburban,PhD+,Married
528467316,35,female,56420,Technology,Urban,PhD+,Divorced
528468124,35,female,71909,Education,Urban,Bachelor's,Divorced
528989892,42,female,49149,Healthcare,Urban,Master's,Married
529023889,34,female,97812,Services,Urban,High School,Married
529024659,46,male,90357,Education,Urban,Master's,Married
529028123,41,female,45367,Manufacturing,Urban,Master's,Married
529036391,36,female,78849,Technology,Urban,Bachelor's,Married
529047625,43,male,72702,Healthcare,Urban,Master's,Married
529049764,41,female,113552,Technology,Urban,Master's,Single
529059114,48,male,119686,Manufacturing,Suburban,Master's,Single
529093184,50,female,115911,Other,Suburban,Master's,Married
529094721,36,female,54763,Technology,Suburban,Master's,Single
529094783,50,male,103928,Technology,Urban,Master's,Married
529108337,46,female,47452,Education,Urban,Master's,Married
529137035,28,male,53106,Technology,Urban,Some College,Married
529140351,28,male,31628,Manufacturing,Rural,High School,Married
529156524,50,male,88548,Finance,Urban,Bachelor's,Married
529169090,54,female,104080,Manufacturing,Urban,High School,Married
529180018,47,male,70500,Services,Suburban,High School,Married
529208050,46,male,52308,Education,Suburban,PhD+,Married
529210693,36,female,93741,Healthcare,Rural,Master's,Divorced
529213854,32,male,64928,Finance,Suburban,Master's,Single
529214389,48,female,79768,Services,Urban,Bachelor's,Divorced
529223137,47,male,112903,Healthcare,Suburban,Master's,Married
529230007,55,female,68101,Manufacturing,Suburban,Bachelor's,Married
529254373,32,male,46778,Technology,Urban,Master's,Single
529257039,34,male,86690,Retail,Urban,Bachelor's,Single
529265248,40,male,70860,Finance,Urban,PhD+,Married
529312832,41,male,53590,Manufacturing,Rural,Bachelor's,Married
529330630,62,female,58341,Manufacturing,Suburban,Some College,Married
529337947,39,male,113044,Manufacturing,Rural,Master's,Married
529344329,40,male,84275,Education,Urban,Bachelor's,Divorced
529352067,38,female,90137,Healthcare,Suburban,Master's,Married
529354677,34,female,51232,Technology,Urban,Bachelor's,Single
529366534,33,male,68321,Other,Rural,Bachelor's,Married
529368272,46,male,103204,Healthcare,Suburban,Bachelor's,Married
529378797,47,female,55027,Education,Urban,Bachelor's,Married
529381214,47,female,69197,Retail,Urban,Bachelor's,Married
529382461,22,female,50898,Manufacturing,Suburban,High School,Single
529385540,59,male,37650,Services,Urban,Some College,Married
529385967,44,female,70920,Healthcare,Suburban,PhD+,Single
529392218,39,male,49992,Manufacturing,Urban,Some College,Divorced
529392616,37,male,49335,Manufacturing,Rural,Master's,Married
529398589,54,female,104320,Finance,Urban,Bachelor's,Married
529408087,47,female,110531,Finance,Urban,Master's,Married
529411083,54,female,129930,Technology,Suburban,Bachelor's,Married
529428306,49,male,104214,Retail,Suburban,Bachelor's,Married
529432446,39,male,25000,Retail,Suburban,High School,Single
529448619,40,female,47823,Technology,Urban,Bachelor's,Divorced
529450022,37,male,92146,Education,Suburban,Bachelor's,Married
529453309,49,male,66171,Healthcare,Suburban,Bachelor's,Married
529459829,52,female,115178,Finance,Suburban,Some College,Divorced
529470456,21,female,79725,Retail,Suburban,High School,Single
529477138,45,female,66546,Healthcare,Rural,Bachelor's,Widowed
529478409,39,male,99334,Education,Urban,Master's,Single
529491208,57,male,69608,Services,Suburban,Bachelor's,Married
529496825,38,male,95083,Finance,Rural,Bachelor's,Married
529497805,36,male,115079,Finance,Rural,Master's,Widowed
529499519,38,male,48487,Finance,Urban,Bachelor's,Married
529506387,48,female,72012,Retail,Urban,Some College,Married
529515800,53,female,118239,Manufacturing,Urban,Bachelor's,Married
529520414,36,female,53584,Healthcare,Rural,Bachelor's,Single
529569774,42,female,71258,Technology,Urban,Master's,Married
529587549,39,male,70245,Finance,Urban,PhD+,Married
529591509,57,female,71573,Other,Rural,Bachelor's,Married
529595011,47,female,102190,Finance,Urban,Bachelor's,Single
529606629,45,female,95716,Education,Suburban,Bachelor's,Single
529616034,35,male,94142,Finance,Urban,PhD+,Married
529622857,63,male,122378,Finance,Urban,Some College,Married
529674881,38,female,51767,Education,Suburban,Master's,Single
529681338,43,female,84350,Healthcare,Urban,Some College,Married
529696771,42,male,75959,Other,Suburban,Bachelor's,Married
529699224,26,female,94408,Manufacturing,Urban,Bachelor's,Married
529734641,35,male,69606,Technology,Urban,PhD+,Married
529735230,45,female,79611,Healthcare,Urban,Bachelor's,Married
529761867,47,female,76789,Healthcare,Urban,Master's,Married
529768372,41,female,100562,Manufacturing,Urban,Bachelor's,Married
529778437,44,male,56070,Education,Rural,Master's,Married
529779485,57,female,99439,Technology,Urban,Master's,Widowed
529781496,27,male,54295,Manufacturing,Rural,Bachelor's,Married
529786026,46,male,90835,Technology,Suburban,Bachelor's,Divorced
529786048,47,male,73006,Technology,Urban,Master's,Widowed
529796073,35,female,65340,Retail,Urban,Some College,Married
529809378,49,male,33911,Healthcare,Urban,Bachelor's,Married
529833414,32,male,87787,Services,Rural,High School,Single
529839452,38,male,84396,Healthcare,Urban,Some College,Married
529841365,51,female,93261,Education,Suburban,Master's,Married
529841954,43,female,83465,Finance,Suburban,Bachelor's,Single
529846623,34,female,49629,Healthcare,Urban,Bachelor's,Single
529860782,37,male,94815,Education,Urban,Master's,Single
529899956,41,female,94706,Education,Urban,High School,Divorced
529907274,47,male,62343,Finance,Urban,Master's,Married
529908545,33,male,76622,Education,Urban,PhD+,Single
529919489,34,male,35324,Retail,Urban,Bachelor's,Married
529929895,41,female,70052,Manufacturing,Suburban,PhD+,Married
529934945,41,male,63325,Retail,Rural,High School,Married
530020718,39,female,49236,Retail,Rural,Bachelor's,Married
530022116,28,male,81274,Services,Suburban,High School,Single
530037346,25,female,58476,Finance,Urban,Bachelor's,Single
530055867,46,male,54952,Services,Urban,Bachelor's,Divorced
530062230,48,female,100978,Education,Urban,Master's,Married
530081238,46,male,80010,Healthcare,Urban,Bachelor's,Single
530085263,41,male,69928,Healthcare,Urban,Master's,Divorced
530093356,41,female,84615,Finance,Suburban,Master's,Married
530099685,37,male,77432,Education,Urban,PhD+,Divorced
530102334,47,female,83847,Education,Urban,PhD+,Married
530125006,26,female,59873,Technology,Suburban,Bachelor's,Married
530125807,42,female,101724,Manufacturing,Suburban,Some College,Married
530158018,50,female,92278,Healthcare,Suburban,Bachelor's,Married
530167298,32,female,99825,Technology,Urban,Bachelor's,Married
530179364,40,female,74899,Education,Urban,Master's,Divorced
530181802,34,female,90558,Technology,Suburban,Master's,Married
530203306,39,male,25000,Healthcare,Rural,Master's,Married
530203906,48,male,57204,Healthcare,Suburban,Master's,Married
530210369,53,male,54145,Education,Suburban,Bachelor's,Married
530212334,36,male,73086,Technology,Urban,Master's,Single
530215136,37,female,96557,Services,Suburban,Some College,Married
530263482,33,male,82255,Services,Urban,Bachelor's,Single
530265258,42,male,40794,Education,Urban,Master's,Single
530270699,47,female,91840,Healthcare,Suburban,Bachelor's,Married
530287925,50,male,97586,Finance,Urban,Some College,Married
530321371,41,male,130312,Healthcare,Urban,Bachelor's,Married
530325708,49,male,96433,Technology,Urban,Master's,Married
530329435,41,female,55897,Manufacturing,Urban,Some College,Married
530337676,29,female,46744,Retail,Suburban,Bachelor's,Married
530407493,36,male,30904,Healthcare,Urban,Master's,Widowed
530416578,48,male,58479,Finance,Urban,Bachelor's,Divorced
530462269,32,male,110145,Other,Suburban,Master's,Single
530467311,30,male,52388,Retail,Suburban,Bachelor's,Single
530475775,46,female,96333,Finance,Urban,Master's,Married
530476250,39,male,81208,Finance,Urban,High School,Married
530481107,40,female,60022,Technology,Urban,PhD+,Divorced
530490118,46,male,85712,Healthcare,Suburban,Bachelor's,Divorced
530495845,36,male,81218,Retail,Urban,Some College,Married
530530941,50,female,103870,Retail,Urban,Bachelor's,Married
530539023,43,female,76155,Services,Rural,Some College,Married
530575653,51,female,120463,Manufacturing,Rural,High School,Married
530578145,47,male,59204,Healthcare,Urban,Bachelor's,Married
530581240,37,male,50215,Finance,Urban,Master's,Single
530592483,31,female,37933,Services,Rural,Some College,Married
530597366,39,female,46765,Technology,Suburban,Some College,Married
530599462,27,male,59573,Healthcare,Urban,Bachelor's,Married
530600352,48,female,99763,Healthcare,Suburban,Master's,Married
530619379,48,male,38941,Education,Suburban,Master's,Married
530619439,42,male,66376,Finance,Urban,Bachelor's,Married
530632157,46,male,53059,Healthcare,Urban,Some College,Married
530666698,50,female,66098,Healthcare,Rural,Master's,Divorced
530669166,40,female,75859,Technology,Urban,Master's,Married
530698934,50,female,111510,Technology,Urban,Bachelor's,Divorced
530746712,23,female,55820,Technology,Urban,Master's,Married
530763578,32,female,40314,Manufacturing,Urban,Bachelor's,Married
530770029,38,female,81023,Retail,Suburban,Master's,Single
530774312,45,female,64024,Technology,Suburban,Bachelor's,Single
530776187,26,male,69555,Education,Suburban,Bachelor's,Married
530816561,35,female,92240,Technology,Urban,Bachelor's,Single
530823768,39,male,78510,Manufacturing,Rural,Bachelor's,Married
530844167,35,male,93885,Education,Urban,Bachelor's,Married
530845876,52,female,47546,Retail,Urban,High School,Divorced
530866831,33,male,78621,Education,Rural,PhD+,Married
530877506,41,female,72965,Healthcare,Suburban,Bachelor's,Married
530906861,50,male,105817,Retail,Urban,High School,Married
530913942,49,male,100494,Finance,Urban,Bachelor's,Married
530921101,31,female,79372,Healthcare,Suburban,Master's,Married
530922305,37,male,56972,Technology,Urban,Bachelor's,Married
530928221,33,female,73277,Technology,Urban,Some College,Married
530930049,41,female,94546,Finance,Suburban,Some College,Divorced
530939033,27,male,51429,Other,Urban,Bachelor's,Married
530962449,34,male,56953,Finance,Urban,Bachelor's,Married
530972178,38,female,61481,Education,Rural,Master's,Married
530992032,53,female,85320,Finance,Suburban,Some College,Married
531006265,39,female,73952,Manufacturing,Suburban,High School,Single
531010163,46,female,83807,Education,Suburban,Master's,Married
531021476,33,female,43681,Technology,Urban,Bachelor's,Single
531047243,39,male,59463,Manufacturing,Urban,Bachelor's,Married
531057320,32,male,25000,Retail,Suburban,Some College,Married
531090951,51,female,92105,Education,Suburban,Master's,Married
531120666,38,female,35218,Retail,Suburban,Master's,Married
531129989,47,female,102522,Education,Urban,Master's,Married
531155704,37,female,78273,Manufacturing,Suburban,Bachelor's,Single
531171616,52,male,78401,Education,Rural,Bachelor's,Single
531184316,52,female,87883,Education,Suburban,Master's,Married
531211794,33,male,29278,Manufacturing,Urban,Bachelor's,Single
531234001,33,male,110523,Healthcare,Suburban,Master's,Married
531235983,47,female,114329,Finance,Urban,Some College,Married
531248076,47,male,86962,Manufacturing,Rural,Master's,Single
531264166,47,female,93666,Education,Suburban,Master's,Married
531271515,52,male,77197,Manufacturing,Urban,High School,Married
531272934,53,male,109320,Technology,Urban,Some College,Married
531295210,53,male,74770,Finance,Suburban,Master's,Married
531327547,38,female,60977,Technology,Urban,PhD+,Married
531334571,39,female,53950,Technology,Suburban,Bachelor's,Divorced
531336962,46,male,48196,Healthcare,Urban,Bachelor's,Divorced
531344114,32,male,71527,Services,Urban,High School,Single
531345582,40,male,86876,Services,Suburban,Bachelor's,Married
531350849,34,male,94648,Education,Urban,Master's,Married
531352248,51,male,67705,Education,Urban,Master's,Married
531355683,43,female,98672,Manufacturing,Suburban,Bachelor's,Married
531357838,23,male,88178,Services,Rural,Some College,Married
531361406,55,female,84997,Healthcare,Suburban,Master's,Married
531376171,41,male,75186,Retail,Suburban,Bachelor's,Married
531388912,39,female,67780,Finance,Urban,Master's,Married
531406978,27,female,55008,Finance,Urban,Bachelor's,Single
531415287,31,male,70220,Technology,Urban,Master's,Single
531435975,42,female,84682,Technology,Urban,Master's,Married
531517161,39,female,60754,Healthcare,Urban,Bachelor's,Married
531522372,48,male,104243,Healthcare,Suburban,Master's,Single
531522380,47,male,96452,Finance,Urban,PhD+,Married
531531705,31,male,74767,Retail,Suburban,High School,Married
531534830,32,male,81375,Education,Suburban,Bachelor's,Single
531553142,40,female,83574,Finance,Urban,Bachelor's,Married
531559848,50,male,82473,Finance,Urban,High School,Married
531566581,25,male,56038,Education,Urban,Bachelor's,Single
531615387,28,female,39404,Healthcare,Rural,Bachelor's,Single
531619015,42,female,62614,Technology,Urban,Master's,Married
531620611,44,female,56117,Education,Urban,PhD+,Married
531628710,51,male,75174,Education,Suburban,Master's,Divorced
531630068,42,female,25000,Manufacturing,Urban,Some College,Divorced
531636032,30,female,36134,Manufacturing,Rural,High School,Married
531658961,29,male,78796,Services,Urban,Master's,Single
531671712,29,male,99913,Services,Urban,High School,Married
531682494,28,male,56422,Healthcare,Urban,Some College,Married
531696076,38,female,76886,Services,Urban,Some College,Married
531696700,29,male,78577,Retail,Urban,High School,Single
531706735,35,male,43464,Finance,Suburban,Bachelor's,Single
531721637,56,female,108378,Education,Suburban,Bachelor's,Single
531722707,41,female,97061,Technology,Suburban,Master's,Married
531739120,49,female,105223,Technology,Urban,PhD+,Married
531742223,53,male,95415,Manufacturing,Suburban,High School,Married
531784826,50,female,85372,Services,Urban,Bachelor's,Married
531785565,49,female,86495,Finance,Suburban,PhD+,Married
531787576,31,female,29675,Manufacturing,Urban,High School,Single
531816237,49,male,70946,Technology,Urban,Bachelor's,Divorced
531854055,23,male,56601,Manufacturing,Urban,PhD+,Single
531858922,32,male,108274,Healthcare,Suburban,Some College,Married
531867363,42,male,77130,Technology,Urban,Bachelor's,Divorced
531888875,37,female,61711,Finance,Urban,Master's,Married
531891146,40,female,42401,Finance,Urban,Some College,Married
531892361,40,female,83807,Technology,Urban,Master's,Married
531920670,39,male,65619,Finance,Urban,Bachelor's,Married
531957296,36,male,54931,Retail,Urban,Master's,Divorced
531986677,53,male,103218,Healthcare,Suburban,Bachelor's,Married
531988147,36,male,57797,Technology,Urban,PhD+,Married
532007248,40,female,100553,Finance,Urban,Bachelor's,Married
532024426,49,female,70627,Healthcare,Urban,Bachelor's,Married
532061334,47,male,76700,Education,Urban,Bachelor's,Divorced
532069662,33,male,61689,Technology,Urban,Master's,Divorced
532076737,49,male,65779,Retail,Urban,High School,Divorced
532110983,44,female,76685,Manufacturing,Suburban,High School,Single
532118452,51,male,68441,Technology,Urban,High School,Widowed
532118917,29,female,48314,Technology,Urban,Bachelor's,Married
532118994,41,female,99159,Technology,Suburban,Master's,Single
532123044,33,female,52244,Manufacturing,Suburban,Master's,Married
532128293,27,female,75232,Services,Urban,High School,Divorced
532207399,41,female,103637,Education,Urban,Master's,Married
532232315,36,female,40755,Retail,Suburban,Bachelor's,Married
532250881,41,female,54972,Education,Urban,Master's,Married
532252530,40,female,79180,Education,Urban,Master's,Married
532253497,41,male,43944,Education,Urban,Master's,Married
532256965,29,female,25000,Education,Urban,Bachelor's,Single
532261486,22,female,59348,Services,Rural,Some College,Single
532280523,52,male,66480,Manufacturing,Rural,Some College,Married
532288632,33,female,82672,Education,Urban,Master's,Married
532305671,32,male,81669,Manufacturing,Rural,High School,Married
532307348,53,female,74656,Technology,Urban,PhD+,Married
532308518,34,female,53952,Retail,Urban,Some College,Married
532309039,42,female,104505,Technology,Urban,Some College,Married
532336225,24,male,45625,Other,Rural,PhD+,Single
532358214,33,male,51698,Services,Urban,Some College,Single
532365218,43,male,64359,Manufacturing,Urban,High School,Divorced
532381884,40,male,96545,Technology,Rural,Master's,Married
532413428,27,female,63256,Retail,Suburban,High School,Married
532417822,49,male,58055,Manufacturing,Urban,High School,Married
532427688,46,female,97193,Technology,Urban,Master's,Married
532429991,34,female,101465,Manufacturing,Urban,Some College,Married
532454469,25,female,63594,Services,Urban,High School,Married
532460686,55,female,85923,Healthcare,Urban,Bachelor's,Divorced
532493325,28,female,101583,Technology,Suburban,Master's,Married
532494432,50,female,88741,Healthcare,Urban,Bachelor's,Married
532499743,45,female,93679,Finance,Suburban,Master's,Married
532503202,56,male,122639,Manufacturing,Suburban,PhD+,Married
532510246,35,male,87360,Retail,Suburban,Bachelor's,Married
532544910,23,female,82665,Services,Rural,Bachelor's,Single
532551774,29,female,55907,Technology,Urban,PhD+,Married
532558608,46,female,51844,Finance,Urban,High School,Married
532573623,44,male,77239,Education,Urban,Bachelor's,Married
532579349,36,female,64713,Finance,Urban,Master's,Divorced
532596563,30,male,52907,Education,Suburban,PhD+,Single
532599031,34,female,93470,Technology,Urban,Master's,Single
532600098,31,female,58535,Healthcare,Suburban,High School,Divorced
532605286,46,male,67036,Healthcare,Rural,Some College,Married
532613111,48,female,83151,Healthcare,Rural,High School,Married
532630755,49,female,93510,Manufacturing,Suburban,High School,Divorced
532644320,47,female,86177,Manufacturing,Suburban,Some College,Divorced
532669101,61,female,102709,Services,Urban,Bachelor's,Married
532674416,41,female,46676,Healthcare,Urban,Bachelor's,Married
532687264,36,male,69902,Education,Urban,Master's,Married
532753756,35,female,48138,Other,Rural,Some College,Divorced
532769022,51,male,132107,Healthcare,Suburban,PhD+,Married
532806259,38,male,72699,Finance,Urban,Bachelor's,Married
532816550,51,male,78282,Services,Urban,Master's,Divorced
532865342,39,male,118233,Healthcare,Urban,Master's,Married
532926507,45,male,109549,Technology,Rural,Master's,Married
532949069,55,male,103835,Finance,Urban,Bachelor's,Divorced
532960998,32,male,48451,Services,Urban,Some College,Married
532974869,32,male,83354,Healthcare,Urban,Bachelor's,Married
532975991,52,male,78588,Technology,Urban,Bachelor's,Married
532977437,49,female,101249,Education,Urban,Bachelor's,Divorced
532991287,41,female,79498,Technology,Urban,PhD+,Married
533000862,32,male,112551,Finance,Urban,High School,Married
533010393,46,female,84068,Finance,Urban,Bachelor's,Divorced
533038277,42,female,101688,Technology,Urban,Bachelor's,Married
533044192,51,female,57988,Manufacturing,Suburban,High School,Single
533044842,36,female,74344,Healthcare,Suburban,Master's,Divorced
533057982,55,male,87206,Education,Suburban,Master's,Married
533068116,34,male,129925,Healthcare,Suburban,PhD+,Single
533074223,34,female,103190,Other,Suburban,Bachelor's,Single
533074532,43,male,94114,Technology,Urban,High School,Married
533095211,56,female,108049,Other,Suburban,Master's,Married
533096810,35,female,66081,Education,Urban,PhD+,Married
533128974,46,male,73291,Education,Urban,Master's,Married
533132056,54,male,108892,Healthcare,Urban,Master's,Married
533178738,36,female,61037,Education,Urban,Master's,Divorced
533193102,53,male,109625,Finance,Suburban,Bachelor's,Married
533195533,50,female,116667,Technology,Suburban,Bachelor's,Divorced
533219496,35,female,72139,Finance,Rural,Bachelor's,Married
533219928,46,female,67107,Healthcare,Urban,PhD+,Single
533230536,56,female,86411,Services,Rural,Some College,Married
533250264,45,female,102179,Technology,Urban,Some College,Married
533256484,23,female,60769,Technology,Urban,Bachelor's,Single
533264677,32,male,87888,Finance,Rural,Master's,Married
533296866,47,female,59575,Retail,Suburban,Bachelor's,Married
533414096,52,female,63380,Manufacturing,Urban,Master's,Married
533422105,28,male,66353,Services,Rural,High School,Divorced
533427958,45,male,80396,Technology,Urban,Bachelor's,Widowed
533430323,48,male,104245,Education,Suburban,Master's,Divorced
533437387,46,male,84659,Retail,Urban,High School,Single
533438768,49,male,106239,Finance,Urban,Bachelor's,Divorced
533454018,39,male,65728,Healthcare,Urban,Bachelor's,Single
533459510,32,male,78561,Healthcare,Urban,PhD+,Single
533473182,31,male,75776,Healthcare,Suburban,Master's,Married
533476853,44,female,71032,Services,Suburban,Some College,Married
533533076,36,male,40164,Education,Urban,Bachelor's,Married
533541370,51,male,75699,Technology,Urban,Some College,Divorced
533550744,38,male,125213,Manufacturing,Suburban,Bachelor's,Married
533551268,45,male,94831,Manufacturing,Suburban,High School,Single
533555236,33,female,51372,Healthcare,Urban,Bachelor's,Single
533565025,49,male,102196,Technology,Urban,PhD+,Married
533576690,36,male,52735,Healthcare,Suburban,PhD+,Married
533582778,21,male,53020,Services,Urban,High School,Single
533590473,47,male,119938,Finance,Urban,Master's,Married
533600078,51,male,98456,Finance,Urban,Bachelor's,Married
533603269,46,male,91957,Finance,Urban,Master's,Married
533613578,52,female,61561,Healthcare,Rural,Master's,Married
533621349,48,male,83389,Technology,Urban,Bachelor's,Married
533636761,32,female,79008,Education,Suburban,Bachelor's,Married
533677205,36,female,54753,Healthcare,Urban,Master's,Married
533689881,40,male,73099,Healthcare,Urban,Bachelor's,Married
533708094,42,female,74129,Healthcare,Suburban,Master's,Single
533709560,47,female,88452,Healthcare,Urban,Bachelor's,Married
533712253,51,female,115415,Education,Suburban,Bachelor's,Divorced
533712356,43,male,63684,Healthcare,Urban,Master's,Married
533714285,41,female,91299,Healthcare,Suburban,PhD+,Married
533720556,35,male,67144,Technology,Suburban,Master's,Married
533721192,51,female,93584,Finance,Rural,Bachelor's,Single
533729893,34,male,86675,Education,Urban,Bachelor's,Married
533733172,42,male,96217,Healthcare,Suburban,Master's,Married
533735498,26,female,70857,Services,Urban,Bachelor's,Married
533752911,47,female,116813,Healthcare,Urban,Bachelor's,Married
533765562,34,male,74780,Manufacturing,Urban,Some College,Single
533765627,37,female,45845,Education,Rural,Bachelor's,Divorced
533768054,37,female,87790,Manufacturing,Rural,High School,Married
533780296,45,female,104702,Technology,Suburban,Master's,Married
533781972,25,male,55920,Manufacturing,Urban,High School,Single
533786584,42,female,97262,Technology,Urban,Bachelor's,Divorced
533801188,42,female,76234,Manufacturing,Urban,Bachelor's,Married
533805550,39,female,95478,Healthcare,Suburban,Master's,Married
533813276,44,male,71298,Finance,Urban,Bachelor's,Divorced
533817166,42,male,100898,Technology,Suburban,Bachelor's,Single
533824999,44,male,118907,Finance,Urban,Master's,Married
533836447,33,male,65856,Retail,Urban,High School,Single
533855459,43,male,95701,Finance,Suburban,Master's,Divorced
533897712,31,female,60105,Retail,Rural,High School,Single
533915845,46,female,99788,Healthcare,Urban,Bachelor's,Married
533918677,44,male,75886,Finance,Suburban,PhD+,Divorced
533920010,43,male,74894,Technology,Urban,Bachelor's,Married
533937655,43,female,93058,Education,Suburban,Bachelor's,Married
533938781,51,female,101472,Finance,Urban,Bachelor's,Divorced
533958031,36,female,43649,Education,Urban,Bachelor's,Married
534006754,38,male,72647,Technology,Suburban,Some College,Married
534047730,49,male,57777,Technology,Suburban,High School,Married
534060910,44,female,75594,Finance,Urban,Bachelor's,Married
534081543,51,female,100904,Retail,Rural,High School,Single
534097564,32,male,66186,Technology,Suburban,Master's,Married
534109319,48,female,90920,Finance,Suburban,PhD+,Married
534153554,50,female,58617,Education,Urban,Master's,Married
534182035,53,male,54973,Finance,Urban,Master's,Married
534205262,34,male,45575,Finance,Urban,Bachelor's,Single
534217807,48,male,44123,Manufacturing,Suburban,High School,Single
534219076,48,male,91669,Finance,Urban,PhD+,Married
534239116,49,female,50955,Healthcare,Suburban,Bachelor's,Married
534248458,40,female,85795,Healthcare,Rural,Master's,Married
534252075,36,female,46194,Technology,Urban,Master's,Married
534263421,22,female,56987,Healthcare,Urban,Bachelor's,Single
534264522,32,male,52102,Healthcare,Urban,Bachelor's,Single
534277150,45,male,61828,Technology,Rural,Bachelor's,Divorced
534286040,39,female,73592,Education,Urban,Bachelor's,Married
534300694,38,female,90330,Finance,Urban,Some College,Divorced
534326018,46,female,96382,Services,Urban,Some College,Married
534326165,38,male,87179,Healthcare,Urban,Bachelor's,Married
534405493,47,female,100407,Technology,Suburban,PhD+,Married
534426892,44,male,80488,Technology,Suburban,Bachelor's,Married
534439165,31,female,32344,Finance,Urban,PhD+,Married
534448294,45,female,141169,Healthcare,Suburban,PhD+,Single
534450012,33,male,83152,Technology,Rural,PhD+,Single
534459890,27,male,78119,Technology,Urban,High School,Married
534474242,37,female,69426,Technology,Urban,Bachelor's,Divorced
534478038,38,female,60786,Education,Urban,PhD+,Married
534490653,60,male,81367,Education,Urban,Bachelor's,Married
534499365,57,male,86632,Education,Urban,Bachelor's,Married
534500209,48,female,93384,Education,Urban,Bachelor's,Divorced
534511987,53,male,97089,Education,Urban,Master's,Single
534526619,42,female,28168,Manufacturing,Suburban,Bachelor's,Married
534545940,40,female,80483,Technology,Suburban,Some College,Married
534570272,44,female,70156,Services,Urban,Master's,Single
534570675,45,female,71604,Education,Urban,Master's,Single
534574006,43,female,86862,Technology,Urban,Master's,Married
534583206,63,male,116002,Manufacturing,Urban,High School,Married
534595062,44,male,99958,Services,Urban,High School,Married
534622096,31,female,67223,Healthcare,Suburban,Bachelor's,Married
534636999,53,male,93428,Healthcare,Suburban,Master's,Divorced
534637760,29,male,39753,Retail,Rural,High School,Single
534661469,52,female,88126,Finance,Suburban,High School,Married
534666077,32,female,67325,Healthcare,Suburban,Master's,Married
534698168,33,male,79082,Technology,Urban,Master's,Single
534719041,48,male,85026,Education,Rural,Bachelor's,Married
534734642,50,male,57107,Healthcare,Urban,PhD+,Married
534741588,42,female,54585,Healthcare,Suburban,Master's,Married
534745718,42,male,80752,Technology,Suburban,Bachelor's,Single
534749737,45,male,131130,Education,Rural,Master's,Divorced
534762830,38,male,112886,Technology,Suburban,Some College,Married
534771659,41,female,74176,Finance,Urban,Master's,Married
534789571,34,female,88139,Finance,Suburban,Bachelor's,Single
534790953,40,male,75648,Technology,Urban,Master's,Single
534792667,30,male,42045,Technology,Urban,Master's,Single
534799193,41,female,53154,Technology,Urban,Master's,Married
534818401,33,male,87409,Finance,Urban,PhD+,Single
534824435,57,female,81997,Other,Rural,Master's,Single
534824962,33,female,92374,Education,Urban,PhD+,Married
534837825,37,female,70731,Services,Urban,Some College,Married
534876567,47,female,92233,Healthcare,Suburban,Master's,Divorced
534885692,52,male,86353,Finance,Suburban,PhD+,Married
534907360,32,female,61262,Healthcare,Suburban,Bachelor's,Single
534908338,44,male,117591,Healthcare,Rural,High School,Married
534925228,41,female,59603,Manufacturing,Suburban,Some College,Married
534929087,45,female,89789,Education,Urban,PhD+,Married
534938492,43,female,60282,Finance,Urban,Some College,Divorced
534960811,25,female,25000,Services,Urban,PhD+,Married
535052815,35,female,43159,Education,Urban,Bachelor's,Married
535057247,50,male,64307,Technology,Urban,Master's,Divorced
535057562,47,male,76839,Retail,Urban,Bachelor's,Married
535057751,43,male,67639,Finance,Urban,PhD+,Divorced
535059308,34,male,88077,Manufacturing,Rural,High School,Married
535067214,43,male,73262,Education,Urban,Master's,Married
535085332,40,female,47918,Healthcare,Urban,Bachelor's,Married
535086592,40,male,67086,Technology,Urban,Bachelor's,Divorced
535138602,30,female,42608,Retail,Urban,Master's,Married
535147766,29,female,26807,Retail,Urban,Some College,Single
535148182,38,female,60186,Education,Urban,Master's,Married
535175963,43,male,48556,Healthcare,Suburban,Master's,Divorced
535178955,43,male,78755,Education,Rural,PhD+,Married
535190816,35,female,70824,Finance,Urban,PhD+,Single
535199590,47,male,74593,Finance,Urban,Bachelor's,Married
535202035,49,female,71675,Manufacturing,Suburban,PhD+,Married
535212768,24,male,47989,Healthcare,Urban,Master's,Single
535214579,37,female,31226,Retail,Urban,Some College,Married
535220790,35,male,75364,Education,Urban,Bachelor's,Married
535229161,50,male,103219,Technology,Suburban,Master's,Single
535246897,58,female,169840,Healthcare,Urban,Bachelor's,Married
535276400,43,female,76464,Healthcare,Urban,Master's,Married
535279606,42,male,91728,Finance,Urban,Bachelor's,Married
535281929,44,female,70180,Finance,Urban,Master's,Married
535302921,40,male,78985,Services,Suburban,Bachelor's,Single
535303783,38,male,43018,Finance,Urban,Some College,Married
535327520,42,female,99956,Finance,Urban,Master's,Married
535334373,44,female,60622,Education,Urban,Master's,Married
535363476,40,female,107119,Finance,Urban,Some College,Married
535370229,28,female,55523,Finance,Urban,Bachelor's,Single
535376857,49,female,67346,Retail,Suburban,Bachelor's,Single
535388114,44,female,112585,Finance,Urban,Bachelor's,Married
535390864,41,male,79369,Retail,Suburban,Some College,Married
535419992,45,female,77823,Healthcare,Urban,Master's,Married
535451859,39,male,102172,Finance,Urban,Master's,Married
535486071,42,female,79495,Finance,Urban,PhD+,Married
535500446,42,female,109009,Finance,Suburban,Bachelor's,Single
535538714,53,female,56949,Manufacturing,Urban,High School,Widowed
535545184,30,male,70225,Retail,Urban,Some College,Married
535546065,32,female,62483,Manufacturing,Suburban,Bachelor's,Single
535546134,33,female,89958,Finance,Urban,Some College,Married
535578478,41,female,61195,Technology,Urban,Master's,Married
535589279,31,male,69793,Technology,Urban,PhD+,Married
535591724,57,male,130583,Education,Urban,High School,Married
535601076,30,male,28148,Healthcare,Rural,Bachelor's,Married
535607153,40,female,88469,Retail,Suburban,Some College,Divorced
535615452,36,female,98346,Services,Rural,Bachelor's,Married
535620144,39,female,67180,Finance,Urban,Bachelor's,Single
535658024,36,female,61018,Technology,Urban,Some College,Divorced
535663213,48,male,83082,Manufacturing,Urban,High School,Married
535682160,51,female,87805,Manufacturing,Rural,PhD+,Widowed
535688465,33,male,104041,Healthcare,Urban,Master's,Single
535713877,38,male,78457,Manufacturing,Suburban,Bachelor's,Married
535716632,42,male,68536,Education,Urban,PhD+,Married
535717297,39,male,57231,Services,Suburban,Bachelor's,Married
535718097,37,male,80449,Finance,Urban,Bachelor's,Divorced
535723164,43,male,67355,Retail,Urban,Some College,Married
535728446,47,female,86350,Technology,Urban,Bachelor's,Single
535736691,29,female,27768,Retail,Urban,High School,Single
535746923,36,female,44343,Healthcare,Urban,Some College,Single
535760475,30,male,62434,Technology,Suburban,Bachelor's,Single
535763795,35,female,78026,Technology,Urban,Master's,Married
535800105,61,male,52871,Healthcare,Urban,Master's,Single
535801665,37,female,65376,Finance,Urban,High School,Married
535807923,28,male,77271,Retail,Suburban,High School,Married
535855616,43,male,46885,Education,Suburban,Master's,Single
535888111,32,female,77630,Finance,Urban,Bachelor's,Married
535900036,35,female,107718,Manufacturing,Urban,Master's,Married
535901140,33,female,115691,Finance,Suburban,Bachelor's,Single
535901345,57,female,127147,Manufacturing,Urban,High School,Married
535920955,52,male,80487,Manufacturing,Rural,High School,Divorced
535925182,55,male,106621,Healthcare,Rural,Master's,Single
535927740,49,female,98265,Technology,Urban,Bachelor's,Married
535931646,59,female,71560,Healthcare,Rural,Master's,Married
535964260,28,male,59555,Technology,Suburban,Master's,Married
535981207,49,male,84318,Services,Urban,High School,Married
535982701,43,female,86566,Manufacturing,Suburban,High School,Married
535991624,51,male,77847,Healthcare,Urban,Bachelor's,Married
536003376,43,female,92786,Education,Rural,PhD+,Divorced
536011581,42,female,66281,Manufacturing,Urban,Bachelor's,Divorced
536013948,44,female,70690,Services,Suburban,High School,Single
536018354,35,male,80557,Technology,Rural,Bachelor's,Divorced
536030364,30,male,93297,Healthcare,Suburban,High School,Single
536031012,40,female,102993,Healthcare,Suburban,Bachelor's,Married
536049028,65,male,118098,Healthcare,Suburban,Some College,Divorced
536064945,54,male,73725,Healthcare,Suburban,Bachelor's,Married
536069478,34,female,71189,Services,Urban,High School,Married
536106050,47,male,84251,Finance,Urban,Bachelor's,Single
536125744,40,male,31235,Healthcare,Urban,Master's,Married
536138376,39,male,55065,Finance,Suburban,Bachelor's,Married
536182782,25,female,41783,Services,Urban,High School,Divorced
536187507,27,male,96609,Other,Urban,High School,Single
536229252,41,male,53491,Education,Urban,Master's,Divorced
536245735,41,male,60028,Healthcare,Suburban,Some College,Single
536268286,31,male,86818,Finance,Urban,Bachelor's,Married
536271118,31,female,47350,Technology,Urban,Bachelor's,Single
536278582,31,female,26553,Retail,Suburban,Some College,Married
536279902,34,male,61954,Services,Suburban,High School,Married
536284564,44,female,46852,Education,Suburban,Master's,Single
536291059,50,male,59444,Finance,Urban,Bachelor's,Divorced
536318250,48,female,77326,Manufacturing,Urban,Some College,Married
536327693,41,male,69820,Education,Rural,Master's,Married
536340147,31,male,85962,Finance,Suburban,Master's,Married
536342808,38,female,70101,Technology,Urban,Bachelor's,Married
536346272,38,female,72242,Technology,Suburban,Bachelor's,Divorced
536348871,40,male,92493,Technology,Urban,Bachelor's,Married
536352988,43,female,88574,Services,Urban,Some College,Divorced
536358977,37,male,63041,Education,Urban,Bachelor's,Married
536399452,34,male,84171,Technology,Urban,Master's,Married
536399907,37,male,122049,Technology,Urban,Bachelor's,Married
536419203,37,male,96885,Healthcare,Suburban,Master's,Single
536444787,52,female,95647,Finance,Urban,Bachelor's,Married
536453655,44,male,46662,Technology,Urban,Master's,Married
536456050,36,male,62011,Other,Urban,High School,Single
536471286,40,male,92960,Finance,Rural,Master's,Divorced
536475756,40,female,61617,Education,Urban,Master's,Married
536490289,42,female,51345,Healthcare,Suburban,High School,Married
536499979,37,female,66593,Education,Urban,Bachelor's,Married
536556651,39,female,60475,Education,Suburban,PhD+,Married
536570932,56,female,86271,Healthcare,Rural,Master's,Married
536572621,41,female,114304,Technology,Urban,Bachelor's,Divorced
536575742,35,male,86847,Retail,Suburban,High School,Married
536580639,45,female,86034,Healthcare,Urban,Master's,Single
536584920,37,male,81965,Finance,Suburban,Master's,Single
536587881,55,male,103353,Finance,Rural,PhD+,Divorced
536592738,53,male,95573,Finance,Urban,Master's,Married
536606513,42,male,45959,Finance,Suburban,Bachelor's,Single
536624447,31,female,51745,Finance,Urban,Bachelor's,Single
536635849,47,male,77969,Education,Suburban,Master's,Single
536638289,54,female,74389,Education,Urban,Master's,Married
536643223,37,female,33070,Services,Urban,Bachelor's,Divorced
536652363,37,female,53922,Services,Urban,Some College,Single
536671036,48,male,110266,Education,Urban,PhD+,Single
536685475,39,female,71668,Education,Urban,PhD+,Married
536691835,37,male,66969,Healthcare,Urban,Some College,Married
536692312,34,male,49575,Retail,Urban,High School,Married
536709801,32,female,57902,Finance,Rural,Master's,Single
536724940,38,female,113614,Healthcare,Urban,Master's,Married
536743323,43,male,116972,Technology,Urban,Some College,Divorced
536752685,36,male,84250,Healthcare,Urban,Bachelor's,Married
536767444,35,female,95789,Finance,Suburban,Bachelor's,Married
536808065,34,male,69743,Healthcare,Rural,Bachelor's,Single
536813560,22,male,65064,Retail,Urban,High School,Single
536814533,48,female,58771,Retail,Urban,Bachelor's,Married
536820783,30,male,81545,Finance,Suburban,Master's,Single
536825582,40,male,75680,Healthcare,Urban,Bachelor's,Married
536828439,47,male,73608,Healthcare,Urban,Bachelor's,Married
536839019,39,female,85473,Retail,Suburban,Bachelor's,Married
536842370,42,female,99608,Manufacturing,Rural,Bachelor's,Divorced
536846353,36,male,71361,Education,Rural,PhD+,Widowed
536878530,25,male,25000,Retail,Suburban,Some College,Single
536882390,35,male,63788,Healthcare,Rural,Some College,Married
536891382,35,male,67246,Healthcare,Urban,PhD+,Divorced
536898184,52,female,65407,Finance,Urban,Bachelor's,Married
536920234,47,female,70380,Healthcare,Urban,Bachelor's,Married
536925817,48,male,69773,Finance,Urban,Bachelor's,Single
536931191,34,male,81255,Other,Suburban,High School,Married
536944109,33,male,74642,Services,Suburban,Bachelor's,Single
536946221,40,male,63157,Finance,Suburban,Master's,Divorced
536964539,46,male,102014,Healthcare,Urban,PhD+,Married
536977280,47,male,60339,Technology,Urban,PhD+,Single
536995682,27,male,25000,Technology,Urban,PhD+,Married
536996398,16,male,36821,Retail,Urban,High School,Single
537011943,46,female,83509,Manufacturing,Urban,Some College,Married
537023961,38,female,70900,Technology,Urban,Master's,Married
537031011,35,female,79480,Healthcare,Urban,Master's,Divorced
537091028,36,male,58217,Healthcare,Rural,Master's,Married
537099664,53,female,100943,Technology,Urban,Some College,Married
537100210,55,female,92515,Services,Urban,Some College,Single
537128745,37,male,68965,Retail,Urban,High School,Married
537162287,40,male,59706,Retail,Urban,High School,Single
537162954,51,male,90361,Services,Suburban,Bachelor's,Married
537169676,43,male,43144,Technology,Urban,Some College,Married
537192458,35,male,71475,Finance,Urban,Some College,Single
537197705,43,female,53666,Manufacturing,Suburban,High School,Single
537209156,40,male,118911,Manufacturing,Suburban,PhD+,Married
537211303,31,male,63929,Education,Urban,Master's,Single
537211926,53,male,88070,Technology,Urban,Master's,Married
537217904,29,male,57775,Finance,Suburban,Master's,Married
537223722,54,male,122095,Other,Suburban,Some College,Widowed
537247829,52,female,53687,Technology,Urban,Bachelor's,Married
537262717,57,female,89829,Finance,Urban,Master's,Divorced
537301827,42,female,66644,Healthcare,Urban,Bachelor's,Married
537302555,31,female,58670,Retail,Suburban,High School,Single
537317929,41,female,84224,Technology,Urban,Bachelor's,Divorced
537320876,32,male,35775,Finance,Rural,High School,Married
537323358,42,female,78206,Technology,Suburban,Some College,Divorced
537335620,30,female,74030,Technology,Urban,Bachelor's,Single
537350092,27,female,63577,Retail,Rural,Some College,Married
537375235,46,male,103897,Technology,Suburban,Bachelor's,Divorced
537403111,44,female,116712,Healthcare,Suburban,Bachelor's,Married
537413068,26,male,109138,Healthcare,Urban,Bachelor's,Single
537418968,43,female,96902,Retail,Urban,Bachelor's,Single
537431791,29,male,53130,Technology,Urban,Bachelor's,Married
537436677,54,female,93119,Education,Urban,Master's,Married
537459742,44,male,60022,Healthcare,Suburban,Master's,Married
537473939,59,male,122163,Manufacturing,Rural,Some College,Married
537478451,32,female,57143,Services,Urban,High School,Single
537484627,38,female,81450,Retail,Rural,Some College,Divorced
537512673,29,male,57863,Technology,Urban,Master's,Divorced
537517322,45,female,73015,Education,Urban,Bachelor's,Married
537522596,39,female,53549,Healthcare,Urban,PhD+,Married
537524020,27,female,47652,Retail,Urban,High School,Married
537545976,35,male,64575,Manufacturing,Suburban,Bachelor's,Married
537555333,70,female,69815,Technology,Urban,Master's,Married
537575685,45,female,74875,Healthcare,Urban,Bachelor's,Divorced
537589510,50,female,85396,Technology,Urban,Bachelor's,Married
537612680,26,female,78828,Finance,Suburban,Master's,Married
537640993,35,male,30594,Healthcare,Urban,Master's,Married
537707903,42,female,71437,Services,Urban,Some College,Single
537710166,57,male,115287,Technology,Urban,Some College,Married
537722623,44,female,91071,Healthcare,Suburban,Bachelor's,Married
537725984,43,male,99978,Education,Urban,PhD+,Single
537734031,40,male,47945,Services,Urban,Some College,Single
537744761,44,male,80957,Technology,Urban,Master's,Married
537748157,32,male,64001,Finance,Urban,Bachelor's,Married
537750199,29,female,66871,Services,Urban,High School,Single
537753130,28,male,85432,Other,Urban,Master's,Single
537812034,38,female,52214,Other,Urban,Some College,Married
537819860,42,male,28742,Services,Rural,Bachelor's,Married
537835514,38,female,73974,Finance,Suburban,PhD+,Married
537840704,32,female,44455,Finance,Urban,Master's,Married
537896392,52,male,93456,Healthcare,Urban,Bachelor's,Married
537910207,43,male,52234,Education,Rural,Master's,Divorced
537911465,35,male,85934,Technology,Suburban,Master's,Single
537914287,49,female,79765,Finance,Suburban,Some College,Married
537921968,33,male,59934,Services,Urban,Some College,Married
537941454,37,female,59045,Healthcare,Suburban,Some College,Married
537952249,41,female,87655,Technology,Urban,Bachelor's,Married
538022275,32,male,98988,Technology,Suburban,PhD+,Married
538034449,37,male,64298,Education,Suburban,PhD+,Married
538038532,43,female,52447,Healthcare,Urban,Bachelor's,Divorced
538039012,40,male,64883,Finance,Urban,Some College,Single
538071273,37,male,114338,Education,Rural,Master's,Divorced
538081954,50,female,90135,Technology,Suburban,Master's,Divorced
538097605,43,male,87327,Technology,Urban,Bachelor's,Divorced
538130602,48,male,79262,Technology,Urban,Bachelor's,Married
538144416,46,female,56771,Manufacturing,Rural,Some College,Divorced
538150236,48,female,73990,Retail,Urban,Master's,Married
538179894,46,male,68401,Education,Suburban,Master's,Single
538186325,27,male,76713,Retail,Suburban,Bachelor's,Single
538197750,48,female,89074,Services,Urban,High School,Married
538205445,37,female,83148,Technology,Urban,Master's,Divorced
538217551,28,male,35327,Other,Suburban,Some College,Married
538246308,50,female,99649,Manufacturing,Suburban,Bachelor's,Married
538247905,30,male,72081,Healthcare,Urban,Master's,Married
538251250,42,male,72664,Healthcare,Urban,PhD+,Divorced
538251544,27,female,61537,Technology,Urban,Master's,Single
538306455,34,female,64250,Technology,Urban,Master's,Married
538330480,49,female,86448,Education,Suburban,Master's,Married
538330571,45,female,48787,Education,Urban,Master's,Married
538337002,57,male,59466,Finance,Urban,Bachelor's,Single
538340540,58,female,89952,Healthcare,Suburban,Some College,Married
538344985,38,male,54074,Finance,Suburban,Bachelor's,Married
538346731,30,female,60825,Services,Rural,High School,Married
538349880,31,male,90204,Finance,Rural,Bachelor's,Married
538353863,46,female,87093,Retail,Suburban,Bachelor's,Married
538356448,52,male,76788,Technology,Urban,PhD+,Married
538367362,33,male,72030,Finance,Urban,Some College,Single
538384373,41,male,63925,Finance,Rural,Bachelor's,Married
538386883,37,male,119503,Technology,Urban,Bachelor's,Married
538387740,35,female,64582,Healthcare,Urban,Master's,Divorced
538408720,38,male,39229,Education,Suburban,Bachelor's,Divorced
538424300,38,male,70741,Finance,Suburban,High School,Married
538454079,41,female,94501,Education,Urban,Bachelor's,Married
538456568,45,female,59634,Finance,Urban,Master's,Married
538458865,39,male,49945,Technology,Urban,Bachelor's,Married
538473314,48,female,74739,Healthcare,Suburban,Bachelor's,Divorced
538477833,32,male,42183,Healthcare,Suburban,Bachelor's,Married
538491609,46,female,81103,Finance,Urban,Bachelor's,Married
538492150,32,female,84431,Technology,Urban,Master's,Married
538496214,55,female,84059,Healthcare,Urban,High School,Married
538497708,41,male,105442,Finance,Suburban,Bachelor's,Married
538500859,39,male,72408,Manufacturing,Urban,High School,Married
538502379,40,male,57377,Finance,Urban,PhD+,Married
538503469,24,female,49664,Services,Urban,Some College,Married
538514632,50,female,124639,Education,Suburban,PhD+,Married
538539013,51,female,88996,Retail,Rural,Some College,Married
538579204,25,male,74749,Technology,Urban,Some College,Married
538596410,53,male,70796,Technology,Urban,Bachelor's,Married
538625126,35,female,39724,Retail,Suburban,High School,Single
538626275,32,female,64209,Technology,Urban,High School,Married
538645224,37,female,106156,Technology,Suburban,Bachelor's,Married
538649995,50,male,83978,Manufacturing,Suburban,Some College,Divorced
538656137,40,female,46502,Education,Suburban,Master's,Married
538663362,39,female,87196,Healthcare,Urban,Master's,Married
538663527,33,male,76177,Technology,Urban,Master's,Married
538665267,46,female,91814,Finance,Suburban,Bachelor's,Single
538669191,32,female,79151,Technology,Urban,Bachelor's,Single
538670140,31,male,76666,Education,Suburban,Master's,Married
538700097,45,female,66251,Retail,Suburban,PhD+,Married
538724112,43,male,51343,Finance,Suburban,Master's,Married
538746938,33,female,98600,Healthcare,Suburban,Some College,Divorced
538750453,32,female,72027,Manufacturing,Rural,Bachelor's,Single
538765233,31,female,33595,Technology,Suburban,Bachelor's,Single
538768610,35,male,91396,Education,Urban,Master's,Married
538769119,32,male,66660,Retail,Suburban,High School,Single
538804132,45,female,60090,Education,Rural,Master's,Married
538805593,36,female,52378,Finance,Urban,PhD+,Divorced
538805788,42,male,91758,Education,Suburban,Some College,Married
538807062,41,male,76875,Finance,Urban,Bachelor's,Divorced
538823114,32,male,72553,Education,Suburban,Some College,Single
538830162,22,female,73136,Services,Urban,Some College,Single
538830409,40,male,111421,Healthcare,Rural,Master's,Divorced
538841094,22,male,56224,Services,Rural,Bachelor's,Single
538843073,48,female,46370,Services,Urban,High School,Single
538853392,54,male,60024,Healthcare,Suburban,Bachelor's,Single
538864528,43,male,83542,Education,Urban,Master's,Married
538923828,42,male,63063,Healthcare,Urban,Bachelor's,Married
538926628,39,female,86442,Education,Urban,Master's,Married
538940313,39,male,60797,Services,Urban,Bachelor's,Married
538944721,42,female,98551,Technology,Rural,Master's,Married
538952234,43,male,81182,Education,Suburban,Bachelor's,Single
538968723,54,female,81962,Manufacturing,Rural,High School,Divorced
538972737,37,male,94366,Finance,Urban,Bachelor's,Married
538972887,44,female,88001,Retail,Suburban,High School,Married
538974513,39,female,44047,Retail,Suburban,High School,Married
538978041,32,male,62903,Services,Urban,Some College,Married
538995778,31,female,76343,Technology,Suburban,Bachelor's,Single
539006338,56,male,83866,Healthcare,Urban,Some College,Married
539019108,37,male,57287,Healthcare,Rural,Bachelor's,Married
539033053,35,male,79266,Education,Suburban,Master's,Single
539044542,33,male,72240,Services,Urban,High School,Married
539056418,34,female,72825,Finance,Urban,Master's,Married
539057583,37,male,82899,Finance,Urban,PhD+,Married
539060027,29,female,58417,Finance,Urban,Master's,Single
539088566,51,female,132708,Technology,Suburban,Bachelor's,Married
539114982,43,male,75889,Finance,Urban,Bachelor's,Married
539133188,39,male,40511,Services,Urban,High School,Married
539137713,52,male,72872,Education,Urban,Bachelor's,Married
539141603,36,male,80476,Manufacturing,Urban,High School,Divorced
539144225,41,female,91080,Technology,Suburban,Bachelor's,Married
539157214,24,male,78872,Retail,Urban,Some College,Single
539172267,41,female,91608,Finance,Suburban,Bachelor's,Married
539177879,28,male,48158,Finance,Urban,Master's,Married
539187284,62,male,57967,Healthcare,Urban,Bachelor's,Divorced
539220405,47,female,105188,Finance,Urban,Bachelor's,Single
539245122,27,male,70267,Services,Rural,High School,Married
539248473,36,male,103032,Healthcare,Urban,Master's,Married
539248834,54,male,61864,Manufacturing,Urban,High School,Married
539257014,40,male,53182,Healthcare,Urban,Bachelor's,Married
539288416,29,female,40331,Healthcare,Suburban,Master's,Married
539291465,38,male,74148,Healthcare,Urban,High School,Single
539295987,45,male,110202,Healthcare,Urban,Master's,Widowed
539327156,44,female,58104,Technology,Suburban,Some College,Married
539327700,52,female,112162,Finance,Suburban,Some College,Married
539344132,38,male,80470,Technology,Urban,PhD+,Married
539347143,51,female,107607,Finance,Urban,PhD+,Married
539352868,32,male,67725,Technology,Suburban,Bachelor's,Single
539356511,41,male,94005,Technology,Suburban,Master's,Married
539374768,36,male,74910,Retail,Suburban,Master's,Married
539376647,41,male,48203,Retail,Suburban,High School,Married
539397973,29,female,29000,Retail,Urban,High School,Married
539400316,36,female,60504,Technology,Urban,Bachelor's,Married
539421676,41,female,56956,Manufacturing,Suburban,Some College,Married
539431344,33,male,96371,Technology,Urban,Master's,Married
539449356,54,male,85504,Manufacturing,Suburban,High School,Married
539454611,48,male,87457,Education,Urban,Master's,Divorced
539470962,42,male,56934,Manufacturing,Rural,High School,Single
539536807,36,male,64468,Technology,Urban,Bachelor's,Married
539548905,50,male,87520,Education,Rural,PhD+,Married
539575906,36,female,50483,Manufacturing,Suburban,Some College,Married
539582152,41,female,50434,Technology,Suburban,Master's,Divorced
539585530,43,female,64373,Other,Suburban,High School,Married
539588640,35,male,63401,Healthcare,Urban,Master's,Married
539590550,44,female,85105,Services,Suburban,High School,Married
539605760,53,female,113988,Education,Suburban,Master's,Single
539625630,33,female,52023,Retail,Urban,Bachelor's,Married
539631147,35,male,95779,Technology,Urban,Master's,Divorced
539634680,41,female,92850,Healthcare,Urban,Bachelor's,Married
539648935,29,female,69144,Healthcare,Urban,Master's,Single
539650796,31,female,99703,Technology,Urban,PhD+,Married
539658064,30,female,30977,Other,Urban,High School,Single
539676603,47,male,42596,Finance,Urban,Master's,Married
539684391,32,female,74143,Retail,Urban,Bachelor's,Married
539707531,45,female,86494,Education,Suburban,Master's,Single
539714719,43,female,35616,Education,Urban,Master's,Single
539736180,37,female,77342,Technology,Urban,Bachelor's,Divorced
539737331,46,female,97006,Technology,Urban,Bachelor's,Married
539737914,45,female,70764,Technology,Urban,Bachelor's,Widowed
539742879,42,female,90667,Education,Urban,Bachelor's,Married
539749619,50,female,89138,Technology,Suburban,Bachelor's,Married
539750735,44,female,80255,Healthcare,Suburban,Bachelor's,Married
539770807,49,male,85275,Finance,Urban,Master's,Divorced
539771854,37,male,89422,Technology,Suburban,Some College,Married
539776728,45,female,53242,Finance,Urban,Some College,Married
539777883,31,male,80083,Other,Urban,Master's,Married
539798051,54,female,71164,Services,Urban,Bachelor's,Single
539802689,37,female,37308,Services,Suburban,High School,Married
539810905,31,male,67148,Manufacturing,Suburban,High School,Single
539845228,57,female,82184,Manufacturing,Suburban,High School,Divorced
539852348,34,female,95038,Healthcare,Urban,Bachelor's,Married
539861834,53,female,123373,Healthcare,Suburban,PhD+,Single
539872715,36,female,59851,Manufacturing,Urban,Bachelor's,Married
539883038,40,male,65542,Finance,Urban,High School,Divorced
539893908,36,male,106358,Technology,Suburban,Bachelor's,Married
539902377,41,female,79802,Manufacturing,Urban,Bachelor's,Married
539921763,54,male,87169,Education,Suburban,Master's,Married
539927066,33,male,41757,Retail,Urban,High School,Married
539929207,35,male,65983,Manufacturing,Suburban,Some College,Married
539942281,42,male,90744,Education,Urban,PhD+,Single
539966431,31,female,25000,Retail,Rural,Bachelor's,Married
539972643,35,male,95441,Healthcare,Urban,PhD+,Married
539997491,54,male,96741,Finance,Urban,Master's,Married
540000779,41,male,80151,Healthcare,Suburban,Master's,Single
540010179,33,male,65313,Finance,Urban,Bachelor's,Married
540018454,41,male,105119,Healthcare,Urban,Bachelor's,Married
540026722,41,female,89086,Services,Urban,High School,Single
540031251,27,male,48978,Retail,Urban,Bachelor's,Single
540038472,40,female,55266,Manufacturing,Suburban,Master's,Single
540054181,23,male,66221,Retail,Suburban,Some College,Single
540066192,43,male,80088,Services,Urban,High School,Married
540071876,55,female,71287,Education,Suburban,Master's,Married
540080461,29,male,49385,Finance,Urban,PhD+,Married
540080939,38,male,85548,Education,Urban,PhD+,Single
540084168,35,male,48945,Healthcare,Urban,Bachelor's,Married
540134034,40,female,60615,Finance,Rural,Bachelor's,Married
540146173,34,male,98907,Other,Suburban,Bachelor's,Single
540162864,37,female,78677,Retail,Urban,Some College,Married
540182432,44,male,52027,Finance,Urban,Master's,Single
540189180,26,male,68690,Education,Suburban,Bachelor's,Single
540201506,45,female,74492,Technology,Urban,PhD+,Married
540222724,33,female,83292,Finance,Suburban,High School,Married
540227138,37,female,96418,Healthcare,Suburban,High School,Single
540243013,26,male,82846,Healthcare,Urban,Master's,Single
540255045,36,male,84054,Finance,Urban,Master's,Married
540257183,34,female,93368,Education,Urban,Master's,Single
540262451,45,male,66778,Technology,Urban,PhD+,Divorced
540269792,32,female,70322,Finance,Urban,PhD+,Married
540293630,16,male,26376,Retail,Rural,High School,Single
540297334,34,female,65506,Finance,Urban,Bachelor's,Single
540317458,33,male,62800,Finance,Rural,Bachelor's,Single
540328079,40,male,94614,Technology,Suburban,Master's,Married
540357670,36,male,103459,Technology,Suburban,Bachelor's,Married
540450739,38,male,71141,Education,Urban,PhD+,Married
540461836,43,male,52086,Retail,Suburban,Bachelor's,Divorced
540472896,26,female,51801,Technology,Urban,Master's,Married
540481334,50,male,113022,Technology,Urban,Bachelor's,Married
540483286,46,male,77379,Healthcare,Urban,PhD+,Married
540490859,50,female,82163,Manufacturing,Rural,Some College,Married
540498177,54,male,73559,Technology,Suburban,Some College,Married
540502677,30,male,33491,Finance,Rural,Bachelor's,Married
540505001,39,male,42472,Healthcare,Urban,Master's,Widowed
540505296,42,male,95295,Education,Rural,PhD+,Married
540513664,45,female,66449,Education,Urban,Bachelor's,Divorced
540516009,36,male,62069,Services,Suburban,High School,Married
540526612,42,male,87673,Other,Urban,Master's,Married
540533218,43,female,93519,Healthcare,Suburban,Some College,Married
540538859,49,female,98735,Services,Suburban,Bachelor's,Married
540541797,38,female,82368,Technology,Urban,Bachelor's,Married
540557965,36,male,54931,Education,Suburban,High School,Married
540569072,50,female,100651,Technology,Urban,Bachelor's,Divorced
540571411,42,female,57011,Technology,Urban,Master's,Married
540585518,26,male,58414,Finance,Suburban,Bachelor's,Single
540591459,36,female,71867,Finance,Urban,High School,Single
540602015,51,female,82995,Healthcare,Urban,Bachelor's,Married
540606033,41,female,65540,Healthcare,Rural,Master's,Divorced
540614519,35,female,104225,Education,Urban,Master's,Married
540618408,47,female,70591,Technology,Urban,Bachelor's,Married
540620028,29,female,78019,Healthcare,Urban,Bachelor's,Married
540620877,34,male,45213,Healthcare,Suburban,Bachelor's,Married
540622779,39,female,52379,Healthcare,Urban,High School,Married
540623482,41,male,67806,Finance,Urban,Bachelor's,Married
540627956,46,female,96257,Technology,Urban,PhD+,Married
540631568,41,male,73964,Education,Suburban,Master's,Divorced
540635342,42,female,79935,Manufacturing,Suburban,Master's,Married
540666973,34,female,25000,Retail,Rural,Some College,Divorced
540668546,35,female,42840,Technology,Urban,PhD+,Married
540689947,39,female,98273,Finance,Urban,Master's,Divorced
540744946,48,female,60269,Education,Urban,Some College,Divorced
540761353,44,female,85425,Retail,Urban,High School,Married
540762862,43,female,123205,Retail,Urban,High School,Married
540780745,42,female,130143,Education,Rural,Master's,Married
540786974,33,female,25000,Retail,Rural,High School,Single
540799944,46,female,81963,Healthcare,Suburban,Bachelor's,Married
540800464,34,male,25000,Retail,Urban,High School,Single
540813391,49,female,91939,Finance,Suburban,Master's,Divorced
540816389,34,female,98446,Healthcare,Suburban,Some College,Single
540820484,32,male,81029,Technology,Urban,Bachelor's,Single
540827373,41,female,62450,Finance,Urban,Master's,Married
540836741,37,male,60774,Technology,Urban,Bachelor's,Single
540852333,34,female,72365,Finance,Suburban,Bachelor's,Single
540854348,16,female,65310,Services,Urban,High School,Single
540854454,38,female,66657,Finance,Urban,Master's,Single
540868617,32,female,29482,Retail,Urban,Bachelor's,Married
540886904,41,male,51525,Healthcare,Urban,Bachelor's,Single
540888164,34,female,29618,Education,Urban,PhD+,Single
540888422,25,male,86398,Technology,Urban,Bachelor's,Single
540895710,39,female,94833,Finance,Urban,PhD+,Married
540913785,34,female,89336,Finance,Urban,Master's,Married
540947999,27,male,41471,Healthcare,Urban,PhD+,Single
541009935,59,male,65430,Education,Urban,Bachelor's,Married
541011627,45,female,88810,Technology,Suburban,Bachelor's,Married
541019088,26,male,46172,Retail,Urban,Some College,Married
541020146,47,male,88270,Finance,Suburban,Master's,Single
541022499,34,female,64560,Retail,Urban,Some College,Single
541029991,29,female,92707,Manufacturing,Suburban,Some College,Married
541036379,65,female,59468,Manufacturing,Suburban,High School,Widowed
541037164,39,male,71513,Finance,Urban,PhD+,Married
541049322,43,male,56409,Healthcare,Urban,Master's,Married
541063355,28,male,63935,Finance,Urban,Master's,Married
541065333,38,male,71316,Technology,Urban,Master's,Married
541066723,38,male,44579,Healthcare,Urban,Master's,Married
541080686,37,male,53287,Healthcare,Urban,Bachelor's,Married
541081975,41,male,75497,Retail,Urban,Bachelor's,Married
541098859,31,female,52177,Healthcare,Urban,PhD+,Married
541107775,49,male,101487,Finance,Urban,Master's,Married
541116755,40,male,53896,Manufacturing,Rural,Master's,Divorced
541127066,33,male,76355,Technology,Suburban,Some College,Married
541134041,26,male,71524,Healthcare,Urban,High School,Married
541134710,40,male,88427,Technology,Urban,Master's,Married
541144349,35,female,75896,Technology,Urban,High School,Married
541148070,32,female,56520,Other,Suburban,High School,Single
541156278,42,male,103568,Services,Urban,Some College,Married
541159895,40,female,75126,Retail,Suburban,High School,Married
541162965,42,female,58623,Finance,Urban,Bachelor's,Married
541188340,34,female,79594,Technology,Suburban,Some College,Single
541190668,31,female,74527,Healthcare,Urban,Bachelor's,Single
541202534,46,female,64280,Retail,Rural,Bachelor's,Married
541225752,32,male,60409,Services,Urban,Some College,Single
541232095,43,male,53863,Healthcare,Rural,Bachelor's,Married
541237641,35,female,97635,Technology,Suburban,Master's,Married
541245086,60,male,102691,Finance,Suburban,Master's,Married
541263162,46,female,125883,Education,Urban,Master's,Married
541283991,37,male,76129,Education,Suburban,Some College,Married
541286344,37,male,84954,Technology,Urban,Bachelor's,Divorced
541303972,61,male,134391,Healthcare,Suburban,Some College,Married
541310434,31,female,30726,Other,Urban,Bachelor's,Divorced
541313759,38,female,97153,Finance,Urban,Master's,Married
541327745,35,male,60721,Technology,Urban,Bachelor's,Married
541327921,46,female,86588,Manufacturing,Suburban,High School,Married
541332787,28,male,112095,Technology,Urban,Bachelor's,Single
541339703,31,female,75584,Healthcare,Urban,Bachelor's,Married
541340161,46,female,84151,Manufacturing,Urban,Some College,Divorced
541340674,40,male,89752,Education,Rural,PhD+,Married
541344823,56,male,84415,Healthcare,Urban,Bachelor's,Divorced
541345381,41,female,42522,Services,Urban,Some College,Married
541347813,44,female,58743,Education,Suburban,PhD+,Married
541347948,40,male,82798,Technology,Urban,Bachelor's,Married
541349292,33,female,58897,Education,Urban,Master's,Single
541383529,43,male,139633,Healthcare,Suburban,Master's,Married
541399224,39,female,65076,Healthcare,Suburban,Some College,Married
541410319,53,male,106214,Education,Urban,Bachelor's,Married
541417843,33,male,68919,Retail,Suburban,Master's,Single
541430298,54,male,67039,Healthcare,Suburban,Bachelor's,Married
541431375,38,female,48680,Healthcare,Urban,Bachelor's,Married
541435714,40,male,83505,Services,Urban,PhD+,Married
541439183,49,male,102978,Healthcare,Suburban,Master's,Married
541449561,53,female,100809,Healthcare,Suburban,Master's,Married
541464797,51,female,74359,Education,Urban,Master's,Married
541466147,48,female,74056,Finance,Suburban,Master's,Married
541478874,36,female,83248,Finance,Suburban,Master's,Single
541480584,33,female,73341,Other,Urban,Bachelor's,Single
541489820,48,male,72028,Technology,Suburban,Bachelor's,Married
541506854,38,female,64144,Healthcare,Urban,Bachelor's,Married
541510947,46,male,86628,Manufacturing,Suburban,High School,Divorced
541523152,45,male,108678,Technology,Urban,Bachelor's,Single
541527363,38,male,71659,Healthcare,Urban,PhD+,Married
541533117,34,female,108261,Retail,Suburban,Some College,Married
541536821,58,female,74195,Services,Urban,High School,Married
541553559,46,female,67205,Services,Rural,Some College,Married
541559192,37,female,51641,Technology,Suburban,Bachelor's,Married
541568230,52,male,133673,Manufacturing,Urban,Bachelor's,Married
541573760,53,male,83824,Technology,Urban,Some College,Married
541575366,36,male,69206,Education,Urban,PhD+,Married
541577730,16,male,73525,Education,Urban,Bachelor's,Divorced
541583958,34,female,49886,Healthcare,Urban,PhD+,Married
541593552,32,male,59009,Healthcare,Rural,Master's,Single
541633727,48,male,87944,Finance,Suburban,Bachelor's,Married
541634426,42,male,90055,Services,Suburban,High School,Married
541634579,54,male,85083,Finance,Urban,PhD+,Married
541637859,36,male,83801,Education,Suburban,Master's,Married
541642975,37,female,118171,Technology,Suburban,PhD+,Married
541644982,41,male,88305,Education,Urban,PhD+,Divorced
541649261,44,male,92660,Healthcare,Suburban,Bachelor's,Married
541650772,45,female,56951,Manufacturing,Urban,Some College,Married
541666420,43,female,61314,Healthcare,Suburban,High School,Married
541672514,46,female,62149,Healthcare,Suburban,Some College,Married
541673402,35,male,72990,Finance,Rural,PhD+,Married
541673612,52,male,119332,Technology,Suburban,Master's,Single
541682381,41,female,89213,Technology,Suburban,PhD+,Divorced
541690423,38,male,52027,Technology,Urban,High School,Married
541695904,40,male,74122,Retail,Suburban,Some College,Single
541700619,38,female,95053,Healthcare,Rural,Bachelor's,Married
541701579,39,female,86844,Retail,Suburban,Master's,Married
541721675,23,male,48323,Retail,Urban,Master's,Single
541731580,44,male,51323,Manufacturing,Urban,Bachelor's,Married
541734251,53,female,94895,Technology,Urban,Master's,Married
541740125,48,female,56108,Manufacturing,Suburban,High School,Married
541745169,45,male,58616,Technology,Urban,Master's,Divorced
541745648,38,male,66066,Education,Suburban,PhD+,Married
541767074,45,female,59181,Education,Suburban,Some College,Divorced
541770453,37,female,81593,Retail,Urban,PhD+,Married
541772506,48,male,91306,Manufacturing,Suburban,Bachelor's,Married
541776998,39,female,95076,Finance,Urban,Bachelor's,Single
541781391,51,male,93606,Manufacturing,Urban,Bachelor's,Divorced
541809321,42,female,69174,Manufacturing,Urban,Bachelor's,Married
541809455,55,female,89581,Retail,Suburban,High School,Married
541813159,48,male,98023,Education,Urban,PhD+,Married
541844819,31,female,46663,Services,Urban,Master's,Married
541852113,35,female,39534,Manufacturing,Urban,Some College,Single
541868446,51,female,69174,Healthcare,Suburban,Master's,Single
541879458,22,male,25000,Retail,Urban,High School,Single
541883163,34,male,91511,Finance,Urban,Master's,Married
541914915,40,male,84769,Manufacturing,Urban,Bachelor's,Single
541957091,30,female,63277,Education,Urban,PhD+,Married
541958382,45,male,54925,Technology,Urban,Bachelor's,Single
541972286,48,male,74048,Finance,Urban,PhD+,Divorced
541974730,43,female,84222,Finance,Urban,Bachelor's,Married
541978811,40,female,51001,Education,Urban,PhD+,Divorced
541985063,36,male,97247,Technology,Urban,Master's,Married
542001216,41,female,64439,Healthcare,Suburban,Master's,Married
542038241,39,female,89585,Healthcare,Suburban,Master's,Married
542049338,42,male,59634,Finance,Suburban,PhD+,Married
542079685,44,female,69153,Other,Urban,Bachelor's,Married
542103581,42,female,105969,Healthcare,Suburban,PhD+,Married
542105324,48,female,58180,Education,Urban,High School,Single
542117836,43,male,54377,Services,Suburban,Master's,Single
542118809,44,female,80278,Finance,Urban,Master's,Married
542155401,32,female,71467,Technology,Urban,Bachelor's,Married
542171694,23,male,48479,Manufacturing,Suburban,PhD+,Single
542176882,44,male,91169,Education,Suburban,Master's,Single
542181185,48,female,98641,Manufacturing,Urban,High School,Single
542181436,29,male,80773,Technology,Urban,Some College,Single
542185930,40,male,43043,Healthcare,Urban,Master's,Married
542191595,59,male,92840,Technology,Urban,Bachelor's,Married
542193321,43,male,76665,Education,Suburban,Master's,Divorced
542200729,43,male,99296,Education,Suburban,Bachelor's,Married
542203475,39,male,70682,Technology,Urban,Bachelor's,Married
542219125,44,male,94844,Manufacturing,Rural,High School,Married
542234020,22,male,92150,Services,Suburban,Some College,Single
542268665,42,male,63413,Finance,Rural,Master's,Married
542271653,35,male,105823,Education,Suburban,Master's,Married
542294656,38,male,56255,Services,Urban,High School,Married
542320322,33,male,74113,Retail,Urban,Some College,Married
542320378,27,male,53447,Education,Suburban,Master's,Divorced
542324942,45,male,150495,Healthcare,Urban,Bachelor's,Married
542334992,28,male,60883,Healthcare,Urban,Master's,Single
542339473,42,male,72198,Finance,Suburban,Master's,Married
542369851,37,female,59130,Finance,Urban,PhD+,Divorced
542386829,41,male,85854,Healthcare,Urban,Bachelor's,Married
542411533,49,female,76779,Finance,Urban,Bachelor's,Married
542421675,41,female,76911,Services,Suburban,High School,Married
542441204,28,female,106932,Education,Suburban,Master's,Single
542443798,50,male,83489,Finance,Urban,Master's,Single
542466700,41,female,46518,Finance,Urban,Bachelor's,Married
542479558,43,female,87716,Technology,Urban,Master's,Married
542485856,30,female,55113,Technology,Urban,Some College,Single
542487236,48,male,91299,Education,Urban,PhD+,Married
542487444,36,male,58486,Retail,Suburban,PhD+,Married
542504372,40,female,51240,Manufacturing,Rural,High School,Married
542506193,48,male,78989,Technology,Urban,Master's,Married
542507085,47,female,83979,Manufacturing,Urban,Bachelor's,Single
542518608,50,male,56256,Finance,Urban,Bachelor's,Married
542530544,42,female,95501,Healthcare,Suburban,PhD+,Single
542543625,39,female,25391,Manufacturing,Urban,High School,Single
542547312,22,male,51676,Other,Urban,Master's,Divorced
542557014,42,male,87133,Education,Suburban,PhD+,Married
542572510,38,female,64011,Technology,Urban,Master's,Married
542581902,39,male,46078,Healthcare,Urban,PhD+,Single
542591160,38,male,45998,Retail,Urban,Bachelor's,Divorced
542598204,37,female,93787,Healthcare,Urban,Bachelor's,Married
542601681,36,male,67931,Education,Suburban,Bachelor's,Married
542612341,49,male,81943,Retail,Suburban,High School,Married
542615654,40,male,77682,Retail,Urban,High School,Single
542627671,34,female,76898,Manufacturing,Suburban,Bachelor's,Single
542632494,49,female,92464,Finance,Suburban,Bachelor's,Married
542675431,54,male,96852,Education,Suburban,Some College,Married
542681247,22,female,60605,Manufacturing,Suburban,Bachelor's,Single
542688670,48,female,80369,Technology,Urban,Master's,Single
542692452,29,female,67221,Finance,Urban,Bachelor's,Married
542693393,27,male,48464,Finance,Urban,Bachelor's,Married
542696476,34,female,48747,Education,Suburban,Some College,Single
542699372,44,female,92977,Technology,Suburban,Bachelor's,Married
542707569,50,male,95646,Finance,Urban,Bachelor's,Married
542708487,32,male,114469,Healthcare,Suburban,Bachelor's,Single
542713681,48,female,109255,Manufacturing,Rural,Bachelor's,Divorced
542727890,35,male,63426,Finance,Urban,Master's,Married
542727893,53,male,95959,Education,Urban,PhD+,Divorced
542732473,39,male,104272,Retail,Urban,High School,Married
542734448,43,male,49598,Education,Urban,Master's,Married
542745821,37,male,83364,Healthcare,Suburban,PhD+,Single
542749535,43,female,83843,Finance,Urban,Some College,Married
542754830,53,female,70950,Retail,Suburban,Some College,Divorced
542763714,39,male,70597,Technology,Urban,Some College,Married
542764624,25,male,61072,Technology,Urban,Master's,Single
542802844,31,female,61392,Technology,Urban,High School,Married
542804188,49,female,101498,Education,Urban,Bachelor's,Married
542812918,50,male,91975,Education,Suburban,Master's,Married
542817356,35,male,65967,Services,Urban,High School,Married
542818013,39,female,79153,Healthcare,Urban,PhD+,Divorced
542833272,29,female,64199,Technology,Urban,Master's,Single
542835794,41,female,76027,Finance,Urban,Master's,Married
542838078,28,female,64779,Retail,Rural,High School,Married
542842885,37,female,73729,Technology,Urban,High School,Married
542847776,39,female,97651,Technology,Suburban,Master's,Single
542851136,35,male,71052,Retail,Suburban,Bachelor's,Single
542857087,34,male,102158,Manufacturing,Suburban,High School,Single
542857722,35,female,51611,Education,Suburban,Bachelor's,Single
542858333,35,female,31579,Services,Urban,Master's,Married
542880166,57,female,81262,Education,Urban,PhD+,Married
542894089,27,female,51575,Services,Suburban,High School,Single
542894732,43,female,47250,Education,Urban,PhD+,Married
542900256,49,male,47466,Finance,Rural,Bachelor's,Divorced
542908293,47,male,107824,Healthcare,Suburban,Bachelor's,Married
543010842,36,male,90405,Technology,Rural,Master's,Single
543027240,34,male,57166,Other,Suburban,Master's,Single
543028547,34,female,77832,Healthcare,Suburban,Some College,Married
543040688,46,female,80366,Education,Urban,Bachelor's,Divorced
543044421,40,male,61133,Healthcare,Urban,Bachelor's,Married
543072101,42,female,57434,Retail,Suburban,High School,Married
543083998,31,male,52695,Manufacturing,Rural,Some College,Single
543090830,39,male,67521,Education,Urban,Master's,Single
543093549,34,female,52975,Technology,Urban,Bachelor's,Single
543103721,43,male,87035,Education,Suburban,Master's,Married
543107949,34,female,25109,Education,Urban,Master's,Married
543121423,39,female,44755,Retail,Urban,Bachelor's,Married
543128872,29,male,69773,Education,Suburban,Bachelor's,Single
543134639,47,male,82994,Finance,Urban,Bachelor's,Married
543138104,36,female,43785,Services,Suburban,High School,Married
543140906,42,female,64913,Technology,Urban,Master's,Single
543151408,35,female,63421,Healthcare,Rural,Master's,Married
543175856,36,male,71617,Manufacturing,Suburban,High School,Married
543176816,51,male,96052,Education,Urban,PhD+,Married
543180017,46,male,90033,Technology,Urban,Bachelor's,Divorced
543184564,43,male,85767,Finance,Suburban,Bachelor's,Married
543186314,40,female,86056,Retail,Suburban,Master's,Divorced
543187234,47,female,100656,Other,Suburban,PhD+,Married
543191191,41,female,55478,Manufacturing,Rural,Master's,Married
543194134,40,female,140214,Healthcare,Urban,Bachelor's,Married
543203738,39,male,79010,Healthcare,Urban,Master's,Married
543210406,47,female,95170,Manufacturing,Suburban,Bachelor's,Married
543222145,38,female,61725,Manufacturing,Urban,High School,Divorced
543254671,52,female,99618,Finance,Suburban,Bachelor's,Married
543261352,33,female,86778,Finance,Urban,Bachelor's,Married
543272936,45,female,59506,Finance,Urban,PhD+,Married
543278854,20,male,55330,Services,Urban,Some College,Single
543282680,47,male,68372,Technology,Urban,Bachelor's,Married
543289781,39,male,42684,Finance,Suburban,PhD+,Single
543299831,38,male,81444,Education,Suburban,Bachelor's,Married
543300967,37,male,110078,Retail,Rural,Bachelor's,Married
543308934,40,female,65002,Education,Urban,Master's,Married
543309773,54,male,116872,Healthcare,Rural,Master's,Married
543312954,43,female,63917,Services,Urban,High School,Married
543316117,42,male,68636,Other,Suburban,High School,Married
543316845,35,male,57486,Technology,Urban,Bachelor's,Divorced
543332424,45,female,93682,Healthcare,Suburban,Bachelor's,Married
543353038,57,female,66491,Services,Urban,Some College,Married
543363913,40,female,67871,Retail,Urban,Some College,Married
543375258,53,female,40936,Education,Urban,Master's,Married
543387811,32,female,75337,Technology,Urban,PhD+,Single
543391217,37,male,81780,Finance,Suburban,Some College,Single
543394346,49,male,81079,Education,Suburban,Bachelor's,Married
543396771,42,male,64119,Finance,Urban,Bachelor's,Divorced
543396990,48,male,69643,Healthcare,Urban,Master's,Single
543399595,38,male,58017,Technology,Urban,Bachelor's,Single
543407685,42,female,92941,Finance,Rural,Some College,Married
543409929,42,female,67742,Technology,Urban,Bachelor's,Married
543419361,47,male,86781,Services,Urban,Some College,Married
543432992,47,female,102885,Technology,Suburban,Some College,Divorced
543452562,30,male,49762,Technology,Urban,PhD+,Single
543453464,39,female,45323,Education,Suburban,Some College,Married
543455907,58,female,101846,Technology,Urban,Bachelor's,Divorced
543459553,41,male,67916,Technology,Urban,Master's,Married
543460074,36,female,36226,Education,Urban,Master's,Married
543464794,38,male,60390,Healthcare,Urban,Master's,Married
543466465,36,female,64923,Healthcare,Urban,Bachelor's,Married
543488152,50,male,96067,Other,Urban,Bachelor's,Single
543493605,37,female,74668,Healthcare,Urban,PhD+,Single
543495796,35,female,25000,Manufacturing,Urban,Bachelor's,Married
543496767,38,female,97821,Technology,Suburban,Some College,Married
543509513,46,female,49184,Manufacturing,Urban,Some College,Married
543511478,47,male,81617,Other,Suburban,Some College,Married
543513618,44,female,94885,Finance,Suburban,PhD+,Single
543518257,51,female,107610,Technology,Suburban,PhD+,Married
543522045,37,female,81314,Services,Rural,Master's,Divorced
543535427,44,male,48767,Manufacturing,Suburban,Bachelor's,Single
543578691,35,female,84676,Technology,Urban,High School,Single
543608515,39,female,58194,Services,Suburban,High School,Married
543610665,40,male,90430,Education,Urban,PhD+,Married
543612668,52,male,54794,Finance,Urban,Bachelor's,Divorced
543615190,38,male,95212,Technology,Rural,Some College,Married
543643089,30,female,62201,Services,Rural,High School,Single
543643602,41,male,86042,Retail,Urban,Some College,Married
543643746,50,male,82662,Finance,Urban,Bachelor's,Divorced
543646550,40,female,92631,Finance,Suburban,Bachelor's,Married
543653657,36,male,56986,Healthcare,Urban,Bachelor's,Married
543657735,37,female,81654,Finance,Suburban,Bachelor's,Married
543673658,45,male,95942,Finance,Urban,Some College,Married
543679273,51,female,81033,Education,Urban,Some College,Married
543684210,37,female,77032,Services,Suburban,Some College,Divorced
543687791,37,female,85950,Finance,Suburban,Bachelor's,Married
543691692,33,female,48394,Technology,Urban,High School,Single
543691883,32,female,98183,Technology,Urban,Master's,Single
543693470,37,female,113057,Retail,Suburban,Some College,Married
543703329,38,female,42807,Services,Urban,Bachelor's,Married
543712859,41,male,54250,Education,Urban,Master's,Divorced
543736493,46,female,75422,Manufacturing,Rural,High School,Married
543772160,30,female,41362,Technology,Suburban,Bachelor's,Single
543789490,52,female,111433,Manufacturing,Suburban,Some College,Married
543790938,38,female,69888,Education,Rural,Master's,Married
543796000,26,female,79456,Technology,Urban,Master's,Single
543799153,49,male,108830,Finance,Urban,Master's,Single
543803855,27,female,52164,Manufacturing,Suburban,High School,Divorced
543804135,44,female,88223,Technology,Urban,Bachelor's,Married
543804876,47,female,70210,Finance,Urban,Master's,Married
543806329,50,male,73158,Manufacturing,Urban,High School,Married
543815745,45,male,94384,Technology,Suburban,Some College,Married
543823464,43,female,50990,Manufacturing,Suburban,Some College,Divorced
543846897,33,male,88148,Retail,Suburban,Master's,Married
543886174,30,female,81766,Finance,Urban,PhD+,Single
543926722,47,male,62363,Technology,Urban,Some College,Married
543926725,50,male,80291,Manufacturing,Suburban,High School,Divorced
543927377,42,male,68819,Education,Urban,Master's,Divorced
543957081,46,male,66061,Healthcare,Urban,Bachelor's,Married
543968084,46,female,112826,Finance,Urban,Some College,Married
543996092,40,female,89307,Finance,Urban,Master's,Divorced
544007679,34,male,100023,Technology,Suburban,High School,Married
544009884,45,female,80337,Education,Urban,Master's,Married
544010811,45,female,53639,Technology,Urban,Bachelor's,Married
544012275,43,male,80789,Manufacturing,Suburban,Some College,Married
544024629,51,female,46081,Education,Urban,Master's,Divorced
544028625,45,female,94297,Technology,Urban,Some College,Married
544039019,38,male,32389,Education,Urban,PhD+,Divorced
544040593,41,female,89479,Services,Urban,Bachelor's,Married
544044639,30,male,63203,Technology,Urban,Bachelor's,Single
544054476,47,female,94333,Education,Suburban,Master's,Married
544060777,45,male,94613,Healthcare,Rural,High School,Married
544065574,28,male,79746,Healthcare,Rural,Some College,Single
544078723,26,female,34250,Retail,Rural,High School,Married
544079799,43,female,53891,Technology,Rural,Master's,Married
544083518,49,female,86769,Education,Urban,Bachelor's,Married
544089456,47,male,102619,Services,Urban,Bachelor's,Single
544108817,35,male,82425,Services,Urban,High School,Married
544109451,37,female,94092,Finance,Suburban,Bachelor's,Married
544123737,34,male,52269,Technology,Urban,Bachelor's,Married
544127596,39,female,71423,Finance,Urban,Master's,Married
544137944,43,male,84343,Retail,Urban,Bachelor's,Single
544139488,33,female,71244,Retail,Urban,Some College,Married
544149946,57,female,75765,Technology,Urban,Master's,Divorced
544182446,34,female,33456,Finance,Urban,Bachelor's,Married
544185681,41,female,56861,Education,Suburban,Master's,Single
544205137,37,female,38267,Healthcare,Urban,Master's,Married
544223782,40,female,72009,Services,Urban,Some College,Single
544251718,34,male,91508,Manufacturing,Suburban,High School,Married
544255330,42,male,59758,Healthcare,Suburban,Master's,Married
544266767,32,female,67659,Services,Suburban,PhD+,Single
544277952,42,female,47999,Healthcare,Suburban,Master's,Married
544296074,32,female,72596,Technology,Suburban,PhD+,Single
544304271,36,female,49104,Healthcare,Urban,Bachelor's,Married
544314541,33,female,109385,Services,Urban,Some College,Married
544315731,44,male,87987,Healthcare,Suburban,Master's,Married
544319981,32,female,80940,Education,Suburban,Bachelor's,Single
544326896,43,male,60309,Technology,Urban,High School,Married
544335416,35,female,35905,Manufacturing,Suburban,High School,Married
544342657,44,female,86558,Finance,Urban,Bachelor's,Married
544353700,31,female,77123,Technology,Urban,Some College,Single
544358822,45,female,89596,Services,Urban,Some College,Married
544371903,34,female,46169,Technology,Urban,Master's,Married
544373738,42,male,98472,Healthcare,Urban,Master's,Married
544377536,37,female,101910,Technology,Urban,Bachelor's,Single
544392510,50,male,84348,Education,Suburban,Master's,Single
544405029,43,female,91371,Healthcare,Suburban,Some College,Single
544407398,35,male,64141,Healthcare,Urban,PhD+,Married
544407917,43,male,104480,Healthcare,Suburban,Bachelor's,Single
544411887,35,female,52849,Healthcare,Suburban,Some College,Married
544416940,34,male,78886,Technology,Urban,Master's,Married
544427334,30,male,55386,Retail,Suburban,Master's,Single
544431603,33,female,67188,Technology,Urban,Bachelor's,Single
544439612,37,male,96643,Technology,Urban,Bachelor's,Divorced
544444093,35,male,34001,Education,Urban,Master's,Married
544444187,33,male,30202,Education,Urban,Master's,Married
544444528,37,female,60375,Finance,Urban,Bachelor's,Single
544454299,50,male,105192,Manufacturing,Suburban,High School,Married
544469945,46,female,95006,Healthcare,Rural,Master's,Married
544479484,44,male,26708,Manufacturing,Urban,High School,Married
544494929,23,female,87028,Retail,Urban,Some College,Single
544508880,46,male,81422,Technology,Urban,Master's,Single
544593483,43,male,45248,Manufacturing,Urban,High School,Single
544619545,43,male,87807,Education,Suburban,Master's,Married
544622714,45,female,44937,Manufacturing,Urban,High School,Single
544628638,31,female,58983,Technology,Urban,Bachelor's,Single
544666492,37,male,61932,Manufacturing,Urban,Bachelor's,Married
544669620,28,female,62455,Healthcare,Urban,Bachelor's,Single
544684920,37,female,51019,Manufacturing,Suburban,Bachelor's,Married
544688788,45,male,146278,Technology,Urban,Some College,Married
544694084,41,female,79881,Manufacturing,Suburban,High School,Single
544698394,39,female,65088,Manufacturing,Rural,High School,Single
544704734,45,male,50458,Healthcare,Urban,Master's,Married
544711652,40,female,91934,Finance,Urban,Bachelor's,Married
544713956,43,female,72027,Retail,Suburban,High School,Married
544730830,45,female,72898,Technology,Urban,Master's,Married
544740419,36,male,92981,Healthcare,Suburban,Bachelor's,Married
544742346,43,female,68280,Technology,Suburban,Master's,Single
544762951,40,male,40279,Finance,Urban,Master's,Divorced
544778913,35,female,76724,Finance,Suburban,Some College,Married
544798714,55,female,86146,Manufacturing,Suburban,Some College,Divorced
544819245,43,male,55672,Technology,Urban,Master's,Married
544822776,52,female,71593,Manufacturing,Suburban,Bachelor's,Married
544825779,46,male,110189,Technology,Suburban,Bachelor's,Married
544847699,50,male,28909,Education,Urban,Master's,Married
544855980,44,male,120986,Healthcare,Urban,Bachelor's,Married
544867595,41,female,84664,Manufacturing,Suburban,Some College,Married
544885348,51,male,58560,Healthcare,Urban,Master's,Married
544927577,39,male,72011,Manufacturing,Suburban,High School,Divorced
544936185,55,male,97350,Finance,Suburban,Master's,Married
544956323,40,male,92671,Technology,Urban,Some College,Married
544960954,36,female,69331,Education,Rural,PhD+,Married
544962937,22,male,71820,Technology,Urban,Master's,Single
544966559,52,male,83535,Manufacturing,Rural,High School,Married
544969602,52,male,103200,Technology,Suburban,High School,Married
544970306,37,male,74939,Finance,Urban,Master's,Married
544971707,58,male,99311,Finance,Suburban,PhD+,Divorced
544977323,46,male,66690,Manufacturing,Suburban,Some College,Single
544978280,31,male,36902,Healthcare,Suburban,Master's,Married
544996007,38,female,85964,Education,Urban,Master's,Married
544998608,55,female,92706,Education,Rural,Bachelor's,Married
545004187,43,male,95483,Healthcare,Rural,PhD+,Married
545009428,30,female,41144,Other,Suburban,High School,Married
545011146,35,male,88610,Healthcare,Suburban,PhD+,Married
545017287,48,female,72537,Healthcare,Urban,Some College,Married
545038354,46,male,82961,Technology,Urban,Master's,Married
545041421,40,female,82656,Technology,Urban,Bachelor's,Single
545046601,39,female,85036,Healthcare,Urban,Master's,Divorced
545059505,34,female,109696,Healthcare,Suburban,Some College,Married
545072868,39,male,54050,Technology,Urban,Some College,Married
545081263,36,male,73968,Finance,Rural,Master's,Married
545098053,49,male,64573,Finance,Urban,Master's,Married
545111683,26,female,82964,Finance,Suburban,Master's,Single
545134645,25,male,70069,Technology,Urban,PhD+,Single
545141603,40,male,50731,Services,Urban,Some College,Married
545180471,43,male,66883,Services,Urban,Some College,Married
545189234,45,male,84677,Education,Suburban,Bachelor's,Married
545204050,35,male,36401,Services,Urban,Bachelor's,Married
545213117,33,male,87307,Technology,Suburban,Master's,Single
545223467,39,male,60832,Technology,Suburban,Master's,Married
545246126,56,female,40157,Education,Urban,Master's,Married
545249147,46,female,84900,Education,Urban,PhD+,Married
545256100,39,female,47530,Finance,Urban,Bachelor's,Married
545260679,32,female,71322,Finance,Urban,High School,Single
545263445,34,female,74418,Education,Urban,Master's,Single
545265284,52,male,67970,Finance,Suburban,Bachelor's,Divorced
545272287,24,male,33561,Services,Rural,High School,Single
545272722,42,male,59760,Manufacturing,Urban,High School,Divorced
545284623,51,male,81397,Finance,Urban,Master's,Married
545289993,37,male,65132,Technology,Urban,Master's,Married
545293169,34,male,78170,Education,Suburban,Bachelor's,Married
545301760,37,male,60734,Healthcare,Urban,PhD+,Married
545314501,38,male,92620,Retail,Urban,High School,Single
545321884,50,female,89421,Retail,Urban,Bachelor's,Married
545325451,45,male,85208,Healthcare,Suburban,Bachelor's,Divorced
545325753,38,female,55908,Healthcare,Urban,Bachelor's,Married
545337771,38,male,64762,Finance,Suburban,PhD+,Married
545337850,52,female,51715,Education,Suburban,PhD+,Married
545346416,39,female,60789,Education,Rural,Master's,Married
545349378,53,male,95966,Manufacturing,Suburban,High School,Married
545351107,35,female,29385,Education,Rural,PhD+,Married
545356460,53,male,99951,Education,Urban,Master's,Married
545364803,37,female,83028,Finance,Suburban,Bachelor's,Divorced
545365640,37,female,44810,Technology,Urban,Bachelor's,Married
545371018,43,male,69540,Finance,Urban,Bachelor's,Married
545376441,47,male,79940,Technology,Suburban,Bachelor's,Married
545378909,39,female,73677,Healthcare,Urban,Master's,Married
545380387,49,female,84759,Finance,Suburban,Some College,Married
545385166,47,female,53527,Healthcare,Urban,Bachelor's,Married
545388029,27,male,74723,Manufacturing,Urban,High School,Married
545388932,18,male,55703,Retail,Suburban,High School,Single
545404707,41,male,89047,Services,Suburban,Bachelor's,Married
545422993,43,male,96657,Technology,Urban,Some College,Divorced
545437196,42,female,77554,Healthcare,Suburban,Bachelor's,Married
545480919,30,female,67770,Technology,Suburban,Some College,Married
545511670,38,male,48408,Manufacturing,Suburban,High School,Married
545519038,31,female,81280,Services,Urban,High School,Married
545526992,59,male,64541,Healthcare,Urban,Master's,Married
545528924,33,female,74260,Technology,Urban,Bachelor's,Married
545543384,51,male,83806,Technology,Suburban,Bachelor's,Married
545548668,46,female,67017,Healthcare,Urban,Master's,Married
545550777,30,female,97126,Finance,Suburban,Master's,Single
545551029,35,male,30181,Education,Rural,Master's,Married
545565968,44,male,41111,Education,Suburban,Master's,Married
545567933,44,male,100591,Finance,Urban,High School,Married
545589356,30,male,78163,Technology,Urban,Bachelor's,Single
545590628,41,male,45705,Education,Rural,Master's,Married
545594650,42,male,78609,Finance,Urban,Some College,Single
545621867,34,male,60950,Technology,Urban,Bachelor's,Single
545622188,47,male,81770,Retail,Urban,Master's,Married
545632656,34,female,73430,Technology,Rural,Bachelor's,Single
545636109,36,male,97998,Healthcare,Suburban,Bachelor's,Single
545645506,47,female,71434,Technology,Urban,Bachelor's,Single
545645739,31,male,87636,Education,Suburban,Bachelor's,Single
545663230,36,female,78941,Manufacturing,Urban,Some College,Divorced
545664625,35,male,70525,Manufacturing,Urban,High School,Single
545666183,47,female,56901,Services,Rural,High School,Married
545668865,51,male,106233,Manufacturing,Urban,High School,Single
545670296,31,male,58339,Education,Rural,PhD+,Single
545685219,43,female,77003,Healthcare,Urban,Master's,Married
545685632,47,male,109206,Education,Suburban,Bachelor's,Married
545686305,47,male,81748,Other,Urban,Bachelor's,Married
545687482,31,female,73465,Finance,Urban,Master's,Married
545688023,58,female,48880,Education,Urban,High School,Divorced
545735786,46,male,101006,Healthcare,Suburban,Bachelor's,Single
545743740,38,female,68806,Technology,Rural,Bachelor's,Single
545760459,25,male,54716,Technology,Urban,High School,Married
545766064,45,male,70634,Healthcare,Urban,Some College,Married
545772322,34,female,64379,Finance,Urban,Bachelor's,Single
545773875,35,female,101842,Technology,Suburban,Master's,Married
545784583,38,male,44585,Technology,Urban,Bachelor's,Married
545784889,36,female,78240,Education,Urban,PhD+,Single
545787029,28,female,90646,Other,Urban,Master's,Single
545798356,40,female,65241,Manufacturing,Urban,High School,Married
545827670,50,female,52924,Other,Rural,High School,Married
545828998,41,female,91837,Education,Urban,Bachelor's,Divorced
545832421,42,male,70727,Education,Urban,Bachelor's,Married
545833664,49,female,96686,Education,Urban,Master's,Married
545838710,51,male,102050,Healthcare,Urban,PhD+,Married
545846300,46,male,78232,Retail,Urban,Some College,Married
545846361,51,male,93166,Finance,Suburban,Bachelor's,Married
545850360,37,male,69398,Finance,Urban,Master's,Single
545851391,35,female,25000,Retail,Urban,High School,Married
545921034,51,female,75707,Education,Urban,Master's,Married
545928665,43,female,66524,Technology,Rural,Master's,Single
545928985,56,male,80813,Manufacturing,Suburban,Some College,Married
545929922,36,male,48563,Retail,Suburban,Some College,Married
545963815,41,male,65219,Healthcare,Urban,Some College,Married
545971565,37,male,65581,Finance,Suburban,Bachelor's,Married
545975143,43,male,106977,Retail,Suburban,Some College,Single
545983865,41,male,69057,Finance,Suburban,High School,Married
545985354,31,male,49561,Finance,Urban,Master's,Single
545991620,45,male,99767,Finance,Urban,Bachelor's,Married
545994621,23,female,60028,Services,Rural,High School,Single
546014297,50,female,82016,Other,Suburban,Master's,Married
546061702,28,female,67862,Healthcare,Urban,Master's,Married
546061885,41,male,91496,Education,Urban,Bachelor's,Married
546066777,40,female,36458,Retail,Suburban,High School,Married
546087053,43,male,93076,Technology,Suburban,Bachelor's,Divorced
546096893,26,male,63984,Finance,Urban,Bachelor's,Married
546098348,55,male,84252,Technology,Urban,PhD+,Married
546133429,47,female,59884,Finance,Urban,Master's,Married
546138415,42,female,73907,Healthcare,Urban,Bachelor's,Divorced
546159478,46,male,86046,Finance,Suburban,PhD+,Married
546162452,38,female,44388,Technology,Urban,Bachelor's,Married
546190347,51,female,93543,Technology,Urban,Bachelor's,Married
546201360,31,male,70837,Technology,Urban,Bachelor's,Single
546202489,52,female,94011,Services,Rural,Some College,Widowed
546210754,27,male,39885,Other,Urban,High School,Divorced
546212459,35,male,84454,Finance,Urban,Master's,Married
546219734,42,male,62394,Healthcare,Urban,Bachelor's,Single
546230830,41,male,43855,Manufacturing,Urban,High School,Single
546235286,38,female,82182,Finance,Rural,Some College,Single
546243407,36,female,104863,Healthcare,Suburban,Bachelor's,Married
546253413,45,female,64390,Education,Urban,PhD+,Single
546253899,37,male,56272,Healthcare,Suburban,Master's,Single
546270188,42,male,90420,Services,Suburban,High School,Married
546274471,52,female,84702,Healthcare,Urban,Bachelor's,Married
546287274,42,female,87427,Manufacturing,Suburban,High School,Married
546309572,33,male,31467,Manufacturing,Suburban,High School,Married
546352152,32,female,36517,Retail,Suburban,High School,Single
546355766,47,male,114396,Healthcare,Suburban,Master's,Divorced
546359618,37,female,53383,Technology,Urban,Bachelor's,Married
546371356,38,female,56816,Manufacturing,Rural,Bachelor's,Married
546376082,59,male,75427,Services,Urban,Bachelor's,Divorced
546382461,31,male,80455,Education,Suburban,Master's,Single
546404823,36,female,73168,Finance,Urban,Bachelor's,Divorced
546422301,55,female,63330,Technology,Urban,Master's,Married
546422645,45,female,75785,Education,Urban,Bachelor's,Single
546432092,44,male,46178,Manufacturing,Urban,Some College,Divorced
546452220,37,male,55048,Manufacturing,Urban,Some College,Married
546458042,20,female,69761,Manufacturing,Suburban,Some College,Single
546459187,41,female,67377,Education,Suburban,Master's,Single
546469227,48,male,119477,Technology,Rural,Bachelor's,Married
546484231,29,female,64550,Retail,Urban,High School,Married
546494583,35,male,65448,Finance,Urban,PhD+,Married
546531185,40,female,91905,Finance,Urban,Bachelor's,Married
546537032,29,female,65249,Technology,Urban,Bachelor's,Single
546567533,34,female,39071,Retail,Suburban,High School,Married
546574991,46,male,103169,Technology,Urban,Bachelor's,Married
546576972,44,female,54442,Technology,Suburban,Bachelor's,Married
546585072,33,male,116861,Services,Urban,High School,Single
546611227,44,female,97383,Technology,Urban,Bachelor's,Married
546635249,53,male,91203,Finance,Suburban,Master's,Married
546651776,33,female,66239,Technology,Urban,Bachelor's,Single
546666077,38,male,71638,Education,Urban,Master's,Married
546668310,40,female,77186,Services,Suburban,High School,Married
546679166,33,female,103383,Education,Suburban,Master's,Married
546688689,46,female,53738,Healthcare,Urban,PhD+,Married
546702530,50,male,87466,Technology,Urban,PhD+,Married
546702699,37,male,66281,Retail,Suburban,Bachelor's,Married
546704842,49,female,78736,Technology,Urban,Master's,Married
546711025,40,male,61821,Finance,Urban,Master's,Single
546721129,41,female,90691,Technology,Suburban,Bachelor's,Married
546743644,50,male,93650,Education,Rural,PhD+,Married
546748808,29,female,36255,Retail,Urban,High School,Married
546762981,37,male,74896,Finance,Urban,Bachelor's,Married
546776484,29,male,75030,Healthcare,Suburban,Master's,Single
546790216,44,female,30662,Technology,Urban,PhD+,Married
546800156,27,female,37183,Retail,Urban,Some College,Married
546815216,48,female,28068,Retail,Urban,Bachelor's,Married
546818397,34,female,64505,Healthcare,Suburban,Bachelor's,Single
546823582,51,female,85670,Technology,Suburban,PhD+,Divorced
546828652,40,female,71352,Finance,Urban,Some College,Married
546840042,43,male,83484,Manufacturing,Rural,High School,Married
546843256,37,female,42413,Finance,Urban,Bachelor's,Married
546847717,38,male,68199,Healthcare,Rural,Bachelor's,Single
546848952,47,male,90382,Technology,Suburban,Bachelor's,Married
546857072,38,female,57374,Finance,Urban,Master's,Married
546860960,44,female,96209,Finance,Urban,Master's,Married
546862337,54,male,72917,Manufacturing,Urban,Some College,Married
546864448,47,female,97362,Healthcare,Urban,Some College,Married
546864629,47,female,72490,Retail,Urban,Bachelor's,Single
546869128,46,female,77288,Finance,Suburban,Master's,Married
546876389,54,female,101264,Finance,Urban,Master's,Married
546881736,30,female,58767,Retail,Urban,Some College,Married
546890948,54,male,71898,Finance,Urban,PhD+,Divorced
546899438,51,female,90280,Healthcare,Suburban,Some College,Married
546911612,37,male,101223,Manufacturing,Urban,Bachelor's,Married
546912388,44,male,73605,Education,Urban,Master's,Divorced
546914495,32,female,73617,Technology,Urban,Some College,Single
546920251,28,female,56469,Retail,Urban,PhD+,Married
546921278,36,female,62167,Education,Urban,PhD+,Married
546950628,40,female,99087,Education,Urban,Master's,Married
546962364,36,female,50279,Finance,Urban,Bachelor's,Married
546963483,39,male,130350,Healthcare,Urban,Bachelor's,Married
546974820,47,male,114767,Technology,Urban,Bachelor's,Single
546979260,29,female,53905,Finance,Rural,PhD+,Married
546993527,49,male,95400,Healthcare,Urban,Master's,Single
546997596,41,female,83867,Healthcare,Suburban,Bachelor's,Married
546998291,48,male,87376,Retail,Suburban,Bachelor's,Married
547003924,39,female,78911,Retail,Urban,Bachelor's,Single
547019755,37,male,77260,Finance,Rural,High School,Single
547026426,37,male,84080,Technology,Urban,Bachelor's,Married
547027569,51,female,94644,Education,Suburban,Master's,Married
547031563,41,male,81167,Healthcare,Suburban,Master's,Single
547031902,37,female,67959,Technology,Urban,Bachelor's,Married
547034657,41,male,70574,Finance,Suburban,Bachelor's,Married
547044272,42,male,60021,Healthcare,Urban,Master's,Divorced
547046518,43,female,43476,Technology,Urban,Master's,Married
547063989,48,female,57835,Technology,Urban,Master's,Married
547066883,38,male,25000,Other,Urban,High School,Married
547078253,42,female,81827,Healthcare,Suburban,Bachelor's,Married
547080420,48,female,122324,Finance,Urban,PhD+,Married
547092216,33,female,68858,Healthcare,Urban,Bachelor's,Single
547101738,31,male,35912,Retail,Urban,Master's,Single
547111324,41,female,106256,Healthcare,Urban,Bachelor's,Married
547112658,56,male,119012,Finance,Urban,PhD+,Divorced
547122457,43,male,102143,Finance,Suburban,Master's,Married
547139252,34,female,79928,Healthcare,Urban,Master's,Married
547142562,28,male,99698,Finance,Suburban,Bachelor's,Married
547158688,45,female,40101,Finance,Urban,Master's,Married
547159064,55,female,68834,Technology,Rural,High School,Married
547161607,50,male,71073,Education,Urban,PhD+,Married
547167586,28,female,72338,Services,Urban,Some College,Married
547175560,33,female,50887,Other,Rural,Bachelor's,Single
547208701,37,male,66069,Technology,Suburban,Master's,Married
547212180,39,female,107811,Healthcare,Suburban,Bachelor's,Married
547227816,45,male,89454,Education,Rural,Bachelor's,Married
547246175,37,male,96112,Healthcare,Suburban,Master's,Divorced
547253245,42,female,96212,Technology,Urban,Master's,Married
547264269,36,female,64810,Technology,Urban,Master's,Single
547302248,49,female,96130,Healthcare,Suburban,Bachelor's,Single
547303261,16,male,49681,Education,Suburban,Bachelor's,Single
547303774,53,male,76587,Finance,Urban,PhD+,Married
547316443,43,male,64817,Healthcare,Suburban,Master's,Married
547331550,35,female,88876,Healthcare,Urban,Bachelor's,Married
547332599,54,female,44107,Finance,Urban,Bachelor's,Married
547333022,28,female,74670,Healthcare,Urban,Bachelor's,Single
547355246,36,female,80987,Finance,Suburban,Bachelor's,Divorced
547368023,38,male,87152,Manufacturing,Rural,Bachelor's,Married
547394380,33,female,69416,Finance,Urban,Master's,Married
547416441,23,male,55739,Retail,Suburban,Some College,Single
547424030,39,female,83979,Education,Suburban,PhD+,Married
547431233,44,male,110463,Finance,Urban,PhD+,Married
547432884,35,male,69857,Manufacturing,Urban,Some College,Married
547434717,42,female,59976,Finance,Urban,Master's,Married
547437149,49,female,75529,Healthcare,Suburban,Bachelor's,Married
547438672,27,male,46551,Technology,Urban,Bachelor's,Single
547439288,37,male,63712,Education,Suburban,PhD+,Married
547452465,40,male,102255,Finance,Urban,Bachelor's,Single
547477581,33,female,61107,Healthcare,Suburban,Bachelor's,Married
547481872,57,male,70054,Healthcare,Urban,Some College,Married
547483479,26,female,60718,Education,Urban,Master's,Married
547484178,30,male,57566,Retail,Suburban,Some College,Single
547491088,46,female,74827,Services,Urban,High School,Married
547495773,34,male,66229,Finance,Urban,Master's,Married
547526034,53,male,60609,Education,Urban,Master's,Married
547547612,35,female,77807,Technology,Urban,Master's,Married
547556934,36,male,82022,Education,Suburban,Master's,Married
547558327,42,female,79869,Technology,Suburban,Master's,Married
547603392,35,female,42118,Education,Suburban,Master's,Single
547620236,36,female,66441,Manufacturing,Urban,High School,Single
547651537,42,male,41314,Retail,Suburban,Bachelor's,Divorced
547652940,54,male,75895,Healthcare,Urban,Master's,Widowed
547653246,54,male,102544,Healthcare,Rural,Some College,Divorced
547661551,43,female,83299,Finance,Suburban,High School,Single
547674489,48,female,90336,Technology,Suburban,Master's,Divorced
547684240,47,male,95907,Education,Urban,Bachelor's,Single
547691813,60,female,66883,Manufacturing,Suburban,PhD+,Married
547726898,37,female,56686,Technology,Urban,Master's,Divorced
547728766,33,male,48239,Technology,Urban,Master's,Married
547728823,38,male,39905,Healthcare,Suburban,Some College,Divorced
547734243,33,male,125234,Technology,Urban,Bachelor's,Single
547735059,49,male,72372,Education,Suburban,Master's,Married
547737167,51,female,42666,Education,Urban,PhD+,Divorced
547737177,50,female,69935,Technology,Urban,Master's,Married
547738690,41,female,78704,Finance,Urban,Bachelor's,Single
547739127,45,female,93191,Finance,Urban,Bachelor's,Married
547770403,43,female,69271,Retail,Urban,Bachelor's,Married
547775139,35,female,72656,Healthcare,Urban,Master's,Married
547776585,38,female,44840,Education,Suburban,Master's,Married
547778264,34,male,66002,Finance,Urban,Bachelor's,Married
547791243,38,male,60207,Retail,Suburban,Some College,Divorced
547815371,35,male,58820,Technology,Urban,Bachelor's,Married
547818119,48,male,89283,Finance,Urban,Bachelor's,Married
547818238,34,male,68837,Retail,Suburban,Bachelor's,Single
547820678,38,male,55705,Finance,Urban,Bachelor's,Married
547821149,39,male,50069,Education,Urban,Master's,Married
547846710,43,female,92511,Healthcare,Suburban,Bachelor's,Divorced
547855706,36,male,62060,Finance,Suburban,Master's,Married
547869828,54,female,100789,Education,Urban,Master's,Married
547874655,50,female,77706,Technology,Urban,Master's,Widowed
547875996,48,female,77958,Healthcare,Urban,PhD+,Married
547889647,54,male,135884,Technology,Urban,PhD+,Married
547905613,51,female,119701,Healthcare,Suburban,Master's,Divorced
547935327,40,male,65164,Education,Rural,Bachelor's,Married
547946467,42,male,65811,Services,Urban,High School,Married
547967044,32,male,104239,Retail,Suburban,Bachelor's,Married
547968543,33,female,74592,Services,Urban,Some College,Married
547990551,45,female,49445,Education,Urban,Master's,Married
548024165,39,male,48463,Technology,Urban,Bachelor's,Single
548046483,52,male,60236,Retail,Urban,High School,Married
548050067,24,male,86048,Services,Urban,High School,Married
548060502,34,male,69018,Healthcare,Rural,Bachelor's,Single
548060747,44,male,107649,Technology,Urban,PhD+,Divorced
548075104,34,male,30770,Other,Rural,Bachelor's,Married
548103998,48,male,104022,Retail,Urban,High School,Married
548113759,32,male,77855,Services,Suburban,Bachelor's,Married
548116968,51,male,56856,Retail,Rural,High School,Divorced
548126038,38,male,93960,Education,Suburban,PhD+,Married
548126350,46,female,73308,Education,Urban,High School,Married
548126744,40,male,52380,Healthcare,Rural,Some College,Married
548129790,27,female,47008,Services,Rural,Bachelor's,Married
548134616,32,male,46523,Healthcare,Urban,Some College,Married
548139091,41,male,89576,Healthcare,Suburban,Bachelor's,Married
548144277,40,female,52214,Finance,Suburban,Bachelor's,Married
548148585,44,male,67317,Technology,Urban,Master's,Married
548165193,46,female,79092,Technology,Suburban,Bachelor's,Single
548165252,35,female,54898,Technology,Urban,Bachelor's,Married
548168153,37,female,72742,Finance,Urban,Master's,Married
548186159,38,female,70918,Education,Suburban,Master's,Single
548187135,39,female,71717,Manufacturing,Urban,High School,Married
548189837,27,female,25000,Manufacturing,Rural,High School,Single
548200781,27,male,28759,Healthcare,Urban,Bachelor's,Married
548211663,44,male,106856,Technology,Urban,Bachelor's,Divorced
548218249,30,male,76524,Services,Rural,Some College,Single
548222639,30,female,36294,Education,Suburban,Bachelor's,Single
548224194,25,male,55105,Technology,Urban,Bachelor's,Single
548241657,38,male,98946,Healthcare,Urban,Bachelor's,Married
548248938,34,male,79811,Technology,Suburban,High School,Single
548252071,33,male,82441,Finance,Rural,Master's,Single
548265655,29,female,71589,Finance,Urban,Bachelor's,Single
548269241,38,female,64945,Education,Urban,Master's,Married
548299732,60,male,152650,Technology,Suburban,Master's,Married
548318020,28,male,31512,Technology,Urban,Bachelor's,Married
548331119,36,female,92646,Technology,Urban,PhD+,Divorced
548333164,32,male,56901,Technology,Urban,Bachelor's,Married
548341294,33,male,71939,Services,Urban,High School,Single
548342074,28,male,91754,Technology,Urban,Master's,Single
548346299,41,male,74927,Education,Suburban,Master's,Married
548355702,38,female,113065,Technology,Suburban,Some College,Married
548358465,40,male,59182,Healthcare,Suburban,Master's,Married
548364183,52,female,80534,Healthcare,Urban,PhD+,Single
548371860,58,female,96662,Technology,Suburban,Master's,Married
548396176,32,female,29255,Manufacturing,Suburban,High School,Married
548403168,46,female,85969,Manufacturing,Rural,High School,Married
548418132,44,female,84946,Education,Urban,Master's,Single
548422878,34,female,52364,Healthcare,Urban,Bachelor's,Married
548430127,39,male,71608,Healthcare,Urban,Bachelor's,Married
548435838,42,female,63967,Manufacturing,Urban,Some College,Married
548439794,44,female,78706,Finance,Urban,Master's,Single
548447798,60,male,78874,Education,Urban,Some College,Married
548448385,37,female,37555,Manufacturing,Suburban,High School,Widowed
548457407,25,male,57046,Finance,Urban,Bachelor's,Married
548458655,42,male,97308,Manufacturing,Suburban,Bachelor's,Married
548467524,44,male,86249,Education,Urban,Master's,Married
548472735,40,female,68974,Technology,Urban,PhD+,Married
548474201,45,female,57130,Healthcare,Rural,Some College,Single
548481247,42,male,70098,Technology,Urban,Some College,Married
548484648,47,female,67033,Finance,Urban,Master's,Married
548500405,44,female,47836,Healthcare,Suburban,Master's,Divorced
548505594,31,female,86356,Technology,Urban,Master's,Married
548519984,32,male,42249,Healthcare,Urban,Some College,Divorced
548568981,54,male,107020,Technology,Urban,High School,Married
548593697,45,male,124513,Technology,Suburban,PhD+,Married
548609142,53,female,39432,Manufacturing,Urban,High School,Married
548610989,30,male,75497,Technology,Urban,Some College,Married
548629145,36,male,89799,Finance,Suburban,PhD+,Divorced
548646896,43,male,69517,Finance,Urban,Bachelor's,Married
548651536,43,female,91766,Education,Rural,Bachelor's,Married
548659427,41,male,97293,Healthcare,Suburban,Some College,Married
548660263,42,male,41840,Education,Urban,Master's,Married
548664939,34,female,51884,Technology,Urban,PhD+,Divorced
548669307,28,male,73273,Finance,Urban,Bachelor's,Divorced
548671194,37,female,101775,Healthcare,Suburban,High School,Married
548678582,46,male,109120,Technology,Suburban,Master's,Married
548681599,31,female,87756,Healthcare,Suburban,High School,Single
548690193,35,female,67394,Finance,Suburban,Bachelor's,Married
548696333,54,female,29899,Retail,Rural,High School,Married
548708440,55,female,92409,Technology,Urban,Some College,Widowed
548710447,33,female,61288,Technology,Suburban,Bachelor's,Married
548713323,44,male,72003,Finance,Urban,Master's,Married
548714096,32,female,77787,Healthcare,Urban,Bachelor's,Married
548716993,41,female,55686,Retail,Urban,Master's,Divorced
548717733,34,male,49217,Technology,Urban,Bachelor's,Married
548724826,41,female,87275,Healthcare,Urban,Master's,Married
548733316,39,female,31213,Healthcare,Rural,Master's,Married
548743664,36,male,64365,Finance,Urban,Bachelor's,Married
548745614,38,male,78740,Technology,Urban,Bachelor's,Married
548752961,50,male,91400,Finance,Urban,High School,Divorced
548759464,41,male,86059,Technology,Urban,Bachelor's,Married
548764787,39,female,84093,Manufacturing,Suburban,High School,Married
548776683,29,male,49224,Technology,Urban,Bachelor's,Married
548778483,30,male,51467,Technology,Urban,Master's,Married
548789237,49,female,82560,Finance,Urban,Master's,Married
548801780,56,female,71358,Finance,Urban,Bachelor's,Married
548802950,58,female,75712,Healthcare,Urban,Bachelor's,Married
548806614,46,male,54210,Manufacturing,Urban,Some College,Married
548808451,49,male,72484,Education,Urban,Master's,Married
548809800,36,male,33263,Other,Suburban,Bachelor's,Single
548817023,42,male,102992,Manufacturing,Rural,Some College,Married
548838733,33,male,87000,Finance,Urban,PhD+,Married
548856865,33,female,98206,Education,Suburban,PhD+,Married
548861235,37,male,78570,Healthcare,Urban,PhD+,Married
548868688,30,female,25005,Services,Suburban,Bachelor's,Single
548872975,48,female,92619,Healthcare,Suburban,Bachelor's,Married
548873805,45,female,45015,Retail,Urban,Bachelor's,Married
548905649,38,male,50538,Healthcare,Urban,PhD+,Married
548906425,34,female,42677,Healthcare,Urban,Bachelor's,Married
548917569,42,male,107480,Technology,Suburban,Bachelor's,Married
548918156,31,female,70985,Technology,Rural,Bachelor's,Married
548931675,43,female,100969,Finance,Suburban,Master's,Single
548932668,40,male,87610,Finance,Urban,Master's,Divorced
548957842,38,female,76916,Manufacturing,Urban,High School,Married
548958487,38,female,52129,Technology,Urban,Bachelor's,Widowed
549006452,40,female,67110,Finance,Urban,Bachelor's,Married
549018643,38,male,71317,Services,Urban,High School,Married
549024797,31,male,62754,Other,Urban,Bachelor's,Single
549029080,33,male,78840,Technology,Suburban,Bachelor's,Single
549030056,30,female,41080,Healthcare,Rural,Some College,Married
549032346,55,female,82311,Healthcare,Suburban,PhD+,Married
549043136,49,male,76578,Technology,Urban,Master's,Single
549047433,39,male,93431,Healthcare,Urban,Bachelor's,Single
549052046,30,female,71132,Services,Suburban,Some College,Married
549062837,59,male,86617,Finance,Suburban,Bachelor's,Married
549065762,38,female,36515,Retail,Suburban,High School,Married
549069200,37,female,61549,Healthcare,Urban,Bachelor's,Married
549069661,53,male,104426,Healthcare,Suburban,Some College,Married
549084690,47,male,114446,Education,Urban,Master's,Married
549102693,41,female,54917,Healthcare,Suburban,PhD+,Married
549109608,44,male,77260,Retail,Urban,Some College,Divorced
549112202,42,female,91175,Healthcare,Urban,Bachelor's,Married
549113257,36,male,81869,Technology,Suburban,Bachelor's,Married
549119688,28,male,25000,Education,Urban,Some College,Single
549128975,34,female,80528,Education,Rural,Master's,Married
549130853,39,female,97343,Healthcare,Urban,Bachelor's,Single
549146727,39,male,34810,Services,Suburban,High School,Married
549149379,48,female,62596,Technology,Urban,Master's,Married
549175433,40,male,60878,Healthcare,Urban,Bachelor's,Divorced
549192644,48,male,78372,Services,Urban,Bachelor's,Divorced
549196218,43,male,64932,Healthcare,Suburban,Bachelor's,Married
549205327,51,male,100529,Healthcare,Suburban,Master's,Married
549214190,49,male,82516,Technology,Urban,Master's,Married
549214867,37,female,89211,Finance,Urban,Master's,Divorced
549216773,27,male,68044,Finance,Urban,PhD+,Married
549220330,24,male,87595,Manufacturing,Suburban,High School,Single
549249768,36,male,29762,Manufacturing,Urban,Bachelor's,Married
549253831,57,female,112865,Education,Suburban,Master's,Divorced
549265039,40,male,76850,Education,Rural,Master's,Married
549274028,33,male,84840,Other,Urban,Bachelor's,Single
549339995,37,female,92894,Retail,Suburban,Master's,Divorced
549351872,37,female,84109,Technology,Urban,Master's,Married
549364161,33,female,90192,Technology,Urban,Master's,Single
549366629,44,male,94835,Manufacturing,Suburban,Bachelor's,Single
549368383,39,male,83524,Technology,Urban,PhD+,Married
549373635,44,male,56838,Healthcare,Urban,Master's,Married
549381496,45,male,71749,Technology,Urban,Master's,Married
549386210,35,male,102827,Finance,Suburban,Master's,Married
549391310,40,male,41206,Manufacturing,Rural,High School,Married
549403795,28,male,54196,Manufacturing,Urban,Master's,Single
549409365,44,male,84477,Services,Suburban,Bachelor's,Married
549429277,33,male,57211,Other,Urban,High School,Single
549459680,48,female,57700,Services,Urban,Bachelor's,Married
549462678,53,male,82053,Manufacturing,Suburban,Some College,Married
549476226,43,male,34386,Manufacturing,Urban,High School,Single
549498053,43,female,50935,Healthcare,Urban,Master's,Divorced
549510752,45,female,79990,Healthcare,Suburban,Bachelor's,Married
549517801,57,male,85206,Finance,Rural,Some College,Married
549520743,36,male,83026,Technology,Urban,Master's,Married
549526933,47,male,60029,Retail,Urban,Master's,Married
549526984,54,female,117042,Finance,Urban,PhD+,Divorced
549534376,49,male,91244,Manufacturing,Urban,Bachelor's,Married
549546049,34,female,65183,Retail,Urban,High School,Single
549546219,53,male,100194,Healthcare,Suburban,Master's,Married
549564727,29,male,80910,Services,Urban,Some College,Single
549565713,39,female,62594,Manufacturing,Suburban,High School,Married
549584259,38,male,88282,Technology,Urban,Bachelor's,Married
549602231,26,female,93127,Manufacturing,Suburban,High School,Single
549602356,43,female,25302,Technology,Urban,Bachelor's,Married
549606842,53,male,64225,Retail,Urban,High School,Divorced
549631333,38,female,63645,Healthcare,Urban,Bachelor's,Married
549661384,54,female,124231,Healthcare,Urban,PhD+,Divorced
549664128,38,female,86917,Finance,Urban,Bachelor's,Married
549675933,18,male,59977,Technology,Urban,Bachelor's,Single
549684679,28,male,31178,Healthcare,Urban,Bachelor's,Single
549686750,40,female,81566,Technology,Urban,Bachelor's,Single
549696985,34,male,44004,Healthcare,Urban,Master's,Single
549712722,37,male,25000,Education,Urban,Bachelor's,Married
549724764,41,female,52314,Other,Rural,High School,Married
549730142,34,male,86358,Healthcare,Urban,Master's,Single
549734982,41,male,66103,Education,Suburban,Master's,Divorced
549739058,44,female,86245,Retail,Suburban,High School,Single
549748847,56,female,44594,Retail,Rural,Some College,Widowed
549754501,38,male,27887,Healthcare,Urban,Bachelor's,Married
549770314,47,male,89446,Manufacturing,Suburban,Master's,Married
549774507,34,female,71364,Education,Suburban,Bachelor's,Married
549777277,35,female,25000,Healthcare,Urban,Master's,Divorced
549801353,29,male,93396,Education,Suburban,PhD+,Single
549825009,50,male,98961,Manufacturing,Suburban,High School,Married
549856293,37,male,104317,Technology,Urban,Bachelor's,Married
549858097,31,male,49201,Retail,Urban,Some College,Single
549871631,46,female,108564,Finance,Urban,Master's,Married
549889513,39,male,56611,Education,Urban,PhD+,Divorced
549893196,52,male,62454,Retail,Urban,High School,Divorced
549904589,46,male,95043,Healthcare,Rural,Bachelor's,Divorced
549935482,38,male,65844,Services,Suburban,High School,Married
549967686,49,female,110093,Manufacturing,Rural,High School,Married
549971640,34,male,54240,Manufacturing,Suburban,Bachelor's,Married
549982854,19,male,78187,Services,Urban,High School,Single
549983768,47,female,61756,Services,Urban,High School,Married
550016007,51,female,62247,Education,Suburban,Master's,Married
550016958,43,female,42072,Technology,Suburban,Bachelor's,Married
550018606,47,female,109432,Technology,Urban,High School,Married
550021903,33,male,55020,Finance,Urban,Bachelor's,Married
550040935,50,male,108694,Technology,Urban,Bachelor's,Divorced
550072761,38,female,129866,Healthcare,Rural,Bachelor's,Married
550077331,33,female,101470,Technology,Suburban,Bachelor's,Married
550086361,37,male,67203,Healthcare,Urban,PhD+,Married
550107843,32,male,73225,Technology,Urban,Master's,Single
550108225,58,female,112611,Education,Urban,Master's,Divorced
550136661,46,male,76235,Technology,Urban,Bachelor's,Divorced
550156329,42,female,52246,Retail,Urban,Some College,Married
550166363,40,male,95164,Finance,Urban,PhD+,Married
550167532,32,female,76306,Finance,Urban,Master's,Single
550170512,47,male,91539,Finance,Urban,Bachelor's,Divorced
550179828,43,female,45634,Services,Suburban,High School,Married
550182668,43,male,104338,Technology,Urban,Master's,Married
550191038,33,female,103760,Services,Urban,Some College,Married
550203876,28,female,54866,Retail,Urban,High School,Married
550215827,39,female,47906,Healthcare,Urban,Master's,Single
550218176,39,male,92949,Services,Suburban,PhD+,Married
550230762,26,male,55525,Other,Urban,High School,Single
550237937,58,female,117639,Education,Urban,Master's,Married
550248123,39,male,88443,Healthcare,Suburban,Bachelor's,Married
550294994,45,male,98905,Finance,Suburban,Bachelor's,Divorced
550298513,37,male,88474,Finance,Rural,High School,Married
550300129,41,male,131463,Retail,Urban,Some College,Married
550301898,41,male,68564,Finance,Urban,Master's,Single
550306610,49,male,78345,Manufacturing,Urban,High School,Married
550312130,44,male,80853,Finance,Rural,Some College,Single
550315259,47,female,79854,Healthcare,Suburban,Bachelor's,Married
550316770,42,female,50041,Finance,Urban,Bachelor's,Married
550319113,27,male,82362,Manufacturing,Rural,Bachelor's,Single
550328768,40,female,84194,Education,Urban,Master's,Married
550329126,42,male,76901,Manufacturing,Urban,Bachelor's,Married
550340123,25,male,69611,Healthcare,Suburban,PhD+,Married
550363632,31,female,50021,Retail,Urban,Bachelor's,Married
550371902,36,male,55443,Healthcare,Urban,Some College,Single
550372504,45,male,69585,Retail,Urban,High School,Married
550377298,37,male,104826,Education,Urban,Some College,Married
550380100,37,female,99774,Finance,Urban,Master's,Single
550397504,30,male,72940,Technology,Urban,Some College,Single
550413414,47,female,91372,Healthcare,Urban,Master's,Single
550432371,28,male,25000,Services,Suburban,Bachelor's,Single
550445430,49,female,90975,Retail,Urban,High School,Single
550459423,36,female,101667,Manufacturing,Suburban,Master's,Married
550521578,45,female,36533,Services,Rural,Master's,Married
550521765,50,female,85525,Manufacturing,Rural,High School,Married
550527121,39,male,47126,Retail,Urban,Bachelor's,Single
550536890,31,female,51939,Finance,Urban,Bachelor's,Single
550538862,45,female,66841,Manufacturing,Urban,Bachelor's,Married
550556433,45,male,90695,Education,Urban,Bachelor's,Married
550594743,38,male,58176,Technology,Urban,PhD+,Married
550604429,40,male,72149,Finance,Rural,PhD+,Divorced
550618647,31,male,41980,Manufacturing,Urban,Bachelor's,Married
550624623,32,female,59103,Education,Urban,Master's,Single
550627461,36,male,72866,Healthcare,Urban,Master's,Married
550643984,52,female,89506,Technology,Suburban,Bachelor's,Married
550645177,45,male,97733,Finance,Urban,Some College,Married
550659608,43,male,72986,Retail,Urban,High School,Married
550663017,26,female,51598,Finance,Suburban,Master's,Married
550671783,23,male,82673,Retail,Suburban,Bachelor's,Single
550672767,39,male,45527,Manufacturing,Urban,Master's,Married
550684900,43,male,41916,Manufacturing,Urban,Bachelor's,Married
550695242,37,male,102969,Technology,Suburban,Master's,Married
550727787,43,female,36396,Education,Urban,Master's,Single
550739999,42,male,26074,Healthcare,Urban,Bachelor's,Married
550742543,32,female,40870,Retail,Urban,Bachelor's,Single
550761796,36,female,77367,Education,Urban,PhD+,Married
550762927,44,female,63857,Manufacturing,Urban,Bachelor's,Married
550769607,52,female,116143,Manufacturing,Suburban,Some College,Single
550778357,39,female,56018,Finance,Urban,High School,Single
550781174,58,male,73837,Services,Urban,Bachelor's,Widowed
550789747,50,male,90569,Services,Suburban,Bachelor's,Married
550823134,40,male,89589,Technology,Suburban,Bachelor's,Single
550824549,40,male,57938,Finance,Urban,PhD+,Married
550837100,47,male,56721,Finance,Urban,Bachelor's,Divorced
550858504,34,male,57487,Technology,Urban,Master's,Single
550861717,26,male,67678,Healthcare,Urban,Bachelor's,Single
550868770,39,female,46280,Manufacturing,Suburban,High School,Married
550884152,35,female,72330,Technology,Suburban,Bachelor's,Divorced
550887205,45,male,90770,Healthcare,Suburban,Bachelor's,Single
550900559,39,female,55980,Technology,Urban,Bachelor's,Married
550903487,39,female,53204,Manufacturing,Urban,High School,Married
550903933,47,male,117620,Education,Suburban,Master's,Married
550913478,31,female,78910,Technology,Suburban,PhD+,Divorced
550981528,48,male,75514,Education,Suburban,Master's,Married
550996970,50,male,50235,Manufacturing,Urban,High School,Married
551030929,35,male,68136,Retail,Urban,High School,Widowed
551031573,28,female,59812,Healthcare,Urban,Master's,Married
551031944,41,male,53270,Technology,Urban,High School,Married
551032092,44,female,59174,Healthcare,Urban,Bachelor's,Divorced
551036880,41,female,103693,Finance,Suburban,Master's,Single
551037964,42,female,87628,Healthcare,Rural,Master's,Divorced
551043538,37,female,72951,Technology,Urban,Bachelor's,Married
551052856,46,male,78509,Healthcare,Urban,Master's,Married
551065580,32,male,61134,Technology,Urban,Bachelor's,Married
551066396,34,female,34344,Retail,Rural,Some College,Married
551086928,41,female,90318,Education,Urban,Master's,Married
551087037,27,female,60288,Finance,Urban,Bachelor's,Married
551099341,45,male,26053,Manufacturing,Suburban,Some College,Widowed
551102463,44,male,59252,Education,Urban,PhD+,Married
551114552,34,female,65478,Retail,Urban,High School,Single
551120745,44,female,72817,Healthcare,Urban,Bachelor's,Married
551128288,30,male,27511,Services,Suburban,Bachelor's,Single
551140089,35,male,86293,Manufacturing,Suburban,Some College,Married
551140605,30,male,48867,Technology,Suburban,Bachelor's,Single
551171479,36,female,65109,Technology,Urban,PhD+,Widowed
551178665,41,male,50708,Healthcare,Urban,Bachelor's,Married
551199721,43,female,46760,Healthcare,Rural,Master's,Divorced
551201250,41,male,57388,Finance,Urban,Master's,Married
551205529,50,female,75266,Manufacturing,Suburban,Some College,Divorced
551210238,37,female,88070,Services,Suburban,High School,Single
551224291,45,male,88363,Manufacturing,Urban,High School,Married
551243329,56,male,100976,Finance,Suburban,Bachelor's,Married
551266230,38,male,62491,Retail,Rural,High School,Single
551274008,35,female,100434,Finance,Suburban,Master's,Married
551276040,49,female,54583,Manufacturing,Urban,High School,Married
551281252,50,female,61682,Manufacturing,Suburban,Master's,Divorced
551289660,39,female,85276,Finance,Urban,Some College,Married
551294509,50,female,60185,Healthcare,Urban,PhD+,Divorced
551296186,50,male,95478,Healthcare,Suburban,High School,Married
551298648,51,female,51272,Finance,Suburban,High School,Married
551304456,40,female,87674,Healthcare,Rural,Master's,Married
551316014,30,male,62969,Technology,Urban,Master's,Married
551322921,38,female,94632,Healthcare,Rural,Bachelor's,Married
551335187,24,male,66598,Finance,Urban,PhD+,Single
551348792,44,female,70836,Finance,Urban,Some College,Married
551358177,36,female,70776,Retail,Suburban,High School,Single
551377365,37,male,86185,Education,Rural,Master's,Married
551379244,44,male,62457,Healthcare,Urban,Bachelor's,Married
551389257,48,male,112612,Services,Suburban,High School,Married
551392805,45,male,116744,Finance,Urban,PhD+,Married
551397635,29,male,70134,Education,Urban,Master's,Married
551411799,51,female,81155,Technology,Urban,Bachelor's,Divorced
551451711,42,female,81709,Education,Suburban,PhD+,Married
551454522,36,male,53689,Retail,Urban,High School,Married
551456949,47,female,100546,Services,Suburban,High School,Divorced
551465431,24,male,59742,Services,Urban,High School,Single
551469426,54,female,113524,Finance,Suburban,Bachelor's,Married
551487791,35,male,54494,Healthcare,Urban,Bachelor's,Married
551490284,42,male,68209,Finance,Suburban,Some College,Single
551531799,43,female,86679,Technology,Urban,Master's,Married
551536269,44,female,84285,Education,Urban,Bachelor's,Married
551547543,38,female,71306,Finance,Urban,Master's,Married
551552919,56,female,68122,Healthcare,Urban,PhD+,Single
551559382,32,male,85657,Technology,Urban,Master's,Single
551572775,29,male,78778,Services,Suburban,Bachelor's,Single
551573217,45,female,51926,Manufacturing,Urban,High School,Divorced
551577449,60,male,72945,Technology,Suburban,Bachelor's,Widowed
551625768,30,male,74762,Finance,Suburban,High School,Married
551630094,47,male,88075,Retail,Suburban,High School,Married
551637459,51,female,101790,Education,Urban,Master's,Divorced
551663412,53,male,87744,Healthcare,Urban,PhD+,Single
551665287,53,male,132570,Finance,Suburban,Master's,Married
551666379,42,female,78811,Retail,Urban,Some College,Married
551672351,41,male,87124,Technology,Urban,Master's,Married
551692523,44,male,77560,Education,Rural,Master's,Divorced
551695863,32,male,72813,Services,Urban,Bachelor's,Married
551700318,39,female,103016,Retail,Suburban,High School,Married
551700942,45,male,82807,Healthcare,Suburban,Master's,Married
551703196,25,male,59216,Finance,Suburban,Bachelor's,Single
551711002,34,female,50922,Education,Rural,PhD+,Single
551716439,55,male,109567,Technology,Suburban,Master's,Married
551716616,44,male,103997,Healthcare,Urban,PhD+,Married
551723597,37,male,70410,Healthcare,Suburban,PhD+,Married
551725574,37,female,98315,Finance,Urban,High School,Married
551742816,38,male,76595,Finance,Urban,PhD+,Married
551752054,31,male,61110,Finance,Urban,Master's,Single
551795264,40,female,97897,Manufacturing,Suburban,Bachelor's,Married
551795855,34,female,52304,Technology,Urban,Master's,Married
551797425,30,female,76851,Services,Urban,High School,Single
551798340,44,female,92876,Other,Urban,Bachelor's,Married
551801600,42,male,85075,Finance,Urban,Bachelor's,Married
551818307,47,female,67668,Technology,Urban,Some College,Married
551823157,41,male,91663,Healthcare,Urban,Bachelor's,Married
551833372,45,female,129548,Healthcare,Urban,Master's,Single
551834413,34,female,45085,Services,Urban,Master's,Married
551846168,33,female,103546,Finance,Suburban,Some College,Single
551859459,36,male,56423,Healthcare,Urban,Bachelor's,Married
551869843,29,female,33848,Technology,Urban,Bachelor's,Married
551924181,36,female,49876,Other,Suburban,Some College,Married
551939998,49,female,124730,Finance,Urban,PhD+,Married
551940905,52,male,102430,Healthcare,Rural,PhD+,Married
551954566,40,female,66848,Technology,Suburban,Bachelor's,Married
551955643,41,female,46373,Technology,Urban,Master's,Married
551969702,26,female,63360,Services,Urban,High School,Married
551974716,46,female,96001,Manufacturing,Rural,Bachelor's,Married
551977075,34,male,65038,Other,Rural,High School,Married
551987274,44,female,43238,Finance,Urban,PhD+,Single
551996391,56,female,123351,Finance,Urban,Bachelor's,Divorced
551996650,40,female,65912,Healthcare,Urban,PhD+,Married
552003015,44,female,72416,Finance,Urban,Bachelor's,Married
552005918,27,male,61706,Manufacturing,Urban,Bachelor's,Single
552014683,43,male,67750,Technology,Urban,Bachelor's,Single
552024500,33,female,53918,Retail,Urban,Bachelor's,Married
552033509,29,male,43980,Retail,Urban,High School,Married
552045436,31,female,63319,Technology,Suburban,Bachelor's,Single
552055865,49,female,47757,Finance,Suburban,Some College,Single
552075942,38,male,93341,Manufacturing,Urban,High School,Married
552078109,38,male,56899,Education,Urban,Master's,Divorced
552081583,35,male,73077,Retail,Rural,Some College,Single
552091650,32,male,44070,Other,Urban,Bachelor's,Single
552092580,38,female,66079,Retail,Rural,High School,Married
552104471,40,female,66557,Healthcare,Urban,Bachelor's,Married
552119770,43,female,59191,Healthcare,Urban,Bachelor's,Married
552126239,40,male,44509,Technology,Urban,PhD+,Married
552158517,35,female,96166,Technology,Suburban,Bachelor's,Single
552172080,40,female,85051,Finance,Urban,Bachelor's,Divorced
552178134,42,female,55924,Healthcare,Rural,Bachelor's,Married
552189102,34,male,95855,Education,Urban,Master's,Married
552190575,29,female,97611,Technology,Suburban,Bachelor's,Married
552191714,30,male,82148,Retail,Urban,High School,Married
552191804,46,male,126478,Manufacturing,Suburban,Some College,Single
552196340,45,female,49837,Retail,Urban,Bachelor's,Divorced
552196494,59,male,86296,Technology,Urban,PhD+,Married
552205489,39,male,52910,Retail,Suburban,Bachelor's,Married
552231023,45,male,68889,Healthcare,Suburban,Bachelor's,Married
552245333,46,female,70467,Education,Urban,Bachelor's,Divorced
552251501,38,female,74184,Education,Urban,PhD+,Married
552264941,37,male,57430,Services,Urban,Bachelor's,Married
552283654,35,male,111394,Retail,Suburban,High School,Married
552290641,43,female,90111,Finance,Urban,Master's,Single
552320123,46,male,101476,Manufacturing,Urban,Some College,Single
552326604,34,female,95386,Technology,Urban,Bachelor's,Single
552353317,40,male,50383,Manufacturing,Urban,Bachelor's,Married
552358882,29,female,50126,Finance,Urban,Master's,Married
552364115,40,male,62268,Technology,Urban,Some College,Single
552378952,35,female,91588,Technology,Urban,Master's,Married
552388588,37,male,57286,Healthcare,Urban,Master's,Married
552389922,58,female,121200,Finance,Suburban,Master's,Married
552389941,35,male,80530,Education,Urban,PhD+,Married
552390874,46,female,85561,Education,Rural,Master's,Married
552392624,33,female,64078,Technology,Urban,PhD+,Married
552399354,50,female,83814,Finance,Urban,Master's,Divorced
552407008,31,male,53953,Education,Urban,Master's,Married
552420865,56,female,90496,Retail,Urban,High School,Divorced
552427065,28,female,72217,Manufacturing,Urban,Some College,Married
552428120,53,female,79952,Services,Suburban,High School,Married
552453051,38,female,66320,Technology,Suburban,Some College,Married
552461374,20,male,40291,Retail,Suburban,Some College,Single
552463131,45,male,47121,Finance,Urban,Bachelor's,Widowed
552470400,56,female,92180,Finance,Suburban,Bachelor's,Divorced
552474597,51,female,124292,Finance,Suburban,PhD+,Married
552483913,45,female,82720,Finance,Suburban,Bachelor's,Married
552485779,44,female,41201,Services,Urban,High School,Married
552488195,50,male,78798,Technology,Suburban,Bachelor's,Married
552490374,43,male,116155,Retail,Urban,Bachelor's,Married
552507658,34,male,47436,Manufacturing,Suburban,High School,Single
552579546,31,male,65016,Healthcare,Urban,Bachelor's,Single
552586074,38,female,87216,Finance,Urban,Bachelor's,Married
552591493,35,male,70891,Technology,Urban,Master's,Married
552592685,27,male,102886,Manufacturing,Suburban,Bachelor's,Single
552596751,16,male,33707,Healthcare,Suburban,Bachelor's,Single
552617704,20,male,86586,Technology,Urban,Master's,Single
552621531,35,male,49447,Education,Urban,Master's,Married
552630694,42,female,90619,Healthcare,Suburban,Bachelor's,Married
552633271,41,male,66502,Retail,Rural,High School,Single
552635981,57,male,90171,Healthcare,Urban,Bachelor's,Married
552640207,41,male,54951,Education,Rural,Bachelor's,Divorced
552648238,37,male,88074,Manufacturing,Rural,Master's,Married
552654216,45,female,36594,Manufacturing,Urban,Some College,Divorced
552663966,56,female,69316,Education,Urban,Master's,Married
552666044,36,female,84205,Manufacturing,Urban,Some College,Married
552703085,32,male,37177,Services,Urban,Bachelor's,Single
552704346,42,female,98124,Technology,Urban,Bachelor's,Married
552707659,28,male,88891,Technology,Urban,Bachelor's,Married
552715358,37,male,50544,Technology,Urban,Master's,Divorced
552716108,36,male,70553,Manufacturing,Rural,High School,Married
552716511,39,male,57762,Retail,Rural,High School,Divorced
552718917,36,female,39258,Education,Suburban,Master's,Married
552718932,43,female,75606,Finance,Urban,Master's,Married
552724774,33,female,74557,Retail,Urban,Master's,Married
552729475,30,male,63711,Technology,Suburban,Bachelor's,Single
552730816,39,female,82768,Education,Suburban,Bachelor's,Married
552735819,59,male,79659,Services,Urban,High School,Widowed
552735868,46,female,80247,Healthcare,Suburban,Bachelor's,Married
552755770,42,female,96196,Healthcare,Rural,Bachelor's,Married
552762250,37,female,102038,Services,Rural,High School,Married
552764764,42,male,111862,Healthcare,Suburban,Bachelor's,Married
552765116,29,male,68012,Technology,Urban,Bachelor's,Single
552771278,52,male,122563,Education,Rural,Master's,Married
552776207,48,female,130599,Manufacturing,Suburban,High School,Married
552787421,41,female,72102,Technology,Suburban,PhD+,Married
552797534,44,male,44255,Education,Urban,Bachelor's,Married
552798623,35,female,83659,Finance,Urban,Master's,Married
552799948,23,male,62134,Other,Urban,Bachelor's,Single
552807910,32,female,45544,Healthcare,Suburban,Bachelor's,Married
552815909,32,female,53952,Finance,Suburban,PhD+,Married
552817672,50,female,106727,Education,Suburban,Bachelor's,Divorced
552824689,30,female,75316,Finance,Urban,Some College,Married
552831134,46,female,71714,Healthcare,Suburban,Bachelor's,Married
552836856,33,male,60904,Other,Suburban,PhD+,Single
552848489,32,male,58854,Finance,Urban,Master's,Single
552852475,50,male,98014,Healthcare,Rural,Bachelor's,Widowed
552854000,46,male,70848,Healthcare,Rural,Master's,Married
552944060,43,male,66830,Education,Rural,Master's,Married
552948503,34,male,70268,Technology,Urban,PhD+,Single
552949288,37,female,50335,Retail,Urban,Master's,Divorced
552952419,33,female,87552,Healthcare,Urban,Master's,Single
552970366,43,male,55944,Education,Urban,Master's,Single
552994871,38,male,72494,Technology,Urban,Master's,Married
553031202,49,female,109467,Technology,Suburban,PhD+,Married
553031676,43,male,63414,Manufacturing,Suburban,High School,Married
553042917,32,male,116801,Education,Suburban,Bachelor's,Divorced
553057315,35,male,58313,Finance,Urban,Some College,Married
553058740,30,male,48500,Education,Urban,Master's,Married
553070741,28,male,39263,Healthcare,Urban,High School,Single
553080959,44,female,111432,Finance,Urban,Master's,Divorced
553082290,55,female,119103,Finance,Urban,Bachelor's,Single
553093745,45,female,90552,Finance,Suburban,Master's,Married
553094911,47,female,96922,Finance,Suburban,Bachelor's,Divorced
553098411,45,male,74734,Finance,Urban,PhD+,Divorced
553115727,39,male,106630,Education,Suburban,Bachelor's,Married
553126226,26,male,54813,Technology,Urban,Bachelor's,Single
553143642,41,female,87328,Finance,Urban,Some College,Married
553156834,44,male,63326,Education,Urban,Bachelor's,Married
553168137,59,male,47696,Healthcare,Urban,PhD+,Married
553173816,28,male,69299,Retail,Urban,High School,Single
553186842,44,female,57363,Services,Urban,Bachelor's,Married
553198268,44,female,78799,Technology,Suburban,Bachelor's,Single
553233143,41,male,90244,Healthcare,Urban,Some College,Married
553275398,34,female,74627,Healthcare,Suburban,High School,Divorced
553281855,53,female,55264,Healthcare,Suburban,Master's,Married
553288694,39,male,78181,Technology,Urban,Bachelor's,Married
553291209,43,female,79761,Finance,Urban,Bachelor's,Single
553311802,38,female,43339,Manufacturing,Urban,High School,Single
553320986,37,female,98851,Technology,Suburban,Master's,Married
553322701,44,female,101898,Education,Rural,Master's,Married
553324933,42,male,66008,Healthcare,Urban,Bachelor's,Married
553328298,31,female,83466,Finance,Urban,Master's,Divorced
553332701,18,male,66556,Education,Suburban,PhD+,Divorced
553334718,41,male,88827,Healthcare,Suburban,Bachelor's,Married
553345124,23,female,38920,Services,Suburban,High School,Single
553353050,51,female,104551,Education,Urban,Master's,Divorced
553365212,49,male,47489,Services,Suburban,High School,Single
553366279,41,female,87361,Technology,Urban,Bachelor's,Married
553372277,33,male,46135,Technology,Suburban,Master's,Married
553377975,32,female,27232,Finance,Urban,Bachelor's,Single
553384439,40,female,73634,Finance,Urban,Master's,Divorced
553396598,38,female,106855,Education,Urban,PhD+,Married
553409834,39,male,69963,Finance,Suburban,Some College,Single
553421144,22,male,60832,Healthcare,Urban,Bachelor's,Single
553426702,38,female,81565,Manufacturing,Suburban,High School,Single
553427408,35,female,37904,Retail,Urban,Bachelor's,Married
553455862,38,female,71673,Finance,Urban,Master's,Married
553463936,45,female,76521,Healthcare,Urban,PhD+,Married
553464787,27,male,51974,Services,Urban,High School,Married
553473300,38,female,40776,Technology,Urban,Some College,Married
553475458,42,male,63423,Healthcare,Suburban,Master's,Divorced
553478703,46,male,48988,Retail,Suburban,Bachelor's,Divorced
553480943,34,male,66641,Healthcare,Urban,Master's,Single
553493075,20,male,51291,Services,Urban,High School,Single
553511403,39,female,31623,Education,Rural,PhD+,Married
553514671,56,female,107215,Technology,Urban,Bachelor's,Divorced
553520650,33,female,42999,Technology,Urban,Some College,Married
553532909,43,female,85388,Manufacturing,Urban,High School,Married
553537708,34,male,68250,Manufacturing,Suburban,Bachelor's,Single
553551053,40,female,54092,Education,Rural,PhD+,Married
553610620,37,female,76033,Finance,Suburban,Bachelor's,Single
553635658,40,male,79087,Finance,Rural,Master's,Married
553642399,22,female,73298,Retail,Urban,High School,Divorced
553643914,43,male,110303,Education,Urban,PhD+,Married
553674394,37,male,42374,Manufacturing,Suburban,High School,Married
553679325,43,female,69105,Other,Urban,Bachelor's,Married
553687255,50,female,114902,Healthcare,Urban,PhD+,Married
553688109,49,female,131079,Healthcare,Suburban,High School,Single
553688965,34,female,45703,Technology,Urban,Bachelor's,Married
553691923,40,female,74277,Education,Urban,PhD+,Married
553694016,39,female,54694,Services,Urban,High School,Married
553714213,32,male,57629,Technology,Urban,Bachelor's,Single
553718087,42,male,92290,Technology,Urban,Bachelor's,Married
553726107,35,male,39877,Healthcare,Urban,Master's,Married
553726717,44,female,75088,Education,Urban,Master's,Divorced
553736478,26,female,71067,Education,Urban,Bachelor's,Married
553739414,50,male,43178,Retail,Urban,High School,Divorced
553743751,26,male,53674,Technology,Urban,Master's,Single
553759606,40,male,74342,Technology,Urban,PhD+,Married
553762443,45,female,94537,Retail,Suburban,Master's,Divorced
553770868,33,male,84365,Education,Urban,Master's,Married
553779366,36,male,82144,Education,Suburban,Bachelor's,Married
553795371,44,male,87685,Finance,Urban,Bachelor's,Divorced
553799228,30,male,79234,Finance,Suburban,Master's,Married
553804520,23,male,48184,Retail,Urban,Some College,Single
553823021,46,male,52488,Other,Urban,High School,Married
553827919,44,female,62010,Education,Urban,Bachelor's,Married
553828348,45,male,82606,Education,Urban,Master's,Married
553835261,54,female,73522,Healthcare,Rural,Bachelor's,Single
553839987,54,female,112757,Services,Suburban,High School,Married
553842194,45,female,61421,Manufacturing,Urban,Some College,Married
553858861,40,female,94324,Healthcare,Suburban,Bachelor's,Single
553862049,46,female,79233,Manufacturing,Urban,Some College,Married
553890101,47,male,65924,Finance,Urban,Master's,Single
553891343,35,male,63896,Finance,Suburban,PhD+,Married
553902982,52,male,79162,Healthcare,Urban,Bachelor's,Married
553903791,43,male,69171,Technology,Suburban,PhD+,Single
553920460,50,female,85473,Finance,Suburban,Bachelor's,Married
553921984,30,female,81696,Education,Urban,Master's,Divorced
553923406,29,male,56234,Healthcare,Urban,Bachelor's,Married
553926975,51,male,55168,Manufacturing,Urban,Bachelor's,Married
553928087,38,female,83415,Technology,Suburban,Bachelor's,Married
553936847,49,male,83211,Finance,Urban,Bachelor's,Married
553976824,42,female,69240,Healthcare,Urban,Some College,Married
553977725,45,male,99290,Manufacturing,Urban,High School,Married
553984942,51,male,120032,Services,Urban,Bachelor's,Married
554027856,45,female,92279,Services,Urban,Master's,Married
554031096,50,female,91458,Services,Suburban,Some College,Divorced
554035005,26,female,63870,Retail,Urban,Some College,Married
554043869,41,female,48038,Services,Urban,Some College,Divorced
554087169,31,male,56319,Retail,Suburban,Bachelor's,Married
554097064,48,male,76500,Retail,Rural,Bachelor's,Married
554098985,34,male,50226,Technology,Urban,Master's,Married
554105894,25,male,72611,Healthcare,Urban,Bachelor's,Married
554106584,36,male,72926,Manufacturing,Rural,High School,Married
554122263,53,female,105498,Healthcare,Urban,Master's,Married
554134192,56,female,85349,Technology,Urban,Bachelor's,Single
554135710,40,female,76982,Education,Urban,Master's,Married
554155613,44,female,73337,Finance,Rural,Bachelor's,Married
554175434,50,female,76640,Services,Urban,High School,Married
554180928,53,female,86797,Education,Suburban,High School,Divorced
554207250,39,male,128572,Technology,Suburban,PhD+,Widowed
554234998,44,male,74124,Manufacturing,Urban,Bachelor's,Married
554250783,26,female,79023,Services,Urban,High School,Married
554252708,45,female,109620,Technology,Urban,Bachelor's,Married
554256750,39,male,54789,Finance,Urban,PhD+,Single
554278287,44,female,88408,Education,Suburban,Master's,Married
554284694,42,male,59713,Technology,Urban,Some College,Married
554315258,35,female,69895,Technology,Urban,Bachelor's,Married
554316267,31,female,45744,Services,Urban,Some College,Divorced
554321800,31,female,65704,Finance,Rural,Some College,Married
554351682,32,female,36549,Retail,Urban,Master's,Divorced
554375512,52,male,79975,Education,Rural,Bachelor's,Married
554375790,34,male,68031,Technology,Urban,Master's,Single
554376566,30,male,73383,Technology,Urban,Bachelor's,Married
554394856,40,male,47137,Technology,Suburban,Bachelor's,Married
554409097,34,female,25000,Education,Urban,Bachelor's,Married
554416292,40,female,70993,Healthcare,Suburban,Some College,Married
554425576,45,male,78542,Technology,Urban,Bachelor's,Single
554459781,36,female,72531,Education,Rural,Some College,Married
554478732,36,female,56480,Education,Urban,Master's,Divorced
554487141,53,male,63954,Technology,Suburban,Bachelor's,Married
554490934,48,female,101135,Healthcare,Urban,Some College,Single
554494819,45,male,73471,Healthcare,Suburban,Some College,Married
554498818,48,male,121283,Healthcare,Suburban,Bachelor's,Married
554501778,43,female,49703,Other,Urban,Bachelor's,Married
554510137,32,female,41426,Healthcare,Rural,Master's,Married
554510532,47,female,91572,Services,Suburban,High School,Married
554513788,42,male,98181,Healthcare,Urban,Bachelor's,Divorced
554523150,35,male,80474,Technology,Suburban,Bachelor's,Single
554530248,37,female,49345,Manufacturing,Rural,High School,Married
554531928,50,female,55222,Education,Suburban,High School,Married
554537173,35,male,74644,Finance,Urban,Bachelor's,Divorced
554542230,36,male,52759,Services,Rural,High School,Divorced
554551310,50,female,96260,Finance,Urban,Master's,Single
554564695,47,female,48483,Finance,Suburban,Master's,Married
554566001,46,female,114695,Finance,Urban,PhD+,Married
554578251,40,male,52972,Technology,Urban,Master's,Married
554581339,37,female,75474,Retail,Urban,Bachelor's,Married
554589028,38,female,95022,Education,Rural,Master's,Single
554615120,33,female,55332,Other,Urban,Bachelor's,Married
554617586,38,female,56352,Healthcare,Urban,Bachelor's,Divorced
554629165,55,male,63204,Manufacturing,Suburban,High School,Divorced
554631834,46,male,80765,Education,Urban,Master's,Married
554634321,44,female,72252,Education,Urban,Master's,Divorced
554637215,52,female,121029,Healthcare,Suburban,Bachelor's,Divorced
554638099,42,male,46878,Technology,Urban,Master's,Married
554640282,40,male,65847,Finance,Rural,Bachelor's,Married
554644111,29,female,75967,Healthcare,Suburban,Bachelor's,Married
554664514,39,male,58888,Retail,Urban,Bachelor's,Married
554687065,40,female,60341,Education,Suburban,Bachelor's,Married
554690542,36,female,63251,Finance,Urban,Bachelor's,Married
554695020,47,female,83766,Education,Suburban,Master's,Married
554742903,35,male,51222,Education,Suburban,PhD+,Married
554750787,34,female,66082,Finance,Urban,Bachelor's,Married
554756733,36,male,81504,Technology,Suburban,PhD+,Divorced
554767392,26,female,47942,Technology,Suburban,PhD+,Single
554769645,42,male,47201,Education,Rural,Bachelor's,Divorced
554772785,31,male,72782,Finance,Urban,Bachelor's,Single
554778157,38,female,81508,Healthcare,Suburban,Bachelor's,Married
554805023,34,female,84487,Technology,Suburban,Bachelor's,Married
554836616,35,male,79901,Manufacturing,Urban,High School,Divorced
554842238,36,female,113268,Finance,Urban,Master's,Single
554843385,46,female,73829,Technology,Urban,Some College,Divorced
554847653,47,female,105723,Manufacturing,Suburban,High School,Married
554881710,34,male,43099,Healthcare,Urban,Bachelor's,Married
554887399,45,female,45530,Education,Rural,PhD+,Married
554909820,36,male,60662,Finance,Urban,Bachelor's,Divorced
554913410,36,female,79411,Finance,Urban,Master's,Divorced
554916090,34,female,69393,Healthcare,Urban,PhD+,Married
554924727,31,male,54399,Education,Urban,PhD+,Married
554927651,46,female,99005,Healthcare,Urban,Bachelor's,Married
554927726,39,female,99645,Technology,Urban,Some College,Divorced
554938925,38,female,89303,Technology,Urban,Bachelor's,Married
554943567,48,male,90102,Technology,Urban,Master's,Divorced
554959842,42,female,79154,Finance,Urban,Some College,Married
554974336,37,female,50195,Healthcare,Urban,PhD+,Married
554996563,36,male,72589,Manufacturing,Rural,Some College,Married
554998664,40,female,62996,Healthcare,Rural,Bachelor's,Married
555002447,42,male,62470,Healthcare,Urban,Master's,Married
555016872,35,female,83762,Finance,Suburban,Bachelor's,Single
555060408,47,female,77716,Education,Suburban,Bachelor's,Married
555060935,49,male,106946,Education,Suburban,Master's,Single
555100801,35,male,98869,Manufacturing,Suburban,Bachelor's,Married
555111451,43,male,58506,Retail,Urban,Bachelor's,Divorced
555118370,45,male,108076,Manufacturing,Suburban,Bachelor's,Single
555125584,40,male,103399,Technology,Urban,Master's,Married
555134382,46,female,75225,Education,Urban,Master's,Divorced
555160976,37,male,93838,Finance,Urban,PhD+,Married
555162597,27,female,71202,Manufacturing,Suburban,PhD+,Married
555189435,33,male,86635,Finance,Urban,Master's,Married
555218597,27,female,94832,Finance,Urban,Bachelor's,Married
555243750,44,male,36958,Manufacturing,Suburban,High School,Married
555247322,44,male,70225,Technology,Urban,Bachelor's,Married
555272214,28,male,60616,Services,Urban,Some College,Married
555280647,43,female,82549,Services,Rural,High School,Married
555284273,45,male,90500,Technology,Suburban,Master's,Married
555286013,50,male,100395,Manufacturing,Suburban,PhD+,Single
555297578,30,female,51693,Technology,Urban,High School,Married
555298070,56,female,67993,Technology,Suburban,Some College,Married
555302580,51,female,94826,Manufacturing,Rural,Some College,Widowed
555314682,30,male,74478,Finance,Urban,Master's,Single
555330185,33,male,67389,Healthcare,Suburban,Bachelor's,Single
555356737,49,female,103012,Technology,Suburban,Master's,Married
555362783,50,female,84485,Manufacturing,Suburban,Bachelor's,Divorced
555373493,28,male,50164,Manufacturing,Suburban,Bachelor's,Single
555376603,47,female,54628,Finance,Urban,Bachelor's,Married
555388865,44,female,100731,Technology,Suburban,PhD+,Single
555428858,30,female,75274,Technology,Urban,Master's,Single
555473129,44,female,75661,Technology,Urban,Master's,Single
555483019,30,male,44150,Healthcare,Suburban,Some College,Single
555499652,45,female,57870,Finance,Suburban,Bachelor's,Married
555523359,50,female,101977,Healthcare,Suburban,Some College,Married
555524519,35,female,76858,Manufacturing,Rural,Bachelor's,Married
555529289,35,male,30436,Education,Urban,Master's,Married
555531028,50,male,135344,Manufacturing,Suburban,Bachelor's,Divorced
555533451,40,male,108405,Manufacturing,Suburban,Some College,Married
555543045,37,male,37663,Healthcare,Urban,Bachelor's,Married
555550143,46,female,76934,Finance,Urban,Bachelor's,Single
555561728,51,female,63589,Technology,Urban,Bachelor's,Widowed
555561884,36,male,64282,Healthcare,Urban,Some College,Married
555566653,48,female,43100,Finance,Urban,PhD+,Married
555584993,45,female,90598,Technology,Urban,Bachelor's,Married
555597707,28,female,36934,Services,Urban,Some College,Single
555598861,45,female,89277,Education,Suburban,Bachelor's,Single
555621875,32,female,94513,Finance,Urban,Some College,Single
555629192,36,male,69380,Healthcare,Urban,Bachelor's,Single
555640142,48,male,25000,Retail,Urban,Master's,Married
555642783,60,female,48710,Finance,Suburban,Bachelor's,Married
555648362,29,male,73444,Manufacturing,Urban,PhD+,Single
555655192,50,female,81922,Healthcare,Suburban,Bachelor's,Married
555663929,31,male,42151,Services,Rural,Some College,Divorced
555707981,42,female,102696,Healthcare,Urban,Bachelor's,Married
555723519,56,male,85005,Education,Suburban,Master's,Married
555731739,53,male,105826,Services,Suburban,High School,Divorced
555733041,33,female,78315,Healthcare,Suburban,Some College,Single
555734854,31,male,85002,Technology,Urban,Master's,Single
555740811,36,male,46680,Manufacturing,Suburban,High School,Married
555745422,45,female,55518,Finance,Suburban,Master's,Married
555745976,51,female,60376,Finance,Urban,Bachelor's,Divorced
555778542,48,female,116283,Healthcare,Suburban,Bachelor's,Single
555791239,36,male,73032,Education,Urban,Master's,Married
555793521,36,male,77180,Manufacturing,Urban,High School,Married
555839655,38,male,57753,Services,Urban,Bachelor's,Married
555845375,31,female,79766,Technology,Suburban,PhD+,Single
555847616,44,female,46529,Technology,Urban,Bachelor's,Married
555876234,36,male,79509,Education,Urban,Master's,Divorced
555878459,30,male,91587,Technology,Suburban,PhD+,Single
555889903,46,female,121635,Retail,Suburban,High School,Married
555907113,32,female,41069,Finance,Urban,Bachelor's,Single
555908914,22,female,49580,Manufacturing,Urban,High School,Single
555990759,39,male,49131,Finance,Urban,Bachelor's,Married
555996753,55,female,102973,Technology,Urban,Master's,Married
556006132,40,male,81843,Finance,Urban,Some College,Divorced
556006890,31,female,36154,Healthcare,Suburban,PhD+,Married
556014428,39,female,53150,Healthcare,Urban,High School,Married
556017215,47,male,87989,Finance,Suburban,High School,Married
556051506,38,female,118264,Finance,Urban,Bachelor's,Married
556059427,46,female,70659,Education,Urban,Bachelor's,Married
556066981,47,male,32475,Healthcare,Urban,Master's,Married
556067486,36,female,81467,Finance,Urban,Master's,Married
556075530,43,female,57423,Services,Urban,High School,Single
556088936,35,female,63004,Finance,Urban,Some College,Married
556097821,28,female,43654,Technology,Urban,PhD+,Married
556102463,28,female,31436,Technology,Urban,High School,Married
556106445,25,male,54911,Education,Rural,Master's,Married
556215389,53,female,103432,Retail,Suburban,High School,Married
556232537,34,female,70278,Finance,Urban,Bachelor's,Single
556236442,48,female,77246,Healthcare,Urban,PhD+,Married
556240874,43,male,85975,Finance,Suburban,Master's,Divorced
556247083,49,female,73589,Education,Suburban,Master's,Divorced
556248327,43,female,60809,Manufacturing,Rural,High School,Married
556253266,41,male,81954,Technology,Urban,Bachelor's,Married
556255797,53,male,114434,Finance,Urban,PhD+,Married
556257695,32,male,61379,Healthcare,Suburban,Master's,Single
556283854,44,female,71122,Manufacturing,Suburban,Bachelor's,Divorced
556284511,43,male,75787,Finance,Suburban,Master's,Divorced
556329566,41,female,90828,Manufacturing,Suburban,Some College,Married
556330087,30,female,58175,Services,Suburban,High School,Single
556332171,48,female,70995,Finance,Urban,Some College,Single
556333241,44,female,89192,Retail,Urban,Some College,Married
556337250,44,male,54097,Retail,Urban,High School,Married
556341612,45,male,106863,Finance,Urban,Bachelor's,Divorced
556353705,52,male,100331,Services,Suburban,High School,Married
556357863,38,female,69138,Healthcare,Urban,Bachelor's,Married
556371967,26,male,30945,Healthcare,Rural,Master's,Married
556374645,41,male,93640,Other,Suburban,Master's,Married
556382794,32,male,71841,Technology,Urban,Bachelor's,Single
556418957,50,male,110559,Finance,Urban,Master's,Married
556423632,28,male,75115,Retail,Urban,Master's,Single
556428652,50,female,80355,Other,Urban,Bachelor's,Married
556432728,48,female,90889,Retail,Suburban,Bachelor's,Single
556437462,48,male,26323,Manufacturing,Urban,High School,Married
556446457,56,female,91109,Education,Suburban,Bachelor's,Married
556449526,23,female,58514,Manufacturing,Rural,Some College,Single
556456035,32,female,87197,Finance,Suburban,PhD+,Married
556459661,54,male,27474,Education,Rural,PhD+,Married
556473885,42,female,57010,Finance,Suburban,Bachelor's,Married
556506064,29,female,95478,Finance,Urban,Bachelor's,Divorced
556507826,51,male,70136,Finance,Suburban,Master's,Married
556543995,44,female,62821,Manufacturing,Urban,Some College,Married
556576630,38,male,46805,Finance,Urban,Bachelor's,Married
556580588,38,male,33258,Retail,Rural,Master's,Married
556589715,52,female,89669,Healthcare,Urban,Bachelor's,Divorced
556599734,30,female,82421,Services,Urban,High School,Single
556600816,31,male,56791,Healthcare,Suburban,Master's,Married
556609867,37,female,97516,Finance,Urban,Bachelor's,Single
556612634,34,female,63705,Manufacturing,Rural,Bachelor's,Single
556624079,50,male,93054,Finance,Urban,Some College,Married
556638261,27,male,70620,Education,Suburban,Master's,Single
556643232,28,male,80383,Technology,Urban,Some College,Single
556655011,52,male,137596,Finance,Urban,Master's,Married
556655128,46,female,118398,Healthcare,Urban,Master's,Married
556663712,39,female,83143,Technology,Suburban,Some College,Divorced
556668072,32,male,63010,Technology,Suburban,Bachelor's,Married
556680161,41,male,81162,Technology,Urban,Master's,Divorced
556685058,34,male,72001,Finance,Urban,Some College,Married
556687793,53,male,68188,Healthcare,Urban,Master's,Married
556691135,44,male,48279,Technology,Urban,Master's,Single
556691175,51,male,48027,Manufacturing,Urban,High School,Divorced
556694854,50,female,79769,Education,Urban,Master's,Single
556705167,53,female,93704,Finance,Urban,Master's,Married
556712885,40,female,72893,Finance,Suburban,Master's,Married
556716479,40,female,58448,Education,Urban,PhD+,Married
556719801,27,male,73180,Technology,Suburban,Master's,Married
556719835,42,female,79354,Technology,Urban,Master's,Single
556727830,30,male,25000,Retail,Rural,Bachelor's,Married
556728901,57,female,76820,Education,Urban,PhD+,Divorced
556728955,33,female,62285,Retail,Urban,High School,Single
556737622,54,male,72684,Education,Urban,Master's,Married
556745206,47,male,86169,Technology,Suburban,Bachelor's,Married
556752906,36,female,59422,Healthcare,Urban,High School,Divorced
556757031,45,female,103563,Finance,Urban,Some College,Married
556762183,34,male,44045,Healthcare,Rural,PhD+,Married
556762677,48,female,80712,Services,Urban,High School,Married
556763096,33,male,65675,Technology,Rural,Some College,Married
556767460,22,male,59575,Services,Urban,High School,Single
556767547,45,male,95682,Technology,Urban,Bachelor's,Married
556783475,47,female,130230,Finance,Urban,Bachelor's,Married
556785392,37,male,55647,Healthcare,Urban,Master's,Divorced
556794515,43,male,62662,Services,Urban,Some College,Single
556796351,39,male,88847,Services,Urban,High School,Divorced
556819776,42,female,76267,Services,Suburban,High School,Married
556929237,42,male,89840,Manufacturing,Suburban,High School,Married
556943332,29,female,76557,Services,Urban,Bachelor's,Single
556972024,43,male,102882,Education,Rural,Master's,Married
556976964,53,female,93246,Technology,Urban,Master's,Divorced
556977463,41,female,54932,Finance,Urban,Bachelor's,Divorced
556978626,37,female,46701,Healthcare,Suburban,Bachelor's,Divorced
556984755,50,female,92474,Manufacturing,Urban,Bachelor's,Married
556987099,55,female,68931,Healthcare,Urban,Master's,Married
556991276,40,male,57984,Finance,Urban,High School,Married
556993650,48,male,44743,Education,Suburban,Master's,Divorced
557045053,30,male,114828,Healthcare,Urban,Master's,Married
557051546,35,male,85661,Education,Suburban,Master's,Single
557053340,51,female,114802,Finance,Urban,Bachelor's,Married
557059532,33,female,61708,Education,Urban,Some College,Divorced
557063136,33,male,98600,Finance,Urban,Bachelor's,Single
557086406,42,female,65110,Finance,Urban,Bachelor's,Married
557093353,43,male,81614,Finance,Suburban,Master's,Divorced
557112335,36,female,75304,Healthcare,Suburban,Some College,Married
557113106,45,male,73619,Finance,Urban,Bachelor's,Married
557113653,25,female,37590,Healthcare,Urban,PhD+,Married
557140025,36,male,67277,Retail,Suburban,High School,Married
557147495,45,female,65152,Retail,Suburban,High School,Married
557154380,24,female,64298,Retail,Suburban,Some College,Married
557170194,33,male,69931,Other,Suburban,Bachelor's,Single
557198171,39,male,94673,Technology,Suburban,Bachelor's,Married
557219687,33,female,80584,Retail,Suburban,Bachelor's,Single
557229460,35,male,77567,Technology,Urban,PhD+,Married
557229972,31,male,64792,Technology,Urban,PhD+,Single
557234836,33,male,95207,Technology,Urban,Master's,Single
557235222,54,female,56487,Technology,Urban,Some College,Married
557242366,38,male,83418,Education,Suburban,Some College,Married
557244218,27,female,88569,Education,Urban,Master's,Married
557246257,50,female,114251,Technology,Urban,Bachelor's,Married
557254614,52,female,102428,Education,Suburban,Master's,Divorced
557277838,46,male,49032,Healthcare,Urban,Master's,Married
557281845,50,male,117154,Education,Urban,PhD+,Married
557305168,40,male,43695,Healthcare,Suburban,Bachelor's,Divorced
557306499,33,male,86926,Healthcare,Suburban,Bachelor's,Married
557316543,43,female,63457,Manufacturing,Suburban,Bachelor's,Single
557318933,57,male,112693,Manufacturing,Suburban,Bachelor's,Married
557329304,46,male,68243,Healthcare,Urban,Some College,Married
557337614,33,male,75493,Education,Urban,PhD+,Married
557340476,49,female,65512,Manufacturing,Suburban,Bachelor's,Married
557341571,48,male,51866,Technology,Suburban,PhD+,Married
557350776,47,female,95481,Manufacturing,Suburban,Some College,Divorced
557361769,41,male,25000,Finance,Urban,Bachelor's,Married
557373566,32,male,54247,Retail,Suburban,Some College,Single
557374734,50,female,56687,Finance,Suburban,High School,Married
557376264,38,male,113796,Technology,Suburban,Master's,Divorced
557387494,41,female,110234,Finance,Urban,Master's,Married
557388138,31,male,57551,Healthcare,Urban,Bachelor's,Single
557392235,39,male,73859,Technology,Urban,Bachelor's,Married
557393946,39,female,70079,Technology,Urban,Some College,Married
557395932,36,male,67812,Finance,Suburban,Master's,Married
557398127,31,female,25000,Healthcare,Urban,PhD+,Married
557420531,49,female,72597,Technology,Urban,Bachelor's,Married
557423846,33,male,92801,Retail,Suburban,Some College,Married
557439628,33,male,81363,Healthcare,Suburban,Master's,Single
557442625,23,female,55112,Retail,Suburban,High School,Single
557451598,29,male,83084,Healthcare,Suburban,High School,Married
557460661,28,female,62609,Technology,Urban,Master's,Married
557477062,35,female,92253,Manufacturing,Suburban,Some College,Married
557494063,32,female,61529,Healthcare,Urban,Bachelor's,Single
557577648,44,male,67249,Healthcare,Rural,Master's,Divorced
557586211,36,female,64649,Other,Urban,High School,Married
557649509,50,female,120133,Manufacturing,Suburban,Some College,Married
557655554,38,male,61946,Education,Urban,Master's,Divorced
557665738,45,male,58363,Technology,Rural,High School,Divorced
557697015,29,female,78167,Finance,Urban,Bachelor's,Married
557700335,46,male,75947,Manufacturing,Urban,High School,Married
557730465,43,female,65321,Technology,Urban,Master's,Married
557733799,51,female,96737,Finance,Suburban,Master's,Married
557751763,37,male,74026,Finance,Urban,Bachelor's,Married
557759608,31,male,29244,Services,Suburban,High School,Married
557763320,47,female,113578,Healthcare,Rural,PhD+,Married
557778554,30,male,76141,Healthcare,Urban,Bachelor's,Single
557788593,39,female,77568,Finance,Urban,Master's,Married
557790945,42,female,87797,Finance,Suburban,Bachelor's,Married
557802758,41,male,97158,Education,Urban,Bachelor's,Married
557808100,54,female,64105,Technology,Urban,Bachelor's,Single
557814874,43,female,87692,Manufacturing,Suburban,Some College,Married
557821343,35,male,89044,Technology,Urban,PhD+,Married
557837577,38,female,87697,Finance,Rural,Master's,Married
557877944,54,male,103480,Finance,Suburban,Master's,Divorced
557880508,48,female,65448,Education,Suburban,PhD+,Married
557882476,28,female,86158,Finance,Suburban,Master's,Married
557886843,44,male,90361,Technology,Suburban,Master's,Married
557899632,36,male,62573,Retail,Urban,Some College,Married
557903094,34,male,49041,Services,Urban,Some College,Married
557908154,47,male,28971,Manufacturing,Suburban,High School,Married
557925385,37,male,79188,Retail,Suburban,Bachelor's,Married
557932309,37,male,80957,Other,Suburban,Bachelor's,Divorced
557936841,27,male,77390,Services,Suburban,Some College,Married
557940777,28,female,58346,Healthcare,Urban,Bachelor's,Married
557942055,50,female,77159,Healthcare,Rural,Master's,Married
557961374,41,female,53485,Education,Urban,PhD+,Married
557965899,39,female,71530,Finance,Urban,Master's,Married
557967344,48,male,65455,Technology,Urban,Bachelor's,Married
557973001,27,female,105760,Healthcare,Urban,Some College,Married
557982106,35,female,80425,Education,Urban,Master's,Married
557988114,48,female,100234,Education,Urban,PhD+,Married
557997061,31,male,78903,Education,Rural,Bachelor's,Married
558007818,45,female,102464,Healthcare,Urban,Master's,Divorced
558025221,49,female,98907,Education,Suburban,Master's,Married
558025600,45,female,99616,Finance,Urban,Bachelor's,Married
558035852,43,female,99036,Manufacturing,Suburban,Some College,Married
558038000,34,female,67549,Healthcare,Suburban,Master's,Married
558041050,41,female,63344,Healthcare,Rural,Some College,Married
558045246,49,female,62239,Finance,Urban,PhD+,Married
558047961,37,male,70361,Healthcare,Urban,Bachelor's,Single
558062829,27,male,80349,Services,Urban,Bachelor's,Married
558065436,49,female,133451,Manufacturing,Suburban,Bachelor's,Married
558066302,26,female,60771,Retail,Urban,Master's,Single
558069593,35,male,73229,Healthcare,Urban,Master's,Married
558074846,37,male,80606,Healthcare,Urban,Bachelor's,Married
558109146,36,male,72120,Finance,Urban,Master's,Married
558160337,51,male,75932,Services,Urban,Some College,Married
558172497,23,male,61241,Education,Urban,Master's,Single
558178740,43,male,70454,Education,Urban,Bachelor's,Married
558183776,34,male,65765,Education,Urban,Bachelor's,Married
558186321,41,female,79607,Finance,Suburban,Some College,Single
558196069,53,male,109999,Technology,Urban,Master's,Married
558208252,45,male,77534,Manufacturing,Suburban,PhD+,Single
558250791,44,male,76333,Technology,Urban,High School,Divorced
558262297,41,male,59550,Healthcare,Urban,Bachelor's,Married
558275823,34,male,67918,Technology,Urban,Master's,Divorced
558287302,51,female,64455,Finance,Urban,High School,Divorced
558288604,37,female,78339,Technology,Suburban,Bachelor's,Married
558289774,31,female,63981,Education,Rural,Bachelor's,Single
558296743,49,female,103377,Technology,Suburban,Some College,Married
558300018,43,female,112886,Manufacturing,Rural,High School,Married
558317034,35,female,86194,Technology,Suburban,Master's,Married
558320701,38,male,51509,Manufacturing,Suburban,High School,Married
558330990,55,male,99174,Technology,Urban,Bachelor's,Divorced
558338384,41,female,103779,Healthcare,Suburban,Master's,Married
558342892,35,female,62940,Retail,Urban,Bachelor's,Married
558343406,52,female,45605,Finance,Urban,Bachelor's,Divorced
558353877,36,male,90977,Healthcare,Urban,Bachelor's,Single
558412320,33,male,62316,Technology,Urban,PhD+,Single
558420737,40,female,95892,Healthcare,Suburban,Bachelor's,Divorced
558430622,37,male,87611,Healthcare,Suburban,Bachelor's,Married
558444979,39,female,69959,Finance,Urban,Some College,Divorced
558451785,50,female,100793,Retail,Urban,Bachelor's,Married
558461046,23,female,48059,Retail,Urban,Bachelor's,Single
558474523,35,male,69164,Retail,Urban,Bachelor's,Single
558488612,34,female,98411,Technology,Urban,Bachelor's,Married
558496599,36,male,38715,Education,Rural,Master's,Married
558498504,48,male,77008,Healthcare,Urban,Some College,Married
558511410,36,male,26441,Education,Suburban,Master's,Divorced
558533792,39,female,46955,Technology,Urban,Master's,Divorced
558542079,51,female,72881,Finance,Urban,Bachelor's,Divorced
558570739,26,male,40056,Technology,Urban,Master's,Married
558587341,40,female,95917,Finance,Rural,Some College,Married
558601582,36,male,51088,Finance,Urban,Master's,Divorced
558649397,23,female,82182,Finance,Urban,Bachelor's,Single
558666878,52,female,84335,Healthcare,Suburban,Bachelor's,Single
558682651,47,female,96739,Education,Suburban,Master's,Married
558683051,31,male,66498,Education,Urban,Bachelor's,Married
558685682,49,female,83856,Education,Rural,Master's,Married
558698898,40,female,51409,Healthcare,Urban,Master's,Married
558703290,33,female,38286,Services,Urban,High School,Single
558706097,39,male,59536,Healthcare,Urban,PhD+,Married
558718940,47,female,82418,Retail,Urban,High School,Married
558720068,26,female,89410,Healthcare,Suburban,Bachelor's,Married
558725249,35,female,50630,Other,Urban,Bachelor's,Married
558744779,31,female,98256,Technology,Suburban,Bachelor's,Married
558756704,44,female,80251,Healthcare,Urban,Bachelor's,Divorced
558756872,55,male,81247,Technology,Urban,Bachelor's,Single
558760120,52,female,77621,Finance,Suburban,PhD+,Married
558774915,53,male,101815,Manufacturing,Suburban,Master's,Married
558778388,42,female,106626,Education,Rural,Master's,Divorced
558784312,41,female,87037,Technology,Suburban,Master's,Married
558788150,48,male,42973,Technology,Urban,PhD+,Married
558796783,16,female,71187,Services,Urban,Master's,Single
558817454,41,female,105795,Technology,Urban,PhD+,Married
558820056,35,female,70088,Technology,Urban,Bachelor's,Divorced
558825192,47,female,83832,Finance,Suburban,PhD+,Married
558835451,44,female,131922,Retail,Urban,Master's,Single
558842379,43,male,91979,Finance,Suburban,Bachelor's,Married
558849133,39,female,87436,Healthcare,Urban,Master's,Widowed
558854212,53,female,62964,Finance,Urban,High School,Married
558860669,39,female,82846,Education,Rural,PhD+,Married
558861721,27,female,69393,Finance,Urban,Master's,Married
558871476,42,male,80408,Retail,Urban,Master's,Single
558884996,26,male,65456,Education,Rural,Master's,Single
558907350,42,female,71374,Healthcare,Urban,Some College,Married
558910588,39,male,72774,Healthcare,Suburban,Some College,Married
558926417,57,female,103914,Healthcare,Suburban,Bachelor's,Married
558944111,33,male,66209,Retail,Urban,Bachelor's,Married
558991632,43,female,65177,Technology,Urban,Master's,Single
558994472,54,male,89422,Healthcare,Rural,Master's,Divorced
558995713,42,female,67610,Finance,Urban,Some College,Married
558999944,37,female,62691,Finance,Urban,Master's,Married
559003085,35,male,61040,Retail,Urban,High School,Divorced
559007613,44,male,83934,Manufacturing,Suburban,Bachelor's,Married
559009251,46,male,56420,Technology,Urban,Some College,Divorced
559024362,38,female,60118,Finance,Urban,Master's,Married
559025797,42,male,91345,Technology,Suburban,Master's,Married
559032730,36,female,75941,Retail,Urban,High School,Married
559049911,44,male,71439,Manufacturing,Urban,High School,Divorced
559051770,31,male,50940,Healthcare,Urban,Bachelor's,Single
559065243,46,female,53974,Healthcare,Urban,Some College,Divorced
559067648,44,male,63638,Services,Rural,Bachelor's,Married
559087078,52,female,91560,Healthcare,Urban,Some College,Married
559087524,31,male,41239,Finance,Rural,Bachelor's,Married
559096310,24,male,52414,Manufacturing,Urban,Master's,Single
559107583,27,female,66379,Healthcare,Rural,Master's,Married
559108537,31,male,86973,Finance,Suburban,Bachelor's,Married
559121253,45,male,76232,Services,Urban,Bachelor's,Divorced
559125041,23,male,85382,Finance,Rural,Master's,Single
559130670,35,male,43622,Finance,Urban,Some College,Married
559131525,40,female,33683,Retail,Suburban,High School,Married
559131940,36,female,115917,Finance,Rural,PhD+,Divorced
559132868,44,female,88727,Healthcare,Suburban,Bachelor's,Married
559137969,24,male,53952,Technology,Suburban,Some College,Single
559141574,42,female,48568,Healthcare,Urban,PhD+,Married
559152863,38,male,117733,Education,Urban,Bachelor's,Single
559156798,28,male,37848,Retail,Urban,High School,Married
559165285,53,male,107549,Services,Urban,High School,Divorced
559169671,34,female,84216,Technology,Urban,Bachelor's,Married
559177123,32,male,49010,Retail,Urban,High School,Single
559192377,36,male,104300,Healthcare,Suburban,Master's,Married
559199128,51,male,97140,Healthcare,Urban,High School,Widowed
559199189,40,female,93878,Technology,Urban,Some College,Married
559207253,47,male,98161,Manufacturing,Urban,Some College,Single
559210394,40,female,84647,Retail,Suburban,Bachelor's,Married
559221664,25,female,69015,Services,Urban,Some College,Married
559238331,43,female,114504,Education,Urban,Bachelor's,Single
559244862,41,female,64464,Education,Urban,Bachelor's,Married
559249817,34,female,49691,Services,Urban,High School,Married
559256030,33,male,74447,Retail,Urban,Some College,Married
559257416,44,female,94304,Education,Suburban,Master's,Married
559257908,46,female,96919,Healthcare,Suburban,PhD+,Married
559264973,37,male,105783,Finance,Urban,Bachelor's,Divorced
559271262,26,male,64314,Technology,Urban,Bachelor's,Single
559274054,53,male,74317,Finance,Urban,Some College,Married
559292164,43,male,93558,Education,Suburban,Master's,Married
559323527,39,female,71983,Healthcare,Suburban,Some College,Married
559324827,48,male,84013,Retail,Urban,Some College,Married
559325595,58,female,98567,Education,Urban,PhD+,Married
559332614,34,female,74353,Finance,Suburban,Master's,Married
559333721,40,male,75494,Finance,Urban,Master's,Single
559340269,43,male,96134,Manufacturing,Suburban,Bachelor's,Single
559357539,32,female,38465,Services,Urban,Bachelor's,Single
559360689,24,male,81156,Manufacturing,Suburban,High School,Single
559380596,45,female,52226,Healthcare,Urban,Master's,Single
559395197,50,male,102827,Education,Suburban,Bachelor's,Widowed
559401328,49,female,64399,Education,Urban,Bachelor's,Married
559422531,53,female,85936,Education,Urban,Some College,Married
559430277,42,male,120272,Finance,Urban,Master's,Divorced
559431869,60,male,38065,Services,Suburban,Bachelor's,Married
559435880,33,male,71104,Technology,Urban,Master's,Married
559437218,43,male,77166,Healthcare,Urban,Master's,Married
559464943,44,female,64734,Education,Urban,PhD+,Married
559468161,36,female,48568,Finance,Urban,Bachelor's,Married
559469054,33,female,85024,Technology,Urban,High School,Married
559474395,48,female,60571,Education,Rural,Some College,Single
559481103,22,male,72219,Services,Urban,High School,Single
559485389,53,female,115333,Manufacturing,Suburban,High School,Married
559485709,32,male,92875,Education,Rural,Some College,Married
559499344,33,female,59205,Technology,Urban,Bachelor's,Married
559507146,35,male,106556,Finance,Urban,Master's,Married
559511930,48,male,64056,Retail,Urban,Some College,Married
559512811,42,male,85508,Education,Suburban,Master's,Married
559524572,24,male,37571,Retail,Suburban,High School,Married
559539580,39,female,58831,Healthcare,Urban,Master's,Divorced
559544674,48,male,89546,Education,Urban,Master's,Married
559545581,46,male,104718,Finance,Suburban,Some College,Married
559550015,38,male,25135,Services,Urban,Some College,Divorced
559554789,35,female,83750,Manufacturing,Suburban,High School,Single
559555398,29,male,39602,Retail,Urban,High School,Married
559555527,34,female,26375,Manufacturing,Rural,High School,Single
559560466,33,male,29994,Services,Suburban,Bachelor's,Divorced
559562721,25,male,42892,Services,Urban,High School,Married
559563796,48,male,101133,Finance,Urban,Master's,Single
559582705,60,female,93243,Finance,Urban,Bachelor's,Divorced
559585368,34,male,85311,Technology,Urban,Bachelor's,Married
559605535,35,male,125720,Retail,Rural,Bachelor's,Married
559666162,38,male,54944,Technology,Urban,Bachelor's,Married
559670088,51,female,89308,Manufacturing,Urban,High School,Married
559673326,46,female,102038,Technology,Suburban,Master's,Married
559675325,35,male,61706,Technology,Rural,High School,Married
559677071,45,male,98990,Finance,Urban,Some College,Single
559678362,46,male,80110,Finance,Suburban,Master's,Married
559683204,28,female,123933,Healthcare,Urban,High School,Married
559694887,27,male,47074,Technology,Rural,Bachelor's,Married
559700140,30,female,69496,Services,Urban,Bachelor's,Single
559704383,38,female,28556,Education,Urban,PhD+,Married
559716266,47,female,97034,Healthcare,Rural,Bachelor's,Married
559726097,35,male,66096,Other,Urban,Some College,Married
559733154,38,male,52574,Healthcare,Urban,Bachelor's,Married
559740966,47,male,75124,Technology,Urban,Bachelor's,Married
559751171,32,female,56316,Retail,Urban,Some College,Married
559761383,60,female,66436,Healthcare,Urban,Bachelor's,Single
559767769,38,male,108757,Finance,Suburban,Bachelor's,Married
559768708,31,female,58972,Other,Urban,Bachelor's,Married
559773104,47,male,98613,Technology,Suburban,PhD+,Single
559775542,37,female,71851,Manufacturing,Urban,High School,Married
559776389,46,male,81644,Technology,Urban,High School,Married
559784789,47,male,102664,Education,Suburban,Bachelor's,Married
559786514,38,male,69371,Technology,Suburban,Bachelor's,Married
559787647,40,female,46015,Healthcare,Suburban,Bachelor's,Married
559789964,41,male,62792,Finance,Urban,Master's,Married
559803871,34,female,72591,Finance,Suburban,Master's,Married
559811844,48,female,113191,Technology,Suburban,Bachelor's,Married
559821251,45,female,79916,Finance,Urban,Master's,Married
559827142,48,male,71354,Technology,Urban,Master's,Married
559828037,41,female,95262,Finance,Urban,Bachelor's,Married
559832033,32,female,52455,Finance,Urban,Bachelor's,Single
559843043,45,female,80178,Technology,Urban,Master's,Divorced
559854520,33,male,65439,Healthcare,Urban,Master's,Married
559862261,48,female,81032,Technology,Urban,Bachelor's,Single
559881415,46,male,68305,Finance,Rural,Master's,Divorced
559883076,40,male,129946,Healthcare,Suburban,Bachelor's,Single
559899598,45,male,99614,Finance,Urban,Bachelor's,Married
559930009,47,female,103425,Healthcare,Suburban,Bachelor's,Married
559974752,36,female,52936,Healthcare,Urban,High School,Married
559983292,45,male,67296,Finance,Urban,Bachelor's,Married
559983485,41,male,78551,Finance,Urban,Bachelor's,Married
559984799,39,female,98646,Manufacturing,Urban,Some College,Married
559986486,38,male,105722,Finance,Urban,Bachelor's,Single
559987693,40,male,72064,Finance,Urban,Bachelor's,Married
559997065,47,female,47268,Healthcare,Suburban,Bachelor's,Married
560012435,50,female,91867,Finance,Suburban,Master's,Married
560013647,47,male,67693,Manufacturing,Suburban,Bachelor's,Single
560022325,40,female,100846,Technology,Suburban,PhD+,Married
560025161,28,male,53386,Manufacturing,Suburban,High School,Married
560030332,44,female,121882,Finance,Suburban,PhD+,Married
560036667,44,male,74804,Technology,Suburban,Bachelor's,Married
560047592,54,male,97288,Manufacturing,Suburban,Bachelor's,Married
560057885,41,male,67112,Manufacturing,Urban,Bachelor's,Married
560061239,46,male,58806,Education,Suburban,PhD+,Married
560073844,51,female,110971,Services,Urban,Some College,Married
560074700,33,male,75112,Other,Urban,Bachelor's,Single
560098076,48,female,92941,Healthcare,Rural,Bachelor's,Divorced
560099976,42,male,94748,Healthcare,Suburban,Bachelor's,Married
560111964,35,female,104689,Healthcare,Urban,Bachelor's,Married
560122920,25,female,44364,Technology,Urban,Master's,Single
560122972,55,female,85487,Retail,Rural,High School,Married
560140540,43,female,42097,Technology,Urban,Master's,Married
560145190,45,female,72493,Technology,Urban,Master's,Married
560157827,42,female,105630,Services,Rural,High School,Single
560159284,49,male,136798,Healthcare,Suburban,Bachelor's,Single
560165444,42,male,47522,Technology,Urban,PhD+,Divorced
560182536,41,male,56722,Technology,Urban,Some College,Divorced
560185215,30,male,70775,Other,Urban,Bachelor's,Single
560226941,42,female,53385,Education,Suburban,Master's,Divorced
560227927,43,female,37628,Healthcare,Suburban,Bachelor's,Married
560228886,41,female,34385,Manufacturing,Rural,Bachelor's,Married
560231449,42,female,119191,Finance,Urban,Master's,Married
560259385,51,female,79653,Education,Urban,Master's,Divorced
560322639,34,male,75609,Healthcare,Suburban,Master's,Single
560327949,34,male,90025,Finance,Urban,Some College,Married
560332033,50,female,64464,Services,Urban,Bachelor's,Married
560332855,34,male,91168,Manufacturing,Suburban,Bachelor's,Married
560357369,49,female,78822,Manufacturing,Urban,High School,Married
560362134,40,female,80934,Retail,Urban,High School,Divorced
560373085,34,male,86758,Retail,Suburban,High School,Single
560383197,51,male,116047,Healthcare,Urban,Bachelor's,Married
560383298,46,female,113161,Technology,Suburban,Bachelor's,Single
560397472,49,female,133051,Finance,Suburban,Master's,Married
560412778,53,male,56986,Services,Rural,Some College,Married
560425190,45,female,47527,Technology,Urban,Master's,Divorced
560426451,38,male,72479,Finance,Rural,PhD+,Divorced
560427385,42,male,72841,Healthcare,Urban,Master's,Married
560453084,38,male,48466,Healthcare,Suburban,Master's,Single
560453252,32,female,90458,Education,Rural,Master's,Married
560467950,47,male,98934,Technology,Suburban,PhD+,Married
560471121,42,male,84658,Healthcare,Suburban,PhD+,Married
560474669,30,female,63563,Education,Urban,Master's,Married
560488755,33,female,91064,Services,Urban,Some College,Married
560489834,48,male,55184,Healthcare,Suburban,Master's,Married
560490671,40,female,64256,Technology,Urban,Bachelor's,Married
560490690,39,male,82486,Services,Suburban,Bachelor's,Married
560493548,48,male,80506,Services,Suburban,Bachelor's,Married
560493815,42,female,88905,Education,Suburban,PhD+,Married
560503232,56,female,135776,Technology,Suburban,PhD+,Married
560509994,34,male,89458,Technology,Suburban,Bachelor's,Married
560510737,42,female,72126,Manufacturing,Urban,Some College,Married
560516726,50,male,84764,Services,Urban,High School,Divorced
560517847,47,female,87729,Technology,Suburban,Bachelor's,Married
560527953,42,female,43247,Finance,Urban,PhD+,Single
560542282,39,female,48881,Education,Urban,Master's,Married
560549572,48,male,41136,Technology,Suburban,Bachelor's,Married
560550112,38,female,70653,Education,Urban,Bachelor's,Single
560559324,32,female,89571,Technology,Urban,Bachelor's,Married
560565952,47,male,33996,Retail,Urban,Master's,Married
560588977,66,male,69173,Services,Urban,Bachelor's,Married
560590191,34,male,57594,Manufacturing,Urban,High School,Married
560591383,40,male,81919,Finance,Suburban,Some College,Married
560608512,52,male,124144,Manufacturing,Rural,Some College,Married
560615082,28,female,93985,Technology,Urban,Bachelor's,Married
560622832,37,male,106302,Finance,Urban,Some College,Married
560665301,55,male,113018,Technology,Suburban,Bachelor's,Married
560669146,36,male,57045,Finance,Urban,Some College,Married
560678003,43,male,58520,Technology,Urban,Master's,Married
560678161,52,female,81961,Education,Rural,Master's,Widowed
560685596,37,male,88064,Technology,Suburban,Master's,Divorced
560706349,31,female,54673,Technology,Urban,Some College,Married
560724918,35,female,90535,Healthcare,Rural,Bachelor's,Single
560745948,56,male,124703,Healthcare,Suburban,Master's,Married
560777877,43,male,91982,Manufacturing,Urban,Bachelor's,Married
560784902,40,female,79387,Healthcare,Urban,Bachelor's,Single
560785332,33,male,95776,Services,Rural,Bachelor's,Married
560793757,49,female,106414,Technology,Urban,Master's,Married
560806915,35,female,90799,Finance,Suburban,Bachelor's,Single
560810790,30,male,59813,Manufacturing,Urban,Bachelor's,Single
560811391,48,female,52729,Healthcare,Urban,Master's,Married
560820639,27,female,71134,Education,Urban,Master's,Single
560826785,32,female,49341,Healthcare,Urban,Bachelor's,Married
560830847,34,female,55175,Technology,Urban,Bachelor's,Single
560831786,35,male,48516,Other,Urban,Bachelor's,Married
560832187,55,female,92217,Manufacturing,Rural,Some College,Divorced
560834511,44,female,103816,Technology,Urban,Bachelor's,Married
560859100,31,male,38604,Retail,Urban,Some College,Married
560875776,19,male,68079,Healthcare,Urban,Bachelor's,Single
560885145,19,male,85884,Technology,Urban,Bachelor's,Single
560888344,52,female,101817,Manufacturing,Urban,High School,Married
560895287,44,female,132543,Other,Suburban,Bachelor's,Single
560901232,46,male,96409,Education,Urban,Master's,Married
560902039,32,male,92186,Technology,Urban,Master's,Married
560906457,26,female,48724,Manufacturing,Urban,Bachelor's,Single
560919962,27,female,78125,Healthcare,Suburban,Master's,Single
560923680,42,male,84548,Manufacturing,Suburban,High School,Divorced
560933091,48,male,69095,Education,Suburban,Master's,Married
560935349,42,female,39541,Services,Urban,High School,Divorced
560946373,47,female,113718,Retail,Urban,High School,Married
560991587,39,male,89444,Technology,Urban,Some College,Married
560994903,36,male,50264,Technology,Urban,Master's,Married
561035777,37,female,122717,Technology,Urban,Bachelor's,Married
561050612,46,male,54419,Finance,Urban,Master's,Married
561054422,42,male,69793,Education,Urban,PhD+,Married
561056862,41,female,67260,Other,Urban,Master's,Single
561071998,32,male,66861,Education,Urban,Master's,Married
561078368,36,female,66333,Technology,Suburban,Master's,Divorced
561088342,30,female,112809,Technology,Suburban,Bachelor's,Married
561092268,47,female,85596,Retail,Urban,High School,Married
561096203,27,male,64857,Finance,Urban,Bachelor's,Married
561099467,45,male,98428,Finance,Urban,Master's,Married
561099985,30,male,74307,Retail,Suburban,Some College,Single
561113676,40,female,81114,Technology,Urban,Some College,Married
561121129,51,male,54691,Manufacturing,Urban,High School,Married
561122981,53,female,75046,Manufacturing,Rural,High School,Married
561151979,49,male,58382,Healthcare,Urban,High School,Married
561154482,28,male,61969,Technology,Urban,Some College,Single
561164620,34,male,51646,Retail,Urban,Bachelor's,Single
561167811,21,male,27136,Retail,Urban,High School,Single
561174161,36,female,68528,Healthcare,Suburban,Master's,Divorced
561187481,48,male,34795,Healthcare,Urban,Bachelor's,Married
561200246,44,female,43308,Services,Suburban,High School,Married
561201279,34,female,50666,Technology,Urban,Some College,Single
561208719,44,female,74619,Healthcare,Urban,Bachelor's,Married
561241346,36,female,68242,Technology,Urban,Master's,Married
561248108,34,female,72750,Technology,Suburban,Bachelor's,Single
561258395,44,male,28706,Finance,Urban,Master's,Married
561264107,44,female,87873,Healthcare,Rural,Bachelor's,Married
561275779,53,female,91547,Healthcare,Urban,Bachelor's,Divorced
561277952,30,female,70262,Retail,Urban,High School,Married
561295855,49,male,80889,Manufacturing,Suburban,Some College,Married
561298429,31,female,49065,Technology,Urban,Bachelor's,Married
561300013,37,male,76659,Technology,Urban,Master's,Married
561307426,38,male,82958,Finance,Suburban,PhD+,Married
561310674,30,male,31744,Healthcare,Urban,PhD+,Single
561351665,45,female,75183,Finance,Urban,High School,Married
561383111,49,male,78992,Finance,Urban,PhD+,Single
561390903,38,female,32445,Healthcare,Rural,Bachelor's,Married
561390953,33,male,83351,Retail,Suburban,Bachelor's,Married
561401043,53,male,92579,Healthcare,Urban,PhD+,Married
561402205,54,male,79498,Healthcare,Urban,Master's,Married
561423160,35,male,93032,Finance,Urban,Bachelor's,Married
561436577,47,female,79900,Technology,Urban,PhD+,Married
561445309,50,female,40851,Education,Urban,Master's,Married
561445709,45,male,68290,Technology,Urban,Bachelor's,Married
561449953,36,male,89882,Technology,Urban,PhD+,Divorced
561456425,45,female,103370,Healthcare,Suburban,Master's,Single
561478377,38,female,27211,Education,Urban,Master's,Married
561479306,25,male,70353,Services,Suburban,Bachelor's,Married
561495587,33,female,62648,Manufacturing,Urban,High School,Married
561515034,41,female,83103,Finance,Urban,Master's,Divorced
561519149,40,female,95710,Education,Suburban,PhD+,Single
561525353,34,male,56737,Technology,Suburban,Master's,Single
561528183,39,female,59879,Manufacturing,Urban,Some College,Married
561532115,36,female,96185,Technology,Urban,PhD+,Married
561545016,43,female,97767,Technology,Urban,Some College,Divorced
561554933,45,male,68092,Technology,Urban,Bachelor's,Married
561563177,40,male,61211,Finance,Urban,PhD+,Single
561563407,36,female,75554,Finance,Rural,Master's,Married
561565434,35,male,48683,Technology,Urban,High School,Widowed
561569318,50,female,76286,Services,Urban,High School,Married
561587750,38,male,43104,Healthcare,Urban,Master's,Divorced
561593478,37,female,77703,Retail,Suburban,Bachelor's,Married
561594136,36,female,67482,Education,Urban,Bachelor's,Married
561596310,32,male,55127,Other,Suburban,Master's,Single
561599481,31,female,77573,Manufacturing,Rural,Some College,Married
561609482,22,male,56766,Retail,Urban,High School,Single
561620176,45,female,73863,Manufacturing,Urban,Some College,Married
561633787,33,male,113758,Technology,Urban,Bachelor's,Single
561665125,47,male,42946,Technology,Urban,Some College,Married
561669315,51,male,73342,Finance,Urban,Bachelor's,Widowed
561707154,34,male,25000,Services,Rural,High School,Married
561710731,38,male,45086,Retail,Urban,High School,Married
561712136,29,male,89232,Technology,Urban,Bachelor's,Married
561743667,33,male,48552,Services,Urban,Bachelor's,Single
561750943,33,male,61276,Retail,Urban,Bachelor's,Single
561759014,43,male,73621,Education,Urban,PhD+,Divorced
561768405,38,female,89880,Healthcare,Suburban,Master's,Divorced
561773209,40,male,113117,Education,Urban,Master's,Married
561779531,41,male,64593,Education,Urban,Some College,Married
561786338,40,male,107799,Other,Rural,Master's,Married
561787183,32,female,57686,Healthcare,Suburban,Some College,Married
561793985,49,male,60912,Services,Suburban,Some College,Married
561800770,29,female,67768,Services,Urban,Bachelor's,Single
561811482,43,male,58741,Manufacturing,Urban,High School,Married
561818856,33,male,72404,Technology,Urban,Master's,Married
561822601,37,female,100258,Healthcare,Suburban,Master's,Married
561837556,47,female,63794,Finance,Urban,Bachelor's,Married
561851629,38,male,85655,Technology,Urban,Bachelor's,Married
561852666,23,female,58024,Retail,Rural,High School,Single
561856223,35,male,56653,Finance,Urban,Master's,Married
561874098,31,male,77554,Education,Urban,Master's,Single
561879047,39,male,61758,Technology,Urban,Bachelor's,Married
561888189,30,female,112282,Retail,Urban,High School,Single
561897957,53,male,99934,Healthcare,Urban,Some College,Married
561901662,36,female,74998,Healthcare,Suburban,Master's,Married
561902511,42,female,46730,Technology,Urban,Master's,Divorced
561920765,27,male,37160,Technology,Urban,Master's,Married
561921989,42,female,73614,Technology,Urban,Bachelor's,Single
561923165,35,male,86343,Education,Urban,Master's,Married
561932819,31,female,94529,Manufacturing,Suburban,High School,Single
561964977,32,female,81283,Education,Suburban,Master's,Married
561966901,46,female,100266,Education,Urban,Master's,Married
561971996,59,male,74622,Manufacturing,Suburban,High School,Married
561972568,47,female,86491,Finance,Urban,Master's,Married
561982623,51,female,109166,Education,Rural,Master's,Married
561983587,45,female,98254,Technology,Urban,Master's,Married
561990340,35,male,119642,Healthcare,Rural,Bachelor's,Married
561994693,41,female,84183,Finance,Urban,Bachelor's,Married
561999929,36,male,47513,Manufacturing,Urban,Some College,Married
562017018,22,male,74535,Technology,Suburban,Bachelor's,Single
562019769,49,male,104911,Finance,Suburban,Bachelor's,Married
562022533,45,male,96822,Healthcare,Suburban,Some College,Single
562026006,42,male,49285,Technology,Urban,High School,Married
562029024,50,male,79625,Healthcare,Suburban,High School,Married
562086111,44,female,87777,Education,Urban,Bachelor's,Widowed
562088197,62,female,91823,Healthcare,Suburban,Bachelor's,Divorced
562092159,42,male,67046,Education,Rural,Master's,Single
562101677,34,male,74308,Finance,Urban,Some College,Single
562102760,35,female,56870,Retail,Urban,Some College,Married
562112976,32,male,81364,Retail,Urban,Some College,Single
562125421,48,male,88855,Healthcare,Suburban,PhD+,Single
562139327,44,female,58054,Technology,Urban,Bachelor's,Married
562142176,42,female,72953,Other,Rural,Bachelor's,Married
562171960,42,female,93298,Manufacturing,Urban,Some College,Married
562218043,39,female,50596,Healthcare,Rural,Master's,Married
562225509,48,male,99896,Retail,Suburban,Bachelor's,Married
562227221,35,female,56295,Healthcare,Urban,Bachelor's,Married
562229897,56,female,112880,Technology,Rural,PhD+,Married
562237430,37,female,30965,Services,Rural,Bachelor's,Married
562249598,26,male,55000,Services,Urban,High School,Single
562261159,37,female,66166,Education,Rural,Master's,Divorced
562287598,42,male,80193,Retail,Urban,Bachelor's,Married
562293640,54,male,107416,Healthcare,Suburban,Master's,Divorced
562308702,45,male,83890,Healthcare,Suburban,Bachelor's,Married
562308766,37,male,82003,Education,Suburban,Bachelor's,Married
562309998,36,female,79155,Finance,Urban,Bachelor's,Married
562316293,45,male,52244,Services,Rural,High School,Married
562335451,39,male,99478,Education,Urban,Bachelor's,Married
562338602,40,female,62315,Healthcare,Suburban,Bachelor's,Married
562350534,47,female,79662,Manufacturing,Rural,Bachelor's,Married
562351799,31,male,81303,Technology,Urban,Bachelor's,Single
562444578,21,male,25030,Services,Rural,Bachelor's,Single
562447372,38,male,85159,Finance,Suburban,PhD+,Married
562450073,40,female,68563,Technology,Urban,Master's,Married
562452237,47,female,93385,Manufacturing,Suburban,Bachelor's,Single
562454546,38,female,67846,Education,Urban,Master's,Married
562459983,37,female,69774,Services,Suburban,Bachelor's,Divorced
562476243,36,female,53117,Other,Urban,Master's,Married
562479897,48,female,98924,Education,Urban,Master's,Married
562490418,36,male,84373,Finance,Suburban,Master's,Married
562495218,48,female,122838,Retail,Suburban,Some College,Divorced
562495308,36,female,70538,Healthcare,Urban,Master's,Single
562495555,56,male,85043,Education,Suburban,Bachelor's,Married
562504636,33,male,61339,Finance,Urban,Master's,Married
562526150,38,male,74275,Education,Suburban,Master's,Married
562528754,55,male,65730,Services,Suburban,High School,Married
562537535,55,female,102222,Finance,Urban,PhD+,Married
562559213,34,female,45389,Retail,Urban,Some College,Single
562559419,55,female,101911,Finance,Suburban,Some College,Married
562562519,39,female,68124,Education,Suburban,Master's,Married
562574293,46,female,95972,Technology,Urban,Bachelor's,Married
562581778,36,female,60992,Technology,Urban,Master's,Divorced
562590211,39,female,71730,Other,Rural,Bachelor's,Married
562595876,45,male,25000,Manufacturing,Rural,Master's,Married
562615118,40,male,104106,Healthcare,Suburban,Master's,Married
562622215,34,male,75314,Services,Urban,High School,Divorced
562623735,37,female,60385,Healthcare,Urban,Master's,Married
562628773,44,female,69460,Education,Urban,Bachelor's,Married
562637491,33,male,105840,Healthcare,Suburban,Bachelor's,Married
562656986,45,female,76231,Healthcare,Urban,Bachelor's,Married
562667740,29,female,59127,Education,Urban,PhD+,Married
562671056,34,female,53263,Finance,Urban,Master's,Single
562677231,45,male,102470,Finance,Urban,Master's,Divorced
562703748,30,female,88459,Education,Suburban,Master's,Single
562708566,36,male,109545,Manufacturing,Suburban,High School,Married
562710711,34,male,76509,Technology,Urban,Master's,Married
562723798,49,male,57821,Finance,Urban,Some College,Married
562723955,44,male,66723,Healthcare,Rural,High School,Married
562730236,35,female,72895,Services,Rural,Bachelor's,Single
562788815,39,female,59390,Finance,Urban,Master's,Single
562806548,28,female,55520,Technology,Urban,Bachelor's,Married
562812971,41,female,96067,Retail,Suburban,Some College,Divorced
562813990,34,female,60035,Technology,Urban,Bachelor's,Single
562817635,31,male,88290,Technology,Urban,PhD+,Married
562825415,41,female,77832,Education,Urban,Bachelor's,Married
562833428,43,male,73429,Healthcare,Urban,Master's,Married
562836004,33,female,60862,Healthcare,Suburban,Master's,Married
562838902,48,male,115649,Technology,Suburban,Master's,Married
562839221,36,female,63714,Finance,Urban,Master's,Married
562844250,34,female,85307,Education,Suburban,Master's,Single
562844865,46,female,73015,Technology,Urban,Bachelor's,Married
562849695,57,female,56576,Finance,Urban,Master's,Divorced
562850008,46,male,103413,Technology,Suburban,PhD+,Married
562853633,37,female,104344,Manufacturing,Suburban,Some College,Single
562854940,48,male,68251,Retail,Urban,Bachelor's,Married
562871352,49,female,103439,Education,Urban,Bachelor's,Married
562875445,39,male,68437,Manufacturing,Urban,High School,Married
562878677,34,male,92408,Manufacturing,Suburban,PhD+,Married
562902049,38,female,60033,Manufacturing,Urban,High School,Single
562906344,33,male,51805,Education,Suburban,Bachelor's,Single
562913132,48,male,107005,Finance,Urban,Bachelor's,Single
562928168,53,male,101025,Finance,Urban,Master's,Married
562943096,40,female,37968,Education,Suburban,Master's,Married
562955505,45,male,84785,Finance,Urban,PhD+,Married
562955734,45,male,62135,Finance,Suburban,Bachelor's,Married
562978653,38,male,73009,Services,Urban,High School,Married
563002035,35,female,40815,Technology,Suburban,Some College,Married
563020567,34,female,85369,Healthcare,Urban,PhD+,Married
563024586,53,male,153689,Healthcare,Urban,Master's,Divorced
563025586,40,female,58603,Retail,Suburban,High School,Divorced
563028670,44,male,77794,Retail,Urban,Some College,Married
563029808,44,female,61550,Manufacturing,Suburban,Bachelor's,Married
563058002,43,female,85589,Finance,Suburban,Bachelor's,Married
563058237,33,male,95255,Finance,Suburban,High School,Single
563061216,45,female,102870,Technology,Urban,Bachelor's,Married
563080066,33,female,25000,Services,Urban,High School,Married
563081403,47,female,109018,Finance,Urban,Bachelor's,Married
563160548,34,male,84999,Retail,Suburban,High School,Married
563174125,41,female,49065,Healthcare,Suburban,Master's,Married
563176715,35,female,47151,Healthcare,Urban,Bachelor's,Married
563179724,28,female,25000,Retail,Urban,Some College,Married
563193082,51,male,118788,Manufacturing,Rural,High School,Married
563208653,44,female,67646,Technology,Urban,Master's,Married
563215673,47,male,52306,Retail,Urban,High School,Divorced
563218486,38,male,68590,Technology,Urban,Bachelor's,Widowed
563221136,55,male,63248,Education,Urban,Master's,Married
563224062,42,female,45832,Manufacturing,Suburban,Master's,Married
563224180,28,female,52891,Education,Urban,PhD+,Married
563263316,37,female,65024,Finance,Suburban,Master's,Married
563277940,44,male,90748,Healthcare,Suburban,High School,Married
563280762,50,male,108727,Finance,Urban,Some College,Divorced
563286924,35,male,96410,Finance,Urban,Master's,Married
563299009,37,female,66922,Healthcare,Urban,Bachelor's,Married
563308780,31,female,93277,Education,Suburban,PhD+,Single
563330816,50,female,107556,Technology,Urban,High School,Married
563335763,40,female,79888,Finance,Urban,Some College,Single
563339978,32,male,84432,Other,Suburban,Bachelor's,Single
563344930,28,female,57793,Education,Urban,PhD+,Married
563351878,42,female,65233,Finance,Urban,Bachelor's,Married
563362860,28,male,101652,Technology,Urban,Some College,Single
563365056,42,male,87887,Finance,Suburban,PhD+,Single
563371457,33,male,83569,Technology,Suburban,Master's,Divorced
563389945,31,female,70432,Services,Suburban,High School,Single
563407017,36,female,73243,Technology,Urban,High School,Married
563413559,47,female,43469,Retail,Urban,Master's,Married
563415357,31,male,76865,Services,Rural,High School,Single
563417487,45,male,87438,Technology,Suburban,Bachelor's,Divorced
563457776,45,male,95124,Technology,Suburban,PhD+,Married
563459593,40,female,76195,Technology,Urban,Bachelor's,Single
563467963,41,female,54068,Healthcare,Urban,Master's,Married
563502492,36,male,55122,Retail,Urban,High School,Single
563509504,38,male,79567,Healthcare,Urban,Master's,Divorced
563514260,46,female,106255,Healthcare,Urban,Bachelor's,Divorced
563525937,37,female,55112,Finance,Suburban,Some College,Single
563536068,47,male,76661,Technology,Suburban,Bachelor's,Married
563562442,48,male,84678,Education,Suburban,Bachelor's,Married
563568507,44,female,59445,Technology,Rural,High School,Single
563587213,41,female,79235,Healthcare,Suburban,Bachelor's,Married
563595259,52,female,71530,Technology,Urban,Master's,Married
563599697,35,male,61171,Finance,Suburban,PhD+,Single
563605520,33,female,73817,Education,Rural,PhD+,Single
563615607,53,female,77977,Education,Rural,Master's,Divorced
563617172,29,male,62451,Education,Urban,Bachelor's,Single
563639763,16,male,76896,Healthcare,Rural,Master's,Single
563647213,48,female,75728,Finance,Urban,Bachelor's,Divorced
563657295,34,female,78024,Finance,Urban,PhD+,Single
563663349,38,female,45100,Manufacturing,Rural,High School,Single
563669303,34,female,64906,Other,Urban,High School,Married
563676602,46,female,97023,Finance,Suburban,PhD+,Divorced
563680797,47,male,64859,Services,Urban,Bachelor's,Married
563683122,53,female,91836,Technology,Suburban,Bachelor's,Divorced
563683778,43,female,83265,Technology,Suburban,Some College,Married
563706323,36,male,60306,Education,Urban,Master's,Divorced
563722538,47,male,108865,Finance,Urban,Bachelor's,Married
563723559,48,female,25264,Finance,Urban,Bachelor's,Married
563726633,42,female,82704,Technology,Suburban,Master's,Married
563727468,30,male,44770,Manufacturing,Suburban,Some College,Married
563734458,50,male,87372,Services,Suburban,High School,Married
563756878,34,female,96535,Technology,Urban,PhD+,Single
563758306,30,male,61694,Services,Urban,Some College,Divorced
563762973,51,male,75824,Technology,Urban,PhD+,Divorced
563774007,31,male,56547,Manufacturing,Rural,Bachelor's,Single
563776158,45,male,76909,Retail,Rural,Some College,Married
563778025,32,male,32445,Retail,Urban,High School,Married
563809416,25,male,37247,Retail,Urban,High School,Single
563814022,37,female,77657,Finance,Urban,Bachelor's,Married
563816930,48,male,66037,Healthcare,Urban,PhD+,Married
563832142,56,female,59621,Manufacturing,Suburban,Some College,Married
563847613,45,male,121737,Finance,Urban,Master's,Married
563879823,48,male,113323,Technology,Urban,Master's,Married
563889964,35,female,65741,Healthcare,Rural,Master's,Single
563892730,40,male,100566,Technology,Urban,Master's,Married
563902103,52,female,69896,Healthcare,Suburban,Some College,Married
563907320,42,female,79946,Services,Urban,Bachelor's,Married
563912181,51,male,77577,Technology,Urban,Bachelor's,Divorced
563914397,41,female,101654,Healthcare,Urban,Some College,Married
563927495,27,male,54359,Technology,Urban,PhD+,Single
563928941,38,male,56583,Technology,Urban,Master's,Single
563940799,34,male,25000,Healthcare,Urban,High School,Married
563946439,44,male,54033,Finance,Urban,Bachelor's,Married
563946476,42,female,107613,Education,Rural,Master's,Married
563951788,55,male,71677,Education,Urban,PhD+,Married
563952084,42,female,65915,Finance,Urban,Master's,Married
563976266,36,male,65547,Education,Urban,PhD+,Married
563976381,53,male,25000,Manufacturing,Urban,High School,Married
563977653,34,female,79633,Retail,Urban,High School,Single
563986948,40,male,68336,Healthcare,Urban,Bachelor's,Married
564012873,46,male,73449,Education,Urban,PhD+,Married
564038326,49,female,70108,Services,Urban,Some College,Married
564066782,51,female,123658,Education,Suburban,Bachelor's,Divorced
564068124,34,male,54680,Education,Urban,Master's,Married
564068687,45,female,138710,Technology,Urban,Master's,Divorced
564083178,27,female,87427,Technology,Suburban,Bachelor's,Married
564084200,26,female,93688,Finance,Suburban,Master's,Single
564093882,37,female,75750,Technology,Urban,Some College,Married
564096549,25,male,25000,Other,Urban,Some College,Single
564096741,30,male,30952,Retail,Urban,High School,Married
564104966,43,male,98434,Retail,Suburban,Bachelor's,Married
564124072,43,female,89028,Retail,Urban,High School,Married
564133858,31,female,86681,Technology,Urban,Bachelor's,Married
564136560,44,male,40413,Healthcare,Suburban,Bachelor's,Divorced
564164515,43,female,75005,Technology,Urban,Master's,Divorced
564194863,31,male,59960,Healthcare,Urban,Bachelor's,Single
564196673,40,male,60753,Education,Suburban,Bachelor's,Married
564205677,46,female,103316,Healthcare,Urban,PhD+,Divorced
564225337,42,male,64330,Healthcare,Urban,PhD+,Single
564234441,29,male,57636,Finance,Suburban,Bachelor's,Single
564242551,30,male,37900,Healthcare,Rural,High School,Single
564251787,43,female,60803,Retail,Suburban,Some College,Married
564255596,38,male,63446,Finance,Urban,Bachelor's,Married
564258265,55,male,95716,Technology,Urban,Bachelor's,Married
564258754,32,male,68370,Retail,Suburban,Bachelor's,Married
564262924,37,female,89587,Finance,Urban,Bachelor's,Married
564275162,38,male,79071,Technology,Urban,Bachelor's,Married
564289141,43,female,68843,Education,Suburban,Master's,Divorced
564298248,46,male,78839,Education,Urban,High School,Married
564303874,44,male,91198,Manufacturing,Suburban,High School,Married
564325544,34,male,45358,Technology,Urban,Bachelor's,Single
564329791,39,female,71214,Manufacturing,Suburban,Some College,Married
564335138,30,male,102263,Finance,Suburban,Bachelor's,Single
564344978,39,female,82516,Healthcare,Urban,High School,Married
564345257,47,female,94422,Retail,Suburban,High School,Married
564350192,30,female,79677,Retail,Urban,Some College,Single
564353044,26,male,84193,Finance,Urban,Bachelor's,Single
564365957,38,female,41059,Finance,Urban,Bachelor's,Single
564383540,46,female,94909,Finance,Suburban,Master's,Divorced
564391531,40,male,72492,Technology,Urban,Bachelor's,Married
564412460,33,male,66986,Technology,Urban,Bachelor's,Single
564431073,35,female,53612,Services,Urban,High School,Single
564442389,45,male,101721,Finance,Suburban,Some College,Married
564444786,58,female,104263,Finance,Urban,PhD+,Married
564470098,40,male,68284,Technology,Suburban,Bachelor's,Married
564561841,32,male,77344,Healthcare,Suburban,Bachelor's,Single
564571401,44,female,85339,Technology,Suburban,Bachelor's,Married
564572270,46,male,69231,Finance,Urban,Master's,Married
564577473,37,male,96224,Retail,Suburban,High School,Married
564594117,46,male,106652,Education,Suburban,PhD+,Married
564598982,35,female,58975,Technology,Suburban,Bachelor's,Married
564602095,40,male,45664,Healthcare,Urban,Master's,Married
564606240,41,male,54501,Finance,Suburban,Bachelor's,Married
564615586,41,female,94812,Finance,Suburban,Bachelor's,Married
564629271,43,female,82425,Education,Urban,Master's,Married
564636940,31,male,75771,Technology,Rural,Master's,Single
564646941,46,female,85545,Technology,Suburban,Master's,Divorced
564653422,25,male,61808,Healthcare,Urban,PhD+,Single
564672277,41,female,97196,Finance,Urban,Master's,Single
564683122,51,female,88147,Finance,Urban,PhD+,Single
564687500,59,male,98626,Healthcare,Urban,PhD+,Married
564690252,34,female,83294,Finance,Urban,Bachelor's,Single
564690578,47,male,94429,Healthcare,Suburban,Some College,Married
564698857,27,male,55092,Manufacturing,Rural,Bachelor's,Single
564702760,30,female,53786,Finance,Urban,Some College,Married
564717355,46,female,65611,Manufacturing,Urban,High School,Married
564732545,37,male,36237,Healthcare,Urban,Bachelor's,Single
564736465,35,male,98918,Education,Suburban,Master's,Married
564737335,35,female,57618,Healthcare,Suburban,Bachelor's,Divorced
564742202,38,male,51754,Education,Urban,Bachelor's,Married
564749784,37,female,78817,Technology,Suburban,Bachelor's,Married
564755310,29,male,100520,Technology,Urban,Master's,Married
564756508,34,male,80972,Manufacturing,Urban,Master's,Single
564769842,34,male,64984,Services,Urban,Bachelor's,Married
564778120,30,male,92307,Healthcare,Urban,Master's,Single
564780866,26,male,94857,Education,Suburban,Master's,Divorced
564788176,42,male,102475,Healthcare,Urban,Bachelor's,Married
564794000,47,female,110450,Manufacturing,Rural,Master's,Divorced
564808089,52,male,128548,Other,Suburban,PhD+,Divorced
564823205,48,female,101665,Technology,Urban,Bachelor's,Married
564838667,28,female,76990,Finance,Urban,Master's,Single
564870366,37,female,86268,Manufacturing,Suburban,Master's,Married
564888289,51,male,67859,Services,Urban,Some College,Married
564896014,38,female,92688,Finance,Rural,Master's,Divorced
564902413,43,male,43453,Healthcare,Urban,Bachelor's,Married
564908451,26,male,30130,Other,Suburban,Some College,Married
564914411,37,male,78063,Education,Urban,Master's,Married
564915531,37,male,41472,Other,Urban,Bachelor's,Single
564926456,35,female,67866,Technology,Urban,Bachelor's,Married
564927242,57,female,57593,Education,Urban,Master's,Single
564930139,40,female,80385,Manufacturing,Urban,High School,Married
564936625,51,male,64395,Services,Suburban,High School,Married
564943920,52,female,86048,Finance,Suburban,Bachelor's,Married
564952888,38,male,56915,Technology,Urban,Master's,Single
564964753,44,male,83501,Healthcare,Urban,Bachelor's,Single
564971519,52,male,52281,Education,Rural,Some College,Married
564992910,46,female,109101,Retail,Urban,High School,Single
565019326,45,female,120053,Finance,Urban,Bachelor's,Married
565028198,35,female,48196,Retail,Urban,Bachelor's,Married
565028257,63,female,120393,Finance,Urban,Master's,Married
565033341,56,female,95767,Education,Urban,Master's,Single
565034405,37,female,79614,Technology,Urban,High School,Married
565034849,46,female,110208,Services,Suburban,Bachelor's,Single
565042453,35,female,73197,Technology,Urban,PhD+,Married
565052225,34,female,63791,Healthcare,Urban,Bachelor's,Single
565057327,30,male,66029,Retail,Urban,Bachelor's,Married
565057527,51,male,61666,Manufacturing,Rural,High School,Widowed
565096049,47,female,73772,Healthcare,Suburban,Bachelor's,Married
565100242,30,male,48064,Technology,Urban,PhD+,Married
565100621,48,female,83070,Education,Suburban,Master's,Married
565107623,32,male,56545,Retail,Urban,Some College,Divorced
565110539,33,female,53768,Education,Urban,PhD+,Married
565111234,54,female,94876,Other,Suburban,Bachelor's,Married
565124797,43,female,61794,Technology,Urban,Bachelor's,Married
565135468,39,female,116899,Manufacturing,Rural,High School,Married
565137421,36,female,66448,Manufacturing,Suburban,Bachelor's,Divorced
565138174,50,female,75446,Education,Urban,Master's,Married
565154111,27,male,42103,Healthcare,Suburban,PhD+,Single
565158495,21,male,29555,Other,Suburban,Bachelor's,Single
565215659,42,male,62923,Healthcare,Urban,Bachelor's,Married
565248700,35,male,70027,Manufacturing,Urban,Master's,Married
565249418,41,male,93970,Technology,Urban,PhD+,Married
565256897,45,male,57327,Technology,Suburban,Bachelor's,Married
565257923,37,female,89143,Education,Urban,Bachelor's,Divorced
565264766,40,female,126638,Manufacturing,Suburban,High School,Single
565265361,25,male,75054,Technology,Urban,Bachelor's,Single
565267178,34,female,42596,Education,Suburban,PhD+,Married
565273733,37,male,66011,Retail,Urban,Some College,Married
565280845,39,male,70115,Retail,Urban,Some College,Divorced
565282187,51,male,91385,Finance,Suburban,Master's,Married
565297560,46,female,75008,Education,Rural,Master's,Married
565301281,39,male,77110,Finance,Urban,Master's,Married
565302817,47,male,65648,Finance,Urban,Bachelor's,Married
565304740,47,male,69549,Healthcare,Urban,Bachelor's,Married
565305356,44,female,81093,Retail,Suburban,High School,Single
565321714,41,male,84840,Technology,Suburban,Bachelor's,Single
565329461,33,male,45486,Healthcare,Rural,Master's,Married
565336377,27,male,61099,Technology,Urban,High School,Divorced
565384325,49,female,96929,Healthcare,Suburban,Bachelor's,Married
565392974,41,female,108705,Healthcare,Suburban,PhD+,Married
565395709,50,male,121293,Education,Suburban,PhD+,Married
565404076,37,male,51773,Technology,Suburban,Bachelor's,Divorced
565407901,43,male,73615,Finance,Urban,Some College,Married
565416571,40,female,69882,Finance,Urban,Bachelor's,Divorced
565445074,40,male,93321,Healthcare,Urban,PhD+,Married
565451264,34,female,114008,Healthcare,Rural,Some College,Single
565454791,30,male,61318,Retail,Urban,Master's,Married
565475662,48,male,95357,Healthcare,Suburban,High School,Married
565476622,34,female,70401,Services,Suburban,High School,Single
565477032,45,female,49034,Healthcare,Urban,Master's,Single
565486650,31,male,115494,Healthcare,Suburban,Bachelor's,Single
565497458,26,female,32368,Other,Urban,Bachelor's,Single
565504361,34,male,60419,Education,Urban,Master's,Married
565537831,42,female,73945,Healthcare,Urban,Bachelor's,Married
565537897,45,male,85283,Other,Rural,Master's,Married
565587789,39,female,45472,Technology,Urban,Master's,Single
565606905,35,female,66352,Education,Urban,Bachelor's,Married
565614627,47,female,74752,Other,Suburban,Some College,Married
565621735,37,female,77489,Healthcare,Urban,PhD+,Married
565632858,35,female,50880,Retail,Urban,Some College,Married
565632887,32,male,65484,Manufacturing,Suburban,Master's,Married
565634724,27,male,81482,Manufacturing,Suburban,High School,Single
565646482,29,female,70026,Finance,Urban,Master's,Single
565648285,37,female,76359,Healthcare,Suburban,Some College,Married
565676503,38,female,48980,Healthcare,Suburban,Master's,Divorced
565677670,42,female,97546,Technology,Suburban,Bachelor's,Married
565682803,47,male,61160,Education,Urban,Master's,Married
565683878,33,female,83809,Technology,Suburban,Bachelor's,Divorced
565697338,35,female,65548,Manufacturing,Urban,Some College,Married
565704662,63,female,106539,Manufacturing,Rural,Some College,Single
565709850,32,female,64199,Education,Suburban,Master's,Married
565710925,46,female,77503,Finance,Urban,PhD+,Divorced
565716318,45,female,110351,Technology,Urban,Bachelor's,Married
565721106,44,female,64216,Education,Urban,Master's,Married
565724767,41,female,87652,Healthcare,Suburban,PhD+,Married
565728547,42,male,106385,Finance,Suburban,Master's,Married
565740361,42,male,86241,Healthcare,Urban,PhD+,Married
565744592,47,female,80130,Finance,Suburban,PhD+,Divorced
565752645,42,male,66043,Healthcare,Suburban,Master's,Married
565754963,28,female,54453,Healthcare,Suburban,Bachelor's,Married
565760287,39,female,78888,Manufacturing,Urban,High School,Married
565774647,32,male,84499,Finance,Urban,Master's,Married
565776218,42,female,60364,Healthcare,Urban,Master's,Divorced
565780555,53,male,59254,Healthcare,Urban,Bachelor's,Divorced
565782195,36,female,92548,Education,Urban,High School,Single
565786756,27,female,31353,Manufacturing,Suburban,Some College,Single
565787738,43,male,91773,Healthcare,Suburban,Bachelor's,Divorced
565788439,38,male,51830,Technology,Urban,Bachelor's,Divorced
565794276,39,male,58110,Healthcare,Suburban,Master's,Single
565809389,47,female,65820,Healthcare,Rural,Bachelor's,Married
565825438,58,female,93473,Services,Urban,High School,Married
565828518,41,male,88610,Healthcare,Urban,Master's,Married
565833666,46,male,89054,Finance,Suburban,Some College,Married
565839964,36,male,65787,Healthcare,Urban,Some College,Married
565848683,49,male,117860,Retail,Rural,High School,Married
565851860,32,female,73262,Manufacturing,Urban,High School,Divorced
565854008,50,female,84863,Finance,Rural,Bachelor's,Married
565869279,45,female,77511,Healthcare,Rural,Bachelor's,Single
565879559,46,female,91369,Education,Urban,Bachelor's,Married
565895720,32,female,69863,Healthcare,Urban,High School,Married
565913401,48,female,72180,Technology,Urban,Master's,Married
565928545,35,female,60647,Technology,Urban,Bachelor's,Married
565951767,34,female,57465,Finance,Suburban,Master's,Married
565954375,46,female,92721,Education,Suburban,Bachelor's,Married
565955114,50,male,117559,Finance,Urban,Master's,Married
565959288,51,male,80441,Healthcare,Suburban,Bachelor's,Married
565959832,54,female,101590,Technology,Urban,High School,Married
565961004,46,male,63721,Other,Rural,Bachelor's,Divorced
565965551,44,female,45345,Finance,Urban,Bachelor's,Married
565966165,36,female,47083,Technology,Urban,Master's,Single
565978069,44,female,72847,Technology,Urban,Master's,Married
565990194,23,male,74886,Retail,Urban,Some College,Single
566015260,40,female,68197,Other,Suburban,Bachelor's,Married
566045975,35,male,69708,Education,Urban,Master's,Married
566056949,39,female,90128,Education,Urban,High School,Married
566071460,54,female,95300,Technology,Suburban,Bachelor's,Married
566073156,39,male,56277,Retail,Suburban,Some College,Married
566076838,47,female,92662,Healthcare,Urban,Bachelor's,Married
566088378,32,male,72604,Technology,Suburban,High School,Single
566091943,34,male,69734,Other,Suburban,Some College,Single
566100559,44,male,69963,Services,Urban,Bachelor's,Divorced
566121123,41,male,78983,Technology,Urban,PhD+,Married
566135499,53,female,92037,Healthcare,Suburban,Master's,Married
566151604,29,male,78419,Finance,Urban,Bachelor's,Single
566152167,50,male,68638,Technology,Urban,Bachelor's,Married
566154807,39,female,67009,Manufacturing,Suburban,Some College,Married
566157300,42,male,93492,Healthcare,Suburban,Master's,Married
566178908,57,male,48418,Technology,Urban,Master's,Married
566179809,38,male,29225,Healthcare,Urban,Bachelor's,Married
566186735,42,male,91153,Education,Urban,Bachelor's,Single
566187362,43,male,76768,Healthcare,Urban,Bachelor's,Married
566190908,56,female,84743,Retail,Suburban,High School,Married
566191741,46,female,104230,Manufacturing,Suburban,High School,Married
566195962,45,male,56785,Healthcare,Urban,PhD+,Married
566202246,35,female,95506,Manufacturing,Suburban,Some College,Married
566202632,26,male,54573,Manufacturing,Urban,Some College,Married
566215498,38,male,109801,Education,Urban,Bachelor's,Married
566219725,42,male,50301,Manufacturing,Urban,Some College,Married
566220910,37,female,64305,Education,Urban,Master's,Divorced
566225081,49,male,82137,Manufacturing,Urban,Some College,Single
566225716,48,female,68781,Healthcare,Urban,Bachelor's,Married
566244809,35,female,68047,Education,Rural,Bachelor's,Married
566277246,33,female,48690,Healthcare,Urban,PhD+,Single
566301578,44,male,58525,Services,Urban,High School,Single
566307865,41,male,87741,Manufacturing,Urban,Master's,Married
566308799,31,male,81811,Technology,Suburban,Some College,Single
566309378,40,female,46186,Manufacturing,Urban,Some College,Married
566321810,46,male,57291,Technology,Urban,Bachelor's,Married
566322539,38,male,50652,Education,Suburban,Bachelor's,Single
566324105,44,male,75319,Technology,Suburban,Master's,Single
566326519,47,female,92446,Technology,Suburban,PhD+,Married
566330604,38,male,27415,Healthcare,Urban,Master's,Married
566331071,50,male,47726,Education,Urban,Bachelor's,Widowed
566345603,34,female,81765,Services,Urban,High School,Married
566353309,27,male,70837,Healthcare,Urban,Bachelor's,Married
566355844,44,female,80839,Technology,Suburban,High School,Divorced
566359731,43,female,53024,Services,Suburban,Some College,Married
566363864,32,male,38111,Manufacturing,Rural,High School,Married
566364972,31,female,84190,Healthcare,Urban,Bachelor's,Divorced
566366439,24,female,48059,Education,Urban,PhD+,Single
566386395,42,female,104899,Manufacturing,Urban,Master's,Married
566392499,57,female,84875,Services,Urban,Some College,Married
566396960,46,male,95454,Healthcare,Urban,PhD+,Married
566410194,43,female,105125,Finance,Urban,Master's,Married
566426765,31,female,83266,Other,Suburban,Some College,Single
566427796,40,male,99219,Finance,Suburban,Master's,Single
566434646,37,female,91447,Finance,Suburban,Some College,Single
566442405,47,male,88537,Retail,Urban,Bachelor's,Married
566445777,37,female,40346,Other,Rural,Bachelor's,Married
566447147,40,male,98494,Healthcare,Suburban,Master's,Married
566448225,34,female,36726,Retail,Urban,High School,Single
566449812,45,female,59747,Retail,Suburban,High School,Married
566452176,36,female,87092,Manufacturing,Suburban,Some College,Married
566457869,41,male,66910,Manufacturing,Urban,Bachelor's,Married
566462717,30,male,78317,Manufacturing,Rural,Bachelor's,Single
566464204,44,female,57722,Healthcare,Urban,Bachelor's,Single
566468643,43,male,82914,Education,Urban,Master's,Divorced
566471588,34,female,60666,Retail,Rural,High School,Married
566471769,39,female,83780,Healthcare,Suburban,Master's,Single
566472188,46,female,48501,Healthcare,Suburban,Master's,Married
566472354,33,female,70361,Healthcare,Urban,Some College,Divorced
566473372,37,female,62239,Manufacturing,Urban,High School,Married
566476349,47,female,102560,Technology,Suburban,Master's,Married
566477629,41,male,84831,Technology,Suburban,Bachelor's,Married
566486397,38,female,69996,Healthcare,Urban,Master's,Married
566487463,34,male,87523,Technology,Urban,Master's,Married
566491461,50,male,77654,Healthcare,Suburban,Bachelor's,Married
566496941,28,female,32763,Manufacturing,Suburban,High School,Single
566514970,35,female,99169,Technology,Suburban,Some College,Single
566515993,41,female,64799,Healthcare,Urban,Master's,Married
566517143,41,male,80220,Finance,Urban,Bachelor's,Married
566519557,45,female,72354,Healthcare,Urban,Master's,Married
566520254,29,male,58022,Education,Urban,Bachelor's,Married
566522251,37,female,73138,Manufacturing,Rural,Some College,Married
566522478,42,male,85546,Finance,Urban,Master's,Married
566522809,43,male,92195,Healthcare,Urban,Bachelor's,Married
566524321,40,female,57026,Retail,Suburban,PhD+,Single
566525120,50,male,98680,Education,Suburban,PhD+,Married
566525308,43,male,113407,Technology,Urban,PhD+,Divorced
566526646,36,male,84836,Education,Suburban,Some College,Married
566531532,55,female,79681,Retail,Urban,High School,Divorced
566532659,33,male,59385,Finance,Rural,Some College,Single
566536970,52,male,83482,Healthcare,Suburban,Bachelor's,Married
566540366,51,male,98050,Technology,Suburban,Bachelor's,Single
566545770,41,female,45022,Education,Urban,Bachelor's,Single
566547726,39,female,85330,Manufacturing,Urban,High School,Married
566548498,56,male,49768,Services,Urban,Bachelor's,Divorced
566565528,39,male,82066,Healthcare,Urban,Master's,Married
566592936,44,male,105055,Finance,Suburban,Bachelor's,Married
566598270,42,female,63454,Technology,Urban,Master's,Married
566627943,31,male,83110,Technology,Urban,Bachelor's,Married
566634506,34,female,62568,Finance,Suburban,Bachelor's,Single
566638841,22,female,56059,Healthcare,Urban,Bachelor's,Married
566644079,52,female,132771,Education,Suburban,High School,Single
566648421,41,male,101699,Technology,Suburban,Bachelor's,Married
566650978,42,male,89938,Finance,Urban,Some College,Married
566655872,30,male,45388,Retail,Urban,Bachelor's,Single
566658020,35,male,45056,Retail,Rural,Some College,Married
566668295,18,male,56540,Retail,Urban,High School,Single
566672855,31,female,37205,Technology,Urban,Master's,Married
566682535,36,male,56262,Technology,Urban,PhD+,Single
566684184,45,female,111090,Healthcare,Suburban,Master's,Married
566688852,41,female,108106,Technology,Suburban,PhD+,Married
566694498,43,male,58499,Services,Urban,Master's,Married
566696048,40,male,128388,Manufacturing,Urban,Bachelor's,Married
566701326,38,male,59276,Technology,Urban,Bachelor's,Single
566709490,29,female,79979,Other,Suburban,Master's,Divorced
566710853,36,female,79663,Education,Urban,Bachelor's,Married
566719405,42,female,75400,Finance,Urban,Bachelor's,Married
566724315,56,female,58014,Education,Urban,PhD+,Single
566734068,41,male,52888,Education,Urban,PhD+,Married
566739894,45,male,112877,Technology,Urban,PhD+,Divorced
566754553,48,male,90482,Technology,Suburban,High School,Single
566758729,36,female,72104,Education,Urban,PhD+,Divorced
566761009,43,male,64767,Technology,Urban,Bachelor's,Married
566765986,31,female,54919,Services,Rural,Some College,Single
566766783,36,female,44644,Retail,Urban,Master's,Single
566778627,34,female,98936,Education,Urban,Master's,Married
566789616,42,female,93196,Finance,Suburban,Master's,Married
566790145,34,male,25000,Services,Suburban,High School,Married
566790266,29,male,45979,Other,Suburban,Some College,Married
566795628,42,male,103803,Healthcare,Suburban,Bachelor's,Divorced
566795673,40,male,83654,Finance,Urban,Master's,Married
566801971,50,female,72890,Healthcare,Urban,High School,Widowed
566817189,34,female,52051,Finance,Suburban,Bachelor's,Married
566818317,39,female,93601,Education,Urban,PhD+,Married
566826540,37,male,61293,Finance,Urban,Bachelor's,Divorced
566827295,55,male,71058,Manufacturing,Suburban,Master's,Married
566832803,27,male,44673,Finance,Urban,Master's,Single
566836288,51,female,139373,Healthcare,Rural,Some College,Married
566843704,37,female,57372,Technology,Urban,Bachelor's,Single
566845847,52,female,115591,Education,Suburban,Master's,Widowed
566852703,37,male,93230,Finance,Urban,Some College,Married
566864442,37,male,86622,Finance,Urban,Bachelor's,Married
566866103,40,female,75508,Finance,Urban,Bachelor's,Married
566866694,32,female,62865,Manufacturing,Rural,Bachelor's,Married
566867293,59,female,88603,Finance,Urban,Bachelor's,Divorced
566868051,33,female,68685,Finance,Urban,PhD+,Divorced
566873944,47,male,105560,Finance,Urban,Bachelor's,Divorced
566883503,36,female,63710,Healthcare,Rural,Some College,Married
566893394,48,male,98245,Education,Urban,PhD+,Married
566897623,39,female,73597,Healthcare,Urban,Master's,Married
566903012,35,male,96995,Manufacturing,Urban,High School,Single
566913759,50,female,105352,Technology,Urban,PhD+,Single
566918148,36,female,80863,Healthcare,Urban,Master's,Married
566928683,44,female,72076,Retail,Urban,Bachelor's,Married
566955131,32,female,104303,Education,Urban,PhD+,Single
566962221,35,female,55257,Healthcare,Urban,Bachelor's,Married
566969250,48,male,66777,Finance,Suburban,Master's,Married
566975396,33,female,78205,Manufacturing,Suburban,High School,Married
566979128,51,male,113798,Finance,Urban,Bachelor's,Married
566996084,37,male,74165,Other,Urban,Some College,Married
567002675,38,female,81481,Manufacturing,Suburban,Bachelor's,Married
567004746,48,female,80995,Finance,Suburban,High School,Divorced
567010452,52,male,91624,Manufacturing,Rural,Bachelor's,Divorced
567016482,39,male,73797,Healthcare,Urban,Bachelor's,Single
567032142,33,male,38178,Manufacturing,Urban,High School,Married
567045287,34,female,57988,Services,Suburban,Bachelor's,Married
567051538,32,male,89351,Services,Suburban,PhD+,Single
567062671,34,female,69300,Manufacturing,Suburban,Some College,Married
567069557,36,male,74192,Manufacturing,Rural,High School,Married
567069854,45,female,82955,Technology,Urban,Bachelor's,Married
567070537,32,female,65382,Education,Suburban,Master's,Married
567084412,39,female,74776,Technology,Suburban,Master's,Married
567085714,35,male,63664,Healthcare,Urban,Master's,Married
567095224,52,female,71532,Finance,Urban,Bachelor's,Single
567112665,34,male,107461,Technology,Urban,Some College,Married
567120531,53,female,113117,Healthcare,Urban,Master's,Married
567123838,46,male,96100,Finance,Urban,Master's,Divorced
567128939,50,male,114786,Healthcare,Urban,PhD+,Divorced
567129110,43,male,114108,Technology,Urban,Master's,Married
567140237,44,female,55905,Services,Urban,Bachelor's,Single
567154317,33,female,37313,Education,Rural,Bachelor's,Single
567156152,47,male,106943,Manufacturing,Urban,High School,Married
567161206,48,female,72018,Finance,Urban,PhD+,Married
567171193,25,male,65650,Healthcare,Urban,Master's,Married
567171744,37,male,73161,Manufacturing,Rural,High School,Married
567191753,50,male,87970,Finance,Urban,Some College,Divorced
567202898,40,male,95793,Education,Suburban,Master's,Married
567211514,51,male,85803,Technology,Suburban,Bachelor's,Divorced
567219052,30,male,59133,Finance,Suburban,Bachelor's,Divorced
567222260,32,male,58125,Services,Urban,High School,Single
567231757,52,female,108660,Finance,Suburban,Bachelor's,Married
567233302,38,male,71207,Retail,Urban,High School,Single
567237077,40,female,79611,Healthcare,Urban,Master's,Married
567240482,33,male,49464,Technology,Urban,PhD+,Single
567260019,30,male,103494,Other,Urban,Some College,Married
567272417,47,female,46992,Education,Suburban,PhD+,Married
567274841,49,male,118582,Finance,Suburban,PhD+,Married
567289591,30,male,78695,Technology,Urban,PhD+,Single
567300748,40,female,68368,Healthcare,Urban,Master's,Married
567304206,35,female,99687,Technology,Suburban,High School,Married
567304540,41,female,82111,Education,Urban,Master's,Single
567304668,36,female,80725,Healthcare,Suburban,Bachelor's,Married
567309636,57,female,64515,Healthcare,Urban,PhD+,Married
567319437,39,female,65078,Healthcare,Suburban,Master's,Married
567324304,53,male,72271,Finance,Urban,PhD+,Divorced
567330559,53,female,78304,Healthcare,Suburban,Bachelor's,Married
567334150,61,female,102121,Technology,Urban,Some College,Married
567337723,27,male,79320,Technology,Urban,Master's,Married
567342452,21,male,57234,Healthcare,Rural,Bachelor's,Single
567357239,38,male,63137,Education,Suburban,Master's,Married
567357658,34,male,43266,Healthcare,Rural,Master's,Single
567358032,44,female,97039,Technology,Suburban,PhD+,Married
567360868,42,female,85132,Services,Urban,Master's,Married
567363546,49,female,117649,Healthcare,Urban,Master's,Married
567370222,48,male,89550,Services,Suburban,Some College,Divorced
567373873,29,female,81133,Finance,Suburban,Master's,Married
567377447,35,male,54015,Technology,Urban,Bachelor's,Married
567381001,40,female,57496,Education,Suburban,Bachelor's,Married
567381688,36,female,86924,Healthcare,Urban,Master's,Single
567384847,34,male,71395,Technology,Urban,High School,Single
567385729,45,female,92568,Manufacturing,Suburban,High School,Married
567387712,26,male,65769,Services,Urban,Some College,Married
567393295,47,female,70933,Retail,Rural,High School,Married
567393686,43,male,54762,Finance,Rural,PhD+,Married
567395586,50,female,95804,Manufacturing,Urban,High School,Single
567408112,40,female,47392,Technology,Urban,PhD+,Married
567419317,39,male,92912,Finance,Urban,Master's,Married
567429639,47,male,77195,Finance,Urban,Master's,Married
567432450,45,female,101597,Education,Urban,Master's,Married
567445132,33,male,109490,Finance,Suburban,PhD+,Married
567448688,32,male,73886,Healthcare,Suburban,Bachelor's,Single
567449175,33,male,97036,Finance,Urban,Bachelor's,Married
567450418,32,female,57261,Manufacturing,Suburban,High School,Married
567461695,53,male,101007,Finance,Suburban,Master's,Married
567475167,41,male,69384,Technology,Urban,Master's,Married
567490303,39,male,74180,Retail,Urban,Some College,Married
567494064,34,male,26626,Healthcare,Urban,Master's,Single
567497682,36,female,77888,Technology,Rural,Bachelor's,Married
567501655,47,male,139427,Manufacturing,Suburban,Bachelor's,Divorced
567506779,38,male,107634,Manufacturing,Suburban,High School,Married
567513855,43,female,40633,Manufacturing,Rural,Bachelor's,Married
567520711,41,male,81452,Education,Urban,High School,Married
567535700,48,male,93297,Healthcare,Urban,Master's,Single
567538035,41,female,91047,Manufacturing,Urban,Master's,Married
567540328,35,female,72732,Technology,Urban,PhD+,Married
567551997,22,male,100057,Manufacturing,Rural,High School,Single
567556298,47,male,78557,Healthcare,Urban,Bachelor's,Married
567558745,42,female,48907,Technology,Urban,Bachelor's,Married
567561316,53,female,99559,Finance,Suburban,Bachelor's,Divorced
567574757,41,female,85024,Education,Urban,Master's,Married
567579387,31,female,26150,Technology,Urban,Master's,Married
567580443,36,male,36579,Education,Rural,Bachelor's,Married
567589706,34,female,57868,Healthcare,Urban,Bachelor's,Married
567601658,42,female,62800,Technology,Urban,PhD+,Married
567625913,37,female,85001,Healthcare,Urban,Bachelor's,Married
567643368,50,female,84024,Services,Rural,Some College,Married
567652645,49,male,104952,Manufacturing,Suburban,Some College,Married
567656595,57,female,72514,Education,Rural,Bachelor's,Divorced
567661099,47,male,49464,Technology,Suburban,Bachelor's,Married
567666313,45,male,65618,Technology,Urban,Bachelor's,Married
567666784,38,male,71849,Healthcare,Urban,Bachelor's,Married
567674548,49,male,72061,Education,Urban,Master's,Married
567680222,40,male,95637,Technology,Urban,Some College,Married
567685567,35,male,95283,Education,Urban,PhD+,Married
567690926,36,female,82931,Finance,Urban,Master's,Married
567693984,38,male,39836,Manufacturing,Rural,Bachelor's,Married
567702481,41,male,82569,Healthcare,Urban,PhD+,Divorced
567723931,41,male,104425,Education,Urban,PhD+,Married
567728250,50,female,79770,Healthcare,Suburban,High School,Married
567740377,44,female,79457,Manufacturing,Urban,Master's,Divorced
567746241,40,male,38803,Manufacturing,Rural,Some College,Married
567751864,38,male,40890,Manufacturing,Suburban,Some College,Married
567759074,44,male,75888,Finance,Suburban,Master's,Married
567764849,16,female,81204,Manufacturing,Suburban,High School,Single
567765431,48,male,52179,Technology,Rural,Master's,Married
567769811,53,female,50970,Services,Urban,High School,Married
567781798,39,male,71219,Healthcare,Urban,Bachelor's,Married
567785661,21,female,69422,Retail,Urban,High School,Single
567788466,39,male,43537,Healthcare,Urban,Master's,Married
567788471,38,female,54001,Technology,Urban,Master's,Married
567791992,39,male,82233,Services,Suburban,Some College,Married
567792834,40,male,46027,Technology,Urban,Bachelor's,Married
567794708,21,female,79785,Healthcare,Urban,Bachelor's,Single
567796824,47,female,119342,Technology,Suburban,Some College,Married
567800108,36,male,74555,Technology,Urban,Some College,Married
567805490,31,female,40128,Healthcare,Suburban,Bachelor's,Single
567836502,54,male,86722,Finance,Suburban,Bachelor's,Married
567855490,43,male,98116,Finance,Urban,Bachelor's,Single
567856765,48,female,63725,Technology,Rural,Bachelor's,Married
567859015,47,male,70865,Services,Suburban,Some College,Married
567864645,42,female,92244,Finance,Suburban,Some College,Married
567865926,30,female,59115,Healthcare,Urban,Bachelor's,Married
567867207,30,male,36842,Healthcare,Urban,Master's,Married
567871736,35,female,81411,Manufacturing,Suburban,Master's,Married
567874672,39,female,63907,Finance,Suburban,Master's,Married
567875599,54,male,99741,Education,Urban,PhD+,Divorced
567881660,49,male,96035,Retail,Urban,High School,Married
567893102,40,female,76479,Manufacturing,Rural,High School,Married
567895960,41,male,53159,Technology,Urban,Bachelor's,Married
567896500,49,male,59367,Manufacturing,Urban,Some College,Married
567909228,56,female,102847,Healthcare,Rural,PhD+,Married
567914275,47,female,55601,Education,Urban,Master's,Married
567926658,28,male,66665,Technology,Suburban,Master's,Divorced
567928306,46,female,77853,Technology,Suburban,Master's,Single
567928887,33,male,80124,Healthcare,Suburban,Bachelor's,Single
567936820,34,female,87436,Services,Urban,Some College,Married
568011636,40,male,53143,Finance,Urban,Master's,Married
568018667,22,female,46663,Retail,Suburban,High School,Single
568019518,30,male,41936,Education,Rural,Some College,Single
568023330,46,male,70503,Technology,Urban,Bachelor's,Married
568024800,26,male,32396,Services,Urban,High School,Married
568024826,48,male,83511,Healthcare,Urban,Bachelor's,Married
568027247,40,female,67023,Healthcare,Suburban,Bachelor's,Married
568040320,41,female,90670,Healthcare,Suburban,Bachelor's,Divorced
568040383,31,male,91183,Education,Urban,Bachelor's,Single
568047770,34,female,69393,Technology,Urban,Bachelor's,Divorced
568050886,30,male,84462,Technology,Suburban,Bachelor's,Single
568057747,44,male,86242,Services,Suburban,Some College,Married
568059687,36,female,59987,Other,Suburban,High School,Single
568062630,36,male,70772,Finance,Urban,Master's,Single
568062705,31,male,65999,Services,Urban,Some College,Single
568063849,49,female,58128,Services,Urban,Some College,Divorced
568064152,39,male,89353,Services,Urban,Master's,Married
568075214,46,female,84715,Technology,Urban,Bachelor's,Married
568081754,46,male,63432,Finance,Urban,Master's,Married
568084240,35,female,39427,Retail,Rural,Bachelor's,Married
568085699,47,female,54564,Manufacturing,Rural,High School,Divorced
568086555,51,female,105970,Technology,Urban,Master's,Divorced
568087089,32,female,65361,Retail,Urban,Bachelor's,Married
568102735,50,female,103973,Education,Suburban,PhD+,Married
568104955,30,female,54660,Finance,Urban,Master's,Single
568105687,47,male,87997,Education,Urban,Some College,Married
568105973,55,female,111666,Education,Urban,Bachelor's,Divorced
568128298,49,female,80612,Technology,Suburban,Master's,Married
568130677,35,male,72327,Education,Rural,Master's,Single
568141700,52,male,123663,Education,Suburban,PhD+,Divorced
568142108,32,male,67156,Technology,Urban,Bachelor's,Divorced
568142916,44,female,84619,Finance,Suburban,Bachelor's,Married
568143915,34,female,93303,Technology,Suburban,Bachelor's,Married
568144394,47,male,73845,Healthcare,Suburban,Bachelor's,Single
568146887,51,male,75385,Education,Urban,Bachelor's,Married
568171465,27,female,67895,Education,Urban,Master's,Married
568192019,43,female,45213,Technology,Urban,Master's,Married
568201383,32,female,91178,Finance,Urban,PhD+,Single
568202098,37,male,78284,Manufacturing,Suburban,High School,Married
568205857,42,male,77820,Education,Urban,Master's,Divorced
568214329,39,female,66861,Healthcare,Urban,Master's,Married
568229896,37,male,54944,Technology,Urban,Bachelor's,Single
568230016,56,female,122440,Healthcare,Urban,Bachelor's,Married
568235267,35,male,52782,Education,Urban,Master's,Married
568244642,47,male,73987,Finance,Suburban,PhD+,Divorced
568255746,50,female,92541,Technology,Urban,Bachelor's,Married
568257175,50,female,99977,Technology,Urban,PhD+,Married
568257487,32,female,98100,Healthcare,Urban,Master's,Single
568263348,47,male,90676,Technology,Rural,Master's,Married
568269011,34,female,85236,Other,Suburban,Bachelor's,Single
568269277,37,male,64306,Finance,Urban,Some College,Married
568271465,27,male,75661,Technology,Urban,Bachelor's,Married
568272806,31,male,42481,Technology,Urban,Master's,Married
568277261,36,male,25000,Technology,Urban,Master's,Single
568279914,38,female,37113,Education,Urban,PhD+,Married
568281050,41,female,47438,Healthcare,Rural,Bachelor's,Married
568284013,40,male,83802,Technology,Rural,Master's,Married
568289582,36,male,67678,Technology,Urban,Bachelor's,Married
568290429,32,male,88668,Finance,Suburban,Master's,Single
568290857,40,female,25000,Retail,Suburban,Some College,Married
568305801,42,male,85110,Technology,Suburban,PhD+,Married
568306398,46,female,95805,Healthcare,Urban,Master's,Married
568318041,35,male,85621,Technology,Suburban,Master's,Divorced
568345207,43,female,89598,Finance,Urban,PhD+,Married
568349053,37,female,73771,Finance,Urban,Bachelor's,Single
568399346,38,male,69248,Technology,Urban,Bachelor's,Married
568401922,47,male,79415,Education,Urban,Master's,Married
568402289,30,female,50688,Technology,Urban,Bachelor's,Single
568403848,57,male,87595,Healthcare,Suburban,Bachelor's,Married
568405820,42,female,46105,Services,Suburban,High School,Single
568406338,40,female,91514,Finance,Urban,Some College,Married
568410571,48,female,78386,Services,Urban,Some College,Married
568411757,58,female,87015,Technology,Urban,PhD+,Single
568419803,49,male,73643,Other,Urban,Bachelor's,Single
568424211,42,male,72027,Finance,Urban,Master's,Married
568431975,54,male,79653,Education,Suburban,Some College,Married
568437425,35,male,95344,Technology,Urban,Master's,Single
568445180,51,female,119850,Services,Suburban,Some College,Single
568447012,36,female,74852,Retail,Suburban,High School,Divorced
568449463,29,male,81243,Services,Suburban,Bachelor's,Single
568452283,35,female,55271,Finance,Urban,Bachelor's,Married
568453032,37,male,55278,Technology,Urban,PhD+,Married
568459058,21,female,48947,Finance,Urban,Bachelor's,Single
568466117,36,female,69106,Healthcare,Urban,Bachelor's,Single
568469991,46,female,57961,Technology,Urban,Bachelor's,Married
568475861,27,female,61580,Technology,Urban,Bachelor's,Married
568477752,50,male,86483,Finance,Urban,PhD+,Divorced
568479627,47,female,107014,Healthcare,Suburban,Bachelor's,Divorced
568486779,46,male,71029,Education,Rural,Bachelor's,Married
568495715,52,male,41967,Manufacturing,Suburban,Bachelor's,Divorced
568507256,39,female,66497,Finance,Urban,Bachelor's,Married
568514963,51,male,63556,Education,Suburban,Master's,Married
568515145,44,female,90975,Technology,Suburban,High School,Single
568540874,50,male,97548,Education,Urban,Master's,Married
568546305,44,female,39892,Healthcare,Suburban,Master's,Single
568552149,44,male,38042,Manufacturing,Suburban,Bachelor's,Married
568568513,48,female,82682,Healthcare,Suburban,Bachelor's,Married
568569631,51,female,100566,Healthcare,Suburban,Bachelor's,Married
568570710,35,female,78951,Manufacturing,Rural,Some College,Married
568574034,28,female,52366,Finance,Urban,Master's,Married
568579459,45,female,92764,Healthcare,Urban,High School,Married
568599457,35,female,97024,Healthcare,Suburban,Bachelor's,Married
568604634,35,male,92379,Education,Suburban,Master's,Married
568609511,17,female,47778,Healthcare,Suburban,Master's,Single
568612163,40,male,84889,Technology,Urban,Master's,Divorced
568616068,40,male,74938,Manufacturing,Rural,High School,Married
568617777,42,female,98445,Manufacturing,Urban,Some College,Married
568636212,41,male,47601,Healthcare,Urban,PhD+,Divorced
568639292,47,female,62578,Services,Urban,Some College,Married
568639630,42,male,79278,Education,Urban,Master's,Married
568645276,44,female,77670,Technology,Urban,PhD+,Married
568648622,41,male,87503,Education,Rural,Master's,Single
568658947,36,male,69780,Finance,Urban,Some College,Divorced
568666348,43,female,91683,Healthcare,Suburban,Bachelor's,Married
568669057,40,female,58882,Education,Urban,Master's,Married
568670099,47,female,86208,Healthcare,Suburban,Some College,Married
568679011,24,female,77521,Manufacturing,Urban,Bachelor's,Single
568683621,46,male,94865,Services,Urban,Master's,Married
568692321,55,male,71814,Retail,Rural,Some College,Divorced
568702486,32,male,96854,Education,Suburban,Master's,Single
568704491,38,male,52312,Finance,Rural,Master's,Married
568706015,47,female,91382,Finance,Urban,Bachelor's,Married
568713582,45,male,79602,Technology,Urban,Master's,Married
568719229,40,male,79981,Technology,Urban,Bachelor's,Married
568748207,39,female,66447,Healthcare,Urban,PhD+,Married
568768138,35,female,98508,Finance,Suburban,Bachelor's,Married
568768649,39,female,96071,Finance,Urban,Some College,Married
568770953,47,male,79143,Education,Urban,Bachelor's,Married
568771083,45,male,96570,Finance,Suburban,Master's,Married
568772507,30,female,79203,Services,Suburban,Bachelor's,Single
568776304,46,female,102528,Healthcare,Suburban,Bachelor's,Married
568776438,36,female,55882,Finance,Urban,Master's,Single
568776659,30,female,85885,Retail,Rural,Master's,Married
568776924,46,female,110085,Education,Suburban,Master's,Single
568777364,25,male,56866,Technology,Urban,High School,Married
568778435,46,male,107230,Education,Urban,Master's,Divorced
568779129,41,female,111874,Manufacturing,Urban,Bachelor's,Married
568779598,43,male,73147,Finance,Suburban,Bachelor's,Married
568780413,31,female,84796,Healthcare,Urban,Some College,Single
568780757,37,male,46939,Finance,Urban,Master's,Married
568781398,31,female,25000,Services,Urban,PhD+,Single
568781685,48,female,81000,Finance,Urban,Master's,Married
568781910,35,female,82667,Finance,Urban,Bachelor's,Married
568782081,37,female,74916,Manufacturing,Urban,Master's,Single
568782581,48,female,63242,Retail,Rural,High School,Married
568782995,52,female,81453,Healthcare,Urban,Master's,Married
568783294,57,female,115395,Services,Urban,Some College,Married
568783448,47,female,60036,Services,Urban,PhD+,Married
568783628,28,male,64541,Finance,Urban,PhD+,Married
568783792,34,female,83228,Retail,Suburban,High School,Single
568784218,35,male,88686,Manufacturing,Urban,Bachelor's,Married
568784333,47,female,144352,Healthcare,Suburban,Master's,Married
568784337,42,female,71600,Manufacturing,Urban,Master's,Married
568784498,42,male,49282,Manufacturing,Urban,High School,Married
568784851,51,female,80761,Healthcare,Rural,Some College,Single
568787603,25,male,73685,Technology,Urban,Master's,Married
568788163,33,male,86265,Healthcare,Urban,Bachelor's,Single
568788468,35,female,56054,Retail,Suburban,Bachelor's,Divorced
568789585,30,female,64510,Services,Urban,Some College,Married
568789888,26,female,56502,Finance,Urban,Master's,Divorced
568790356,40,female,84439,Manufacturing,Urban,Master's,Divorced
568790544,43,female,85162,Healthcare,Suburban,PhD+,Single
568790656,34,male,54238,Retail,Urban,Bachelor's,Married
568791020,50,male,85397,Education,Urban,PhD+,Widowed
568791407,55,female,83412,Technology,Suburban,Some College,Married
568791551,31,male,62394,Retail,Suburban,Bachelor's,Single
568792441,46,female,70636,Technology,Suburban,Some College,Single
568792692,36,male,83692,Manufacturing,Suburban,High School,Married
568792721,25,female,25000,Services,Rural,High School,Married
568792801,46,male,76193,Healthcare,Suburban,Bachelor's,Married
568793129,52,male,65280,Education,Urban,PhD+,Married
568794806,55,female,95514,Manufacturing,Suburban,High School,Married
568795532,29,male,83473,Education,Suburban,PhD+,Married
568795562,30,male,97748,Manufacturing,Suburban,High School,Single
568797382,47,female,73046,Manufacturing,Urban,High School,Single
568797838,33,male,51774,Education,Urban,High School,Married
568799769,34,male,74631,Healthcare,Suburban,Master's,Married
568799855,36,male,63345,Education,Urban,PhD+,Married
568799874,26,male,54082,Healthcare,Rural,PhD+,Married
568801511,44,male,75469,Other,Rural,Bachelor's,Married
568804062,37,male,79183,Services,Suburban,High School,Married
568805468,41,female,77772,Technology,Suburban,Master's,Married
568805560,38,female,88626,Healthcare,Rural,Master's,Married
568805755,33,female,93103,Education,Urban,Bachelor's,Married
568806029,36,male,57210,Education,Urban,Master's,Single
568806343,38,male,28738,Services,Urban,High School,Married
568806454,51,male,53421,Technology,Urban,Bachelor's,Married
568806649,49,female,82388,Healthcare,Urban,PhD+,Married
568807531,35,female,52148,Manufacturing,Urban,High School,Married
568807732,38,male,82343,Healthcare,Rural,Some College,Married
568808233,45,male,117379,Finance,Urban,Master's,Married
568810821,61,male,109658,Finance,Suburban,Bachelor's,Married
568813040,53,male,64087,Healthcare,Urban,High School,Widowed
568814058,24,male,39472,Retail,Urban,High School,Single
568817169,48,male,76406,Technology,Urban,Some College,Single
568817719,30,female,77708,Retail,Rural,Some College,Married
568818636,41,male,75671,Technology,Suburban,Some College,Married
568819127,45,male,56231,Manufacturing,Suburban,Bachelor's,Married
568823155,43,female,61366,Healthcare,Suburban,Bachelor's,Single
568824966,33,female,61590,Education,Suburban,High School,Married
568826117,53,female,115850,Finance,Urban,Bachelor's,Widowed
568826257,48,female,101681,Manufacturing,Suburban,High School,Single
568829316,46,female,77994,Technology,Urban,PhD+,Divorced
568830454,42,male,62368,Manufacturing,Urban,High School,Married
568831413,39,male,83228,Finance,Urban,Master's,Married
568833780,39,female,60361,Retail,Urban,Bachelor's,Single
568833833,30,female,74665,Retail,Urban,High School,Single
568834070,20,male,75940,Healthcare,Rural,Bachelor's,Married
568836063,30,female,66310,Technology,Urban,Master's,Single
568838051,37,female,85132,Finance,Urban,Master's,Married
568848839,52,female,91388,Education,Urban,Master's,Married
568850372,46,male,125610,Healthcare,Urban,Master's,Divorced
568856321,56,male,92952,Technology,Suburban,Bachelor's,Married
568858491,52,male,81542,Services,Suburban,Bachelor's,Married
568859478,42,female,74553,Healthcare,Suburban,PhD+,Married
568867377,28,male,111923,Technology,Urban,Bachelor's,Married
568871125,34,female,61796,Technology,Urban,Master's,Married
568874704,30,female,67394,Manufacturing,Rural,High School,Married
568878893,46,female,108069,Finance,Rural,Bachelor's,Married
568880708,44,male,94188,Finance,Suburban,Master's,Married
568881597,47,female,77150,Education,Suburban,PhD+,Married
568884834,38,female,58446,Finance,Urban,Master's,Married
568886901,46,female,52783,Services,Urban,Some College,Widowed
568887195,51,male,88048,Technology,Urban,Master's,Married
568890013,39,male,87589,Healthcare,Suburban,Master's,Single
568899025,36,male,72445,Healthcare,Urban,Master's,Married
568905759,23,male,59343,Services,Urban,High School,Single
568907660,35,male,94993,Finance,Urban,Bachelor's,Divorced
568912623,47,male,101163,Healthcare,Urban,Master's,Married
568914925,58,male,72067,Technology,Urban,PhD+,Divorced
568915915,41,male,76878,Healthcare,Urban,Some College,Married
568916813,40,female,41939,Technology,Urban,Master's,Married
568920700,36,male,92338,Technology,Suburban,Master's,Married
568922824,34,female,73377,Services,Urban,High School,Single
568924470,45,female,99344,Healthcare,Urban,Bachelor's,Single
568925685,32,male,84429,Education,Urban,Master's,Married
568928596,39,female,63155,Healthcare,Urban,PhD+,Married
568931564,31,male,87031,Finance,Suburban,Master's,Single
568936126,48,male,65904,Technology,Urban,Bachelor's,Single
568938432,28,male,34008,Education,Urban,PhD+,Single
568939888,50,female,119021,Technology,Suburban,Bachelor's,Married
568943088,37,female,80781,Education,Suburban,PhD+,Married
568946299,51,female,107615,Healthcare,Rural,Bachelor's,Married
568947025,44,male,68673,Technology,Urban,Bachelor's,Single
568956464,34,female,65378,Technology,Urban,High School,Married
568961378,49,male,77796,Manufacturing,Urban,PhD+,Married
568975441,32,female,57032,Retail,Urban,Bachelor's,Married
568982894,56,female,78435,Healthcare,Suburban,Master's,Married
568987774,39,female,40073,Education,Urban,Bachelor's,Single
568995992,33,female,53798,Finance,Urban,PhD+,Married
568996375,52,female,110253,Healthcare,Urban,PhD+,Married
568997884,25,male,62579,Retail,Urban,Some College,Single
568999030,27,male,51240,Technology,Suburban,Bachelor's,Single
568999410,47,male,73415,Manufacturing,Urban,High School,Divorced
569010170,53,male,113192,Healthcare,Suburban,Master's,Married
569014927,37,female,54265,Education,Urban,Master's,Married
569015146,52,male,76420,Healthcare,Urban,Bachelor's,Married
569015906,47,male,62255,Finance,Suburban,Master's,Married
569028770,30,female,36573,Healthcare,Urban,Bachelor's,Divorced
569029053,35,female,89448,Education,Rural,Master's,Married
569038711,50,female,98280,Education,Urban,Master's,Married
569047952,39,female,83534,Manufacturing,Suburban,Bachelor's,Married
569053977,40,female,59329,Technology,Urban,Bachelor's,Divorced
569069439,29,male,53138,Manufacturing,Urban,Some College,Married
569085512,35,female,102251,Education,Suburban,Bachelor's,Married
569098373,40,female,82909,Retail,Urban,Bachelor's,Married
569099504,41,male,59184,Services,Rural,Bachelor's,Married
569120677,38,male,85245,Education,Urban,Bachelor's,Married
569120913,36,female,59213,Manufacturing,Urban,Some College,Married
569134557,49,female,25000,Services,Urban,High School,Divorced
569152548,37,female,78708,Technology,Urban,Master's,Married
569164870,45,male,73255,Education,Suburban,Bachelor's,Married
569175241,29,male,38586,Retail,Urban,Some College,Married
569177081,59,male,73412,Services,Urban,High School,Married
569180313,54,female,103293,Manufacturing,Suburban,Some College,Divorced
569180698,36,female,53288,Education,Urban,Master's,Married
569181579,27,male,71939,Retail,Suburban,High School,Single
569182128,46,female,82847,Retail,Suburban,High School,Single
569183130,47,female,106354,Finance,Urban,Bachelor's,Married
569185925,47,male,83107,Services,Suburban,Some College,Married
569191875,49,female,108645,Technology,Urban,Bachelor's,Married
569193097,45,male,75342,Services,Urban,High School,Divorced
569197757,53,female,79546,Healthcare,Urban,Bachelor's,Widowed
569212682,44,male,89258,Finance,Urban,Master's,Divorced
569226183,36,male,77607,Manufacturing,Urban,Bachelor's,Married
569226897,49,female,70255,Finance,Urban,Bachelor's,Married
569231919,33,female,47438,Retail,Urban,High School,Single
569232429,40,female,82213,Manufacturing,Suburban,Some College,Married
569236580,40,female,44916,Retail,Rural,High School,Married
569241997,50,male,110130,Finance,Urban,Bachelor's,Married
569244460,34,female,75057,Manufacturing,Suburban,Some College,Single
569253309,34,female,90955,Technology,Suburban,Bachelor's,Married
569253932,48,male,87301,Technology,Urban,PhD+,Widowed
569267484,49,female,120013,Healthcare,Urban,Bachelor's,Married
569277378,35,female,107081,Finance,Urban,Master's,Married
569288154,46,male,58307,Healthcare,Suburban,Master's,Married
569299061,49,male,64047,Services,Suburban,Some College,Divorced
569299153,51,male,83715,Finance,Urban,Bachelor's,Divorced
569315707,47,female,53307,Technology,Urban,Bachelor's,Married
569318189,48,male,66031,Finance,Urban,Bachelor's,Divorced
569321683,49,male,72248,Finance,Suburban,Bachelor's,Married
569331679,44,male,83383,Retail,Urban,Bachelor's,Single
569333570,34,male,67240,Finance,Urban,Bachelor's,Married
569335945,29,male,77843,Technology,Urban,Bachelor's,Married
569337276,30,male,65992,Healthcare,Urban,Master's,Married
569340385,36,female,91900,Education,Urban,Master's,Married
569345108,22,male,25686,Retail,Urban,Some College,Single
569350136,39,male,107377,Technology,Urban,Bachelor's,Single
569350160,42,female,82474,Finance,Urban,Bachelor's,Married
569350786,38,male,111158,Finance,Suburban,Master's,Married
569353782,45,male,89298,Finance,Urban,Some College,Single
569356590,41,male,59066,Technology,Urban,Bachelor's,Single
569366628,40,female,74644,Services,Suburban,Master's,Single
569376453,44,female,87053,Manufacturing,Suburban,Master's,Married
569380880,31,male,25913,Services,Urban,High School,Single
569382129,38,female,25000,Services,Urban,High School,Divorced
569384502,44,female,46954,Technology,Suburban,Master's,Single
569387608,44,female,54859,Technology,Urban,PhD+,Divorced
569390997,44,male,115849,Healthcare,Urban,Bachelor's,Married
569404448,30,female,85820,Healthcare,Urban,Master's,Married
569405188,43,male,89359,Technology,Suburban,Master's,Married
569415530,33,female,49409,Retail,Urban,Some College,Married
569415660,39,female,63730,Finance,Urban,Master's,Married
569419334,35,male,73106,Technology,Urban,Master's,Married
569422381,56,female,97003,Healthcare,Suburban,High School,Married
569431531,35,female,68188,Education,Urban,Master's,Married
569438376,44,male,71487,Healthcare,Urban,Bachelor's,Married
569442779,56,female,135910,Education,Suburban,Master's,Married
569446269,39,female,87128,Healthcare,Urban,PhD+,Divorced
569449563,34,male,53887,Technology,Urban,PhD+,Married
569452500,50,female,113001,Education,Urban,Bachelor's,Married
569460590,34,male,60743,Manufacturing,Suburban,High School,Married
569466582,35,male,91725,Manufacturing,Urban,High School,Married
569470311,32,female,58761,Healthcare,Urban,Some College,Divorced
569485941,29,female,65276,Manufacturing,Urban,Bachelor's,Married
569492573,27,male,27838,Education,Rural,Master's,Married
569494023,26,male,78504,Education,Urban,Bachelor's,Single
569503152,26,male,35901,Retail,Rural,Some College,Single
569511665,29,female,92400,Technology,Suburban,Bachelor's,Single
569530467,25,female,41344,Manufacturing,Rural,Bachelor's,Single
569542258,47,female,82450,Education,Suburban,PhD+,Widowed
569546183,24,male,43494,Retail,Suburban,High School,Single
569547602,28,male,43059,Healthcare,Rural,High School,Single
569560953,48,male,33174,Services,Urban,High School,Married
569561827,39,female,104883,Finance,Urban,PhD+,Married
569562108,35,female,60934,Services,Suburban,High School,Married
569563075,40,male,86587,Technology,Urban,PhD+,Single
569567950,35,female,107425,Technology,Urban,Some College,Divorced
569572584,51,male,89842,Services,Suburban,Some College,Married
569577679,43,male,84044,Healthcare,Urban,Some College,Married
569585984,30,male,86049,Finance,Suburban,Master's,Married
569594475,54,male,108240,Healthcare,Suburban,PhD+,Divorced
569600436,39,male,65335,Technology,Urban,Master's,Married
569602996,21,female,43990,Other,Urban,Some College,Single
569608320,43,female,105134,Healthcare,Rural,Bachelor's,Married
569609789,37,male,94562,Finance,Urban,Master's,Married
569612289,34,male,105552,Healthcare,Rural,Master's,Married
569612474,32,male,38288,Services,Suburban,Some College,Single
569613577,42,female,28824,Manufacturing,Rural,Some College,Married
569617154,34,female,25000,Retail,Suburban,High School,Married
569617646,31,male,81115,Services,Suburban,High School,Married
569625394,40,male,109653,Technology,Urban,Some College,Married
569635921,35,female,109468,Healthcare,Suburban,Master's,Widowed
569640220,31,male,75490,Healthcare,Urban,Bachelor's,Single
569655250,50,male,134537,Technology,Suburban,Master's,Single
569674528,32,female,84862,Education,Suburban,Bachelor's,Married
569678776,39,female,75052,Technology,Urban,Bachelor's,Single
569695466,40,female,62406,Manufacturing,Urban,Bachelor's,Married
569704097,34,male,50843,Finance,Suburban,Master's,Single
569705422,35,male,69109,Manufacturing,Urban,High School,Married
569711447,43,female,94887,Services,Urban,Bachelor's,Married
569713232,47,male,92637,Healthcare,Suburban,Bachelor's,Single
569720587,49,male,63730,Education,Suburban,Master's,Married
569726922,28,female,59458,Education,Rural,Master's,Married
569739193,42,male,104655,Finance,Urban,Master's,Married
569739271,34,male,42472,Technology,Urban,Master's,Single
569739591,37,male,63030,Healthcare,Urban,High School,Married
569741791,27,male,28791,Services,Urban,High School,Married
569759529,31,male,60954,Finance,Urban,Bachelor's,Married
569763423,37,male,78815,Education,Urban,Bachelor's,Married
569766323,41,female,65453,Retail,Urban,High School,Married
569768141,48,male,88050,Finance,Suburban,Master's,Married
569769634,37,female,60354,Education,Rural,Master's,Married
569772919,42,female,64104,Healthcare,Suburban,High School,Married
569778729,45,female,51523,Education,Urban,Master's,Married
569789712,32,male,76241,Technology,Urban,Master's,Single
569794725,46,male,43389,Technology,Urban,PhD+,Single
569798869,40,male,77096,Technology,Urban,Bachelor's,Married
569825860,39,female,78100,Manufacturing,Urban,Bachelor's,Married
569837569,46,female,72723,Manufacturing,Rural,Some College,Married
569848430,34,female,82321,Retail,Urban,High School,Divorced
569852783,45,male,65057,Education,Urban,PhD+,Married
569871319,50,female,39410,Healthcare,Urban,Bachelor's,Divorced
569872239,39,male,88118,Services,Urban,Bachelor's,Married
569884424,36,male,58082,Finance,Urban,Bachelor's,Married
569889974,29,male,68624,Technology,Urban,Bachelor's,Divorced
569917454,56,male,89885,Services,Suburban,High School,Married
569927881,24,male,76735,Retail,Urban,High School,Single
569933355,42,male,32351,Healthcare,Suburban,Master's,Married
569936498,27,male,90082,Finance,Urban,Bachelor's,Single
569938202,23,male,86667,Services,Urban,Some College,Single
569940642,42,male,72957,Healthcare,Urban,Master's,Married
569942616,33,female,116401,Finance,Urban,High School,Married
569943917,34,male,99608,Technology,Urban,Bachelor's,Married
569945258,40,male,37414,Retail,Urban,Some College,Married
569952674,51,female,77778,Education,Urban,Master's,Married
569953931,43,female,91112,Technology,Suburban,Bachelor's,Married
569954260,38,male,100251,Technology,Urban,Bachelor's,Married
569955160,32,female,37101,Retail,Suburban,Some College,Married
569959410,46,female,120978,Technology,Suburban,Bachelor's,Single
569962606,42,female,84131,Healthcare,Urban,Bachelor's,Married
569965082,44,male,91301,Other,Rural,Master's,Married
569971947,24,male,48427,Services,Urban,Some College,Single
569973667,49,male,73244,Technology,Urban,Master's,Single
569973892,43,female,106385,Finance,Suburban,Bachelor's,Married
569976344,38,male,65290,Retail,Urban,Master's,Divorced
569977726,29,female,48775,Technology,Urban,PhD+,Divorced
569977764,57,female,91608,Education,Urban,Master's,Married
569988642,38,female,69431,Services,Suburban,Some College,Married
569997901,36,female,59271,Finance,Urban,High School,Married
570003807,32,female,118822,Healthcare,Suburban,PhD+,Single
570007105,35,male,78925,Education,Urban,Master's,Married
570014721,48,male,90463,Education,Rural,Master's,Married
570024864,33,male,99123,Technology,Urban,Bachelor's,Single
570024892,39,female,37879,Healthcare,Rural,Some College,Married
570045751,47,female,56477,Technology,Urban,Bachelor's,Married
570048919,43,male,117092,Education,Suburban,Master's,Married
570049818,47,female,82182,Manufacturing,Rural,Bachelor's,Single
570051056,43,male,75235,Services,Rural,Bachelor's,Married
570053959,39,male,54102,Healthcare,Suburban,PhD+,Married
570059861,32,male,42564,Finance,Urban,Bachelor's,Married
570084050,33,female,104836,Technology,Suburban,Master's,Single
570088043,30,female,107547,Technology,Suburban,Some College,Single
570099224,40,male,56614,Finance,Suburban,PhD+,Married
570102232,42,female,74317,Education,Suburban,Master's,Married
570110149,31,male,63174,Education,Urban,Master's,Single
570124099,36,female,69278,Healthcare,Rural,Bachelor's,Married
570138479,49,male,119390,Healthcare,Suburban,PhD+,Married
570140511,60,male,91473,Manufacturing,Rural,Master's,Married
570149330,51,male,73347,Education,Urban,Master's,Married
570150818,33,female,34594,Retail,Urban,High School,Single
570157994,39,female,61460,Healthcare,Suburban,Master's,Divorced
570159170,46,male,65410,Manufacturing,Suburban,High School,Married
570184180,46,female,85195,Retail,Suburban,High School,Married
570186106,43,male,100674,Healthcare,Rural,Master's,Married
570201307,38,female,67411,Healthcare,Suburban,Master's,Married
570201972,33,female,87670,Finance,Suburban,Bachelor's,Married
570204742,40,male,27988,Retail,Urban,High School,Single
570205813,63,female,89510,Education,Suburban,Some College,Divorced
570210242,39,female,92917,Finance,Urban,Bachelor's,Married
570210480,35,female,73825,Healthcare,Urban,High School,Married
570213102,55,female,95076,Technology,Urban,PhD+,Married
570214944,39,male,72394,Education,Urban,Some College,Married
570222678,46,male,89285,Technology,Urban,Master's,Single
570224075,36,male,74599,Education,Urban,Bachelor's,Single
570242301,30,male,91083,Other,Suburban,Bachelor's,Married
570256845,46,male,97310,Finance,Suburban,Master's,Married
570260021,45,male,72764,Healthcare,Suburban,PhD+,Single
570264122,28,female,68749,Finance,Urban,Some College,Married
570266612,41,male,73812,Education,Suburban,Bachelor's,Married
570281272,41,female,31710,Healthcare,Urban,Bachelor's,Married
570296282,40,male,61815,Finance,Urban,High School,Married
570296707,55,female,86195,Education,Rural,PhD+,Divorced
570300982,44,male,74484,Technology,Suburban,Bachelor's,Married
570301399,44,female,67473,Education,Urban,Bachelor's,Married
570366486,41,male,114192,Technology,Urban,Master's,Divorced
570367940,42,male,76935,Retail,Urban,High School,Single
570379546,37,female,89764,Technology,Rural,Bachelor's,Married
570381603,54,female,99874,Finance,Suburban,PhD+,Married
570382057,42,female,80482,Education,Suburban,Master's,Married
570382453,52,female,81514,Healthcare,Suburban,High School,Divorced
570383426,29,female,71348,Technology,Urban,Master's,Married
570391292,56,male,109072,Education,Suburban,Master's,Divorced
570394878,34,male,44809,Technology,Urban,High School,Single
570421336,42,male,73861,Finance,Urban,Master's,Married
570426178,53,male,42132,Education,Suburban,PhD+,Divorced
570436221,41,male,74275,Manufacturing,Suburban,Master's,Married
570444225,42,female,83931,Services,Urban,Master's,Married
570444987,55,male,95016,Technology,Urban,PhD+,Married
570462872,33,male,37457,Other,Urban,High School,Single
570467939,47,female,69011,Education,Suburban,Master's,Single
570469504,56,female,102827,Technology,Urban,PhD+,Married
570475649,38,male,75832,Healthcare,Urban,Master's,Single
570476864,33,female,90429,Technology,Suburban,PhD+,Married
570478433,43,female,89471,Healthcare,Suburban,PhD+,Married
570493324,45,female,108004,Healthcare,Urban,PhD+,Married
570498200,50,male,28267,Manufacturing,Urban,Some College,Married
570500831,39,male,45497,Healthcare,Rural,Bachelor's,Married
570503870,49,male,75870,Services,Urban,Bachelor's,Married
570508037,45,female,85966,Services,Suburban,Bachelor's,Married
570509087,46,female,99051,Education,Rural,Some College,Married
570514437,27,female,62368,Healthcare,Urban,Bachelor's,Single
570516183,34,male,71212,Other,Rural,Bachelor's,Married
570518145,34,male,62171,Finance,Suburban,Master's,Single
570524987,43,female,61852,Education,Suburban,PhD+,Married
570538062,31,male,85230,Services,Suburban,Some College,Married
570566675,26,male,58306,Healthcare,Urban,Master's,Single
570573124,42,female,71417,Healthcare,Urban,Bachelor's,Divorced
570579214,40,male,91460,Services,Suburban,Some College,Married
570586681,43,male,41001,Education,Urban,Master's,Married
570588666,35,male,83014,Healthcare,Suburban,Master's,Married
570594101,43,male,66827,Finance,Urban,Bachelor's,Married
570595193,26,female,44703,Services,Urban,Master's,Single
570597968,52,male,58731,Technology,Urban,Bachelor's,Married
570599782,38,female,86562,Services,Urban,High School,Married
570602129,38,female,54577,Healthcare,Suburban,Bachelor's,Married
570603104,27,male,61779,Retail,Urban,High School,Single
570604804,39,male,60198,Education,Suburban,Master's,Married
570608113,60,female,61695,Finance,Urban,PhD+,Widowed
570613003,51,male,78992,Finance,Urban,Bachelor's,Married
570614349,42,male,94324,Education,Urban,Master's,Single
570614782,34,male,75450,Other,Urban,Bachelor's,Married
570653368,41,female,73216,Healthcare,Rural,Bachelor's,Divorced
570669001,28,male,68681,Other,Urban,Master's,Single
570670581,55,male,76257,Healthcare,Urban,Bachelor's,Married
570686598,39,male,68485,Education,Suburban,Master's,Divorced
570692940,35,female,99413,Technology,Urban,Master's,Divorced
570699511,39,female,92254,Finance,Urban,Bachelor's,Single
570705510,41,male,57186,Education,Urban,Master's,Married
570725725,40,female,72801,Retail,Suburban,High School,Married
570734267,31,female,81702,Technology,Urban,Master's,Married
570778506,42,male,60198,Retail,Urban,Master's,Single
570780043,55,female,85827,Manufacturing,Suburban,High School,Married
570781900,39,male,83586,Technology,Urban,PhD+,Married
570803401,47,male,82879,Finance,Suburban,Master's,Married
570806407,36,male,116215,Other,Urban,Bachelor's,Married
570814443,35,female,79902,Technology,Urban,Bachelor's,Married
570822953,47,male,80982,Healthcare,Rural,PhD+,Married
570833766,55,female,70198,Technology,Urban,Master's,Divorced
570845112,35,male,57043,Services,Suburban,Some College,Single
570854001,43,female,66189,Technology,Urban,Bachelor's,Married
570860257,40,male,81629,Healthcare,Urban,Bachelor's,Divorced
570861307,48,female,84792,Manufacturing,Urban,Bachelor's,Married
570868352,33,female,69798,Healthcare,Urban,Master's,Married
570871799,44,male,57935,Finance,Urban,Some College,Married
570889962,33,female,49482,Manufacturing,Suburban,Some College,Single
570913959,43,male,62023,Technology,Urban,Some College,Married
570926132,33,female,42095,Manufacturing,Urban,Bachelor's,Married
570930784,43,male,63390,Technology,Urban,Bachelor's,Married
570932579,29,male,62831,Technology,Urban,Master's,Single
570951036,24,male,49525,Healthcare,Urban,Bachelor's,Married
570975421,48,male,25000,Healthcare,Urban,Bachelor's,Married
570987743,45,female,68981,Finance,Urban,Master's,Married
571000107,29,female,25000,Healthcare,Urban,Master's,Single
571008013,36,male,45397,Technology,Urban,Bachelor's,Married
571023676,34,male,66695,Finance,Urban,PhD+,Married
571033614,49,female,91794,Finance,Suburban,PhD+,Married
571045403,54,female,50887,Healthcare,Urban,Bachelor's,Single
571057217,43,male,84160,Healthcare,Suburban,PhD+,Divorced
571059835,39,female,83045,Retail,Urban,Bachelor's,Divorced
571066710,35,female,102430,Manufacturing,Suburban,High School,Single
571074785,46,female,108495,Manufacturing,Urban,High School,Married
571104184,35,female,77933,Technology,Suburban,Bachelor's,Single
571120548,40,male,55171,Other,Urban,Master's,Married
571125400,49,male,64817,Finance,Urban,Bachelor's,Married
571176076,48,male,88186,Services,Urban,High School,Divorced
571186219,48,female,144115,Education,Suburban,Master's,Single
571212910,33,female,43219,Technology,Suburban,Bachelor's,Single
571222056,34,female,85809,Retail,Urban,Bachelor's,Married
571261823,42,female,77139,Manufacturing,Urban,High School,Married
571263417,41,male,88524,Healthcare,Urban,Master's,Married
571277547,39,female,83039,Education,Urban,Master's,Married
571279474,50,male,100254,Manufacturing,Urban,Bachelor's,Married
571279507,39,male,89714,Technology,Urban,Bachelor's,Single
571281603,40,male,133106,Technology,Suburban,Some College,Divorced
571286842,51,female,101839,Technology,Suburban,PhD+,Divorced
571289086,34,male,48699,Technology,Urban,Some College,Single
571292995,36,male,78504,Retail,Urban,High School,Single
571294887,35,female,88402,Technology,Urban,PhD+,Single
571297530,45,male,49326,Finance,Suburban,Master's,Married
571300149,56,female,125271,Finance,Urban,Bachelor's,Divorced
571301706,32,male,70522,Other,Suburban,Some College,Single
571306155,31,male,62360,Education,Suburban,Master's,Married
571306487,45,female,36396,Manufacturing,Urban,Bachelor's,Married
571308570,36,male,68308,Finance,Urban,Some College,Single
571320128,42,male,63850,Services,Urban,High School,Married
571330568,46,male,63126,Finance,Urban,Bachelor's,Single
571342748,39,female,84206,Healthcare,Urban,Master's,Married
571349399,32,male,59039,Education,Urban,Bachelor's,Divorced
571359445,50,male,103390,Manufacturing,Urban,Bachelor's,Married
571361499,43,male,57977,Retail,Urban,High School,Divorced
571365955,49,male,92843,Manufacturing,Suburban,Bachelor's,Married
571367415,43,female,55357,Technology,Urban,Some College,Married
571373833,27,male,87661,Other,Suburban,Bachelor's,Married
571413463,35,male,61926,Healthcare,Urban,Bachelor's,Married
571425182,27,male,78190,Services,Urban,Some College,Married
571425768,37,male,87808,Technology,Urban,Some College,Married
571426188,34,female,84930,Retail,Urban,Bachelor's,Single
571431781,26,male,49472,Technology,Urban,PhD+,Single
571445970,38,female,34340,Education,Urban,Master's,Single
571457589,27,male,56037,Healthcare,Suburban,PhD+,Single
571460150,47,male,66330,Finance,Urban,Master's,Single
571464119,44,female,36163,Technology,Suburban,Some College,Married
571464765,24,male,66045,Other,Rural,High School,Single
571465645,44,male,48541,Finance,Urban,PhD+,Married
571467445,40,female,73481,Retail,Urban,Some College,Married
571468737,46,female,111226,Healthcare,Urban,Some College,Married
571475007,41,female,55697,Healthcare,Urban,Bachelor's,Married
571477688,35,female,72829,Education,Urban,PhD+,Married
571480266,35,female,56951,Retail,Rural,High School,Married
571481697,51,female,85045,Education,Urban,High School,Divorced
571482265,38,male,67564,Technology,Rural,Master's,Married
571483952,36,female,41176,Technology,Urban,Bachelor's,Married
571495205,53,male,116427,Manufacturing,Suburban,Some College,Divorced
571497654,52,male,88533,Technology,Suburban,Master's,Married
571501019,34,male,38441,Services,Rural,Some College,Married
571501895,47,male,78553,Education,Suburban,Master's,Married
571508101,34,male,71211,Technology,Suburban,Bachelor's,Married
571508375,35,female,63596,Manufacturing,Urban,Some College,Single
571508465,39,female,94568,Services,Urban,Some College,Married
571508825,40,male,113206,Finance,Urban,Bachelor's,Married
571510048,35,male,90815,Healthcare,Suburban,High School,Married
571511792,37,female,56868,Manufacturing,Rural,Some College,Married
571517425,30,male,81422,Education,Rural,PhD+,Married
571518412,43,male,37620,Services,Suburban,Master's,Married
571522388,34,female,50022,Services,Rural,High School,Divorced
571522979,42,male,113433,Healthcare,Urban,Master's,Married
571524814,43,male,79674,Manufacturing,Urban,High School,Single
571525348,41,male,78982,Education,Suburban,Bachelor's,Married
571527781,39,female,108529,Technology,Suburban,Some College,Married
571531595,36,male,69689,Healthcare,Urban,PhD+,Married
571531658,30,female,83270,Finance,Suburban,Master's,Married
571532025,29,male,45183,Retail,Urban,High School,Single
571533401,32,female,58868,Services,Rural,High School,Single
571535397,30,male,74917,Technology,Urban,Bachelor's,Married
571539009,41,male,95319,Manufacturing,Rural,High School,Divorced
571539547,37,male,102487,Finance,Urban,Bachelor's,Married
571549750,36,female,56259,Services,Urban,High School,Married
571551407,45,female,77705,Services,Rural,High School,Married
571551802,30,male,25000,Services,Suburban,Master's,Married
571558242,30,male,71620,Technology,Suburban,High School,Married
571559224,42,female,103287,Finance,Rural,PhD+,Single
571564331,18,female,61310,Healthcare,Urban,PhD+,Single
571564891,34,female,30286,Other,Suburban,High School,Single
571572772,50,female,103008,Healthcare,Suburban,PhD+,Married
571574733,37,male,71050,Manufacturing,Urban,High School,Married
571578996,38,female,50402,Education,Rural,Master's,Married
571580672,35,male,43675,Manufacturing,Rural,Some College,Married
571581358,39,female,55194,Healthcare,Urban,Some College,Divorced
571584838,43,female,72506,Technology,Urban,Master's,Divorced
571588094,40,male,65541,Technology,Urban,Bachelor's,Married
571593274,52,male,73735,Healthcare,Urban,High School,Married
571595052,43,female,75428,Technology,Rural,Master's,Divorced
571614477,41,male,85071,Technology,Suburban,Bachelor's,Married
571632001,38,male,98216,Finance,Suburban,PhD+,Married
571648138,36,female,80723,Technology,Urban,Bachelor's,Single
571648515,39,male,74507,Retail,Urban,Master's,Married
571658571,35,male,97855,Education,Urban,Bachelor's,Married
571658589,36,male,49598,Other,Urban,Master's,Married
571659458,38,male,25000,Services,Urban,Some College,Married
571662501,38,female,54347,Finance,Urban,Bachelor's,Married
571663686,35,female,96284,Technology,Suburban,Master's,Divorced
571665603,31,male,86712,Education,Urban,Master's,Single
571668197,32,male,115791,Finance,Urban,Bachelor's,Single
571673973,51,male,56902,Technology,Rural,PhD+,Married
571674380,37,male,67067,Healthcare,Rural,PhD+,Divorced
571676213,54,male,70211,Education,Urban,Bachelor's,Divorced
571678765,43,male,106229,Manufacturing,Suburban,High School,Married
571680197,42,male,59492,Manufacturing,Suburban,Some College,Married
571680355,40,female,89156,Healthcare,Suburban,Master's,Single
571681009,48,female,74711,Technology,Urban,Bachelor's,Married
571682081,32,male,101310,Finance,Suburban,Master's,Single
571683366,37,female,82036,Finance,Urban,Master's,Married
571683957,31,female,61694,Healthcare,Urban,Some College,Married
571685994,26,male,51968,Technology,Urban,Master's,Married
571686024,28,male,102519,Manufacturing,Suburban,Master's,Single
571687862,42,male,87235,Technology,Urban,Master's,Single
571688536,46,female,88000,Finance,Urban,PhD+,Married
571694895,49,female,78341,Finance,Suburban,Master's,Married
571695043,49,female,78463,Education,Suburban,Bachelor's,Single
571696293,31,male,47897,Healthcare,Suburban,Bachelor's,Single
571697900,32,male,67168,Technology,Urban,Master's,Married
571700244,32,female,45786,Healthcare,Rural,Bachelor's,Married
571700472,44,female,65226,Services,Rural,Bachelor's,Divorced
571707206,33,female,47756,Finance,Urban,Bachelor's,Married
571707384,46,female,87945,Finance,Urban,PhD+,Married
571707799,39,female,74320,Healthcare,Urban,PhD+,Married
571711428,49,female,62721,Finance,Suburban,Master's,Divorced
571711718,38,male,57717,Education,Urban,Bachelor's,Divorced
571713089,50,female,74566,Other,Suburban,Bachelor's,Married
571717161,44,female,69110,Education,Urban,Master's,Single
571717776,48,male,38553,Other,Urban,Bachelor's,Married
571721186,45,male,53713,Healthcare,Urban,PhD+,Married
571728864,36,male,71341,Healthcare,Urban,Master's,Married
571733882,45,male,77723,Healthcare,Suburban,Master's,Married
571737604,35,female,47539,Services,Suburban,Bachelor's,Married
571742877,38,male,34399,Education,Urban,Bachelor's,Divorced
571750472,42,male,63159,Services,Suburban,Some College,Married
571750597,33,female,94962,Education,Urban,Master's,Married
571754875,51,male,112157,Healthcare,Urban,Bachelor's,Married
571756991,44,male,70273,Technology,Urban,Bachelor's,Married
571758466,36,female,78947,Manufacturing,Suburban,High School,Divorced
571758697,44,female,68055,Healthcare,Suburban,Bachelor's,Married
571760764,45,male,79165,Finance,Urban,Some College,Single
571782295,43,female,51709,Healthcare,Suburban,Master's,Divorced
571789285,45,male,56368,Healthcare,Suburban,Bachelor's,Married
571789879,37,female,76114,Manufacturing,Urban,PhD+,Married
571790582,37,male,25000,Manufacturing,Suburban,Bachelor's,Widowed
571794361,32,male,38760,Services,Urban,Some College,Single
571797466,32,male,52613,Other,Rural,Bachelor's,Married
571799312,50,male,102886,Manufacturing,Urban,Some College,Married
571800708,37,female,46056,Retail,Urban,Bachelor's,Married
571804357,36,female,46421,Technology,Urban,Some College,Single
571804757,39,female,56978,Finance,Urban,Some College,Married
571804866,43,female,56320,Finance,Urban,Bachelor's,Married
571817535,38,female,81044,Technology,Urban,PhD+,Married
571819651,42,female,63071,Education,Suburban,PhD+,Married
571836424,48,male,52184,Healthcare,Urban,Master's,Single
571843333,38,female,85923,Services,Urban,High School,Divorced
571846319,31,male,80199,Technology,Urban,Master's,Single
571853173,60,male,118181,Finance,Urban,Bachelor's,Married
571856367,35,female,75219,Retail,Urban,Some College,Married
571858089,51,male,93773,Manufacturing,Suburban,Some College,Married
571864436,38,female,56923,Finance,Suburban,PhD+,Divorced
571866024,26,male,62733,Manufacturing,Urban,Bachelor's,Married
571872098,33,female,54467,Services,Rural,Some College,Married
571872987,30,female,92035,Technology,Suburban,Bachelor's,Divorced
571877473,30,male,58663,Services,Suburban,High School,Single
571881641,29,male,84796,Retail,Urban,High School,Married
571882212,47,male,81057,Technology,Urban,Master's,Divorced
571887434,36,female,32358,Manufacturing,Rural,Bachelor's,Married
571888002,37,male,52063,Services,Urban,High School,Married
571894772,44,female,86221,Manufacturing,Rural,High School,Married
571895681,46,female,99668,Manufacturing,Urban,Bachelor's,Married
571897283,28,male,54475,Healthcare,Urban,Bachelor's,Married
571897956,40,male,66915,Services,Urban,Bachelor's,Married
571901017,43,male,94616,Healthcare,Suburban,Master's,Single
571904985,42,female,74460,Education,Rural,Master's,Married
571906765,50,female,97396,Healthcare,Urban,Bachelor's,Married
571906994,56,male,84770,Technology,Urban,Master's,Married
571908837,48,female,112018,Technology,Urban,Bachelor's,Married
571914972,42,male,74721,Finance,Urban,Bachelor's,Married
571919541,41,female,85792,Education,Urban,Bachelor's,Divorced
571921794,35,female,67275,Services,Urban,High School,Married
571931018,46,male,81580,Education,Urban,Master's,Married
571932130,46,male,98778,Technology,Suburban,PhD+,Single
571932486,46,male,74053,Finance,Urban,Bachelor's,Divorced
571934415,54,female,70854,Education,Urban,Master's,Single
571934605,33,male,81031,Finance,Urban,Some College,Married
571935727,27,female,66568,Technology,Urban,Master's,Single
571940031,39,male,87837,Finance,Suburban,Bachelor's,Married
571940174,38,male,111352,Education,Suburban,Master's,Married
571940777,32,male,71187,Technology,Urban,Master's,Single
571942471,39,male,55896,Manufacturing,Suburban,High School,Married
571943835,57,female,118627,Healthcare,Suburban,Master's,Single
571944210,42,male,66747,Healthcare,Urban,Bachelor's,Married
571944546,44,female,110370,Education,Urban,Master's,Married
571944844,46,female,108570,Healthcare,Urban,Bachelor's,Married
571946724,30,male,56131,Technology,Urban,Bachelor's,Single
571947329,51,female,110853,Education,Urban,Master's,Married
571957276,29,male,71295,Finance,Urban,Bachelor's,Single
571958823,50,female,68275,Technology,Urban,Bachelor's,Single
571961869,40,male,78005,Healthcare,Suburban,Some College,Divorced
571973583,32,female,79616,Services,Suburban,Bachelor's,Single
571989727,37,male,71924,Technology,Urban,Some College,Married
571990196,37,female,45242,Manufacturing,Urban,High School,Married
571997535,37,male,51925,Technology,Urban,Bachelor's,Married
572000133,27,male,76804,Finance,Urban,Some College,Married
572007446,55,female,98540,Healthcare,Suburban,PhD+,Married
572023045,39,male,69681,Education,Urban,Master's,Divorced
572048871,45,male,47475,Technology,Suburban,Master's,Married
572058810,47,male,73740,Finance,Urban,Bachelor's,Married
572059485,27,male,73152,Healthcare,Rural,Bachelor's,Married
572070409,22,female,75714,Healthcare,Suburban,Master's,Single
572079485,46,male,87628,Services,Suburban,Bachelor's,Divorced
572085752,45,female,110340,Education,Suburban,Master's,Single
572088319,39,female,62202,Other,Urban,High School,Married
572088681,37,female,58386,Healthcare,Urban,Master's,Widowed
572091924,30,male,51301,Technology,Suburban,Some College,Single
572094959,43,female,132414,Finance,Suburban,Bachelor's,Married
572095039,45,male,52578,Technology,Suburban,Bachelor's,Married
572096184,32,female,72532,Services,Urban,Master's,Married
572096357,35,female,88667,Education,Suburban,Bachelor's,Widowed
572097959,30,female,62172,Healthcare,Suburban,Bachelor's,Single
572099042,52,female,86820,Technology,Suburban,Bachelor's,Married
572100754,37,male,45693,Healthcare,Urban,Bachelor's,Married
572103461,40,female,101507,Technology,Urban,Master's,Married
572106504,51,female,90081,Services,Urban,Bachelor's,Married
572107279,36,female,79980,Education,Urban,Master's,Married
572115536,28,male,86441,Finance,Urban,Master's,Married
572117936,60,male,83517,Education,Urban,Bachelor's,Single
572127887,47,female,69052,Technology,Urban,High School,Married
572132782,41,female,54309,Healthcare,Rural,PhD+,Married
572134302,35,male,53464,Healthcare,Urban,Some College,Married
572140175,27,female,63793,Healthcare,Urban,Master's,Married
572142940,43,female,96930,Other,Urban,Master's,Married
572143901,49,male,53176,Finance,Suburban,PhD+,Married
572147159,41,female,118672,Healthcare,Suburban,Master's,Married
572148256,39,female,73575,Finance,Urban,Bachelor's,Single
572155087,33,male,52863,Services,Urban,Some College,Married
572157311,54,male,112733,Education,Suburban,PhD+,Single
572159928,44,female,49116,Education,Suburban,Master's,Married
572162688,46,female,93765,Finance,Urban,Bachelor's,Single
572166421,43,male,51947,Technology,Urban,Master's,Single
572173997,35,male,59734,Retail,Urban,Master's,Married
572181389,30,female,45383,Technology,Suburban,Master's,Single
572186041,42,female,71994,Healthcare,Urban,Bachelor's,Single
572186872,32,male,56605,Finance,Suburban,Master's,Single
572189897,34,female,91891,Manufacturing,Suburban,High School,Married
572191109,32,female,45807,Healthcare,Urban,Bachelor's,Married
572200185,40,male,57241,Technology,Suburban,Bachelor's,Married
572207936,46,male,85553,Technology,Suburban,Bachelor's,Married
572217263,30,male,46385,Retail,Urban,High School,Married
572222006,39,female,81961,Education,Urban,Bachelor's,Married
572225988,47,female,55576,Other,Urban,High School,Married
572229985,35,female,44057,Education,Urban,Master's,Married
572235387,32,male,58006,Finance,Urban,Master's,Single
572245117,30,female,41082,Healthcare,Urban,Master's,Married
572249627,37,male,73776,Retail,Suburban,High School,Married
572252439,44,female,116853,Education,Urban,Bachelor's,Divorced
572252665,35,female,86697,Retail,Urban,Bachelor's,Married
572272289,48,female,68766,Technology,Urban,Bachelor's,Married
572273638,31,male,49172,Healthcare,Rural,Bachelor's,Married
572274994,35,female,56809,Healthcare,Urban,PhD+,Married
572292876,35,female,57865,Manufacturing,Urban,Master's,Married
572292962,33,male,50725,Technology,Urban,Master's,Single
572298778,30,female,31897,Other,Suburban,High School,Single
572300613,43,male,66311,Education,Urban,Master's,Married
572310502,32,female,59906,Retail,Urban,High School,Divorced
572313167,38,female,97512,Healthcare,Urban,Master's,Married
572322218,33,female,93527,Other,Rural,Master's,Single
572338185,16,female,29052,Education,Urban,High School,Single
572345294,54,male,98835,Technology,Urban,Bachelor's,Married
572405684,29,female,82649,Healthcare,Suburban,Master's,Married
572412895,50,female,106103,Education,Urban,Bachelor's,Married
572423795,40,female,100771,Manufacturing,Urban,Bachelor's,Married
572424708,28,female,53109,Technology,Urban,Bachelor's,Single
572433221,44,male,59455,Education,Suburban,Master's,Married
572441886,30,female,42383,Services,Urban,High School,Single
572448693,42,male,84671,Manufacturing,Suburban,Bachelor's,Divorced
572453049,46,male,100071,Finance,Urban,Master's,Married
572453370,38,female,31633,Healthcare,Urban,Master's,Married
572466017,44,female,60997,Healthcare,Suburban,PhD+,Single
572470214,31,female,51505,Education,Urban,Master's,Divorced
572476370,36,female,68246,Finance,Urban,PhD+,Single
572484917,51,female,72950,Technology,Urban,Bachelor's,Single
572488101,49,female,100653,Healthcare,Suburban,PhD+,Single
572489462,48,female,108274,Education,Urban,Master's,Married
572492894,28,female,62099,Services,Urban,Some College,Single
572505071,42,male,95338,Education,Suburban,PhD+,Married
572507770,35,female,82511,Manufacturing,Urban,High School,Divorced
572508863,32,male,46331,Technology,Urban,Bachelor's,Single
572511261,39,male,68353,Technology,Suburban,Bachelor's,Married
572517276,35,male,52474,Healthcare,Urban,Master's,Divorced
572532728,41,male,38186,Services,Urban,PhD+,Married
572541627,43,male,66726,Technology,Suburban,Bachelor's,Single
572545835,32,male,49449,Services,Suburban,High School,Married
572551979,33,female,31799,Services,Rural,Some College,Married
572557861,40,male,76578,Retail,Suburban,Some College,Married
572568114,34,male,43604,Education,Rural,Master's,Single
572587123,16,male,48110,Services,Urban,Some College,Single
572592526,43,female,25000,Retail,Rural,Bachelor's,Married
572595036,44,male,108799,Services,Urban,Some College,Married
572601113,45,female,78222,Other,Urban,Bachelor's,Married
572614837,38,male,103713,Technology,Suburban,Master's,Married
572623367,41,female,61831,Healthcare,Suburban,Master's,Married
572629198,40,male,76104,Finance,Rural,Master's,Married
572637985,34,female,50320,Retail,Suburban,High School,Married
572647282,27,male,86602,Other,Rural,Master's,Single
572660039,45,female,49925,Other,Suburban,High School,Married
572664300,43,female,68607,Manufacturing,Urban,Master's,Divorced
572677767,52,female,72888,Technology,Suburban,PhD+,Single
572685270,59,male,103744,Healthcare,Urban,Bachelor's,Divorced
572687298,46,male,85485,Healthcare,Rural,PhD+,Married
572687367,48,female,79624,Education,Urban,Master's,Married
572725801,38,male,116197,Technology,Urban,Some College,Divorced
572737071,45,male,60412,Healthcare,Urban,Master's,Single
572790864,41,male,81657,Technology,Suburban,Master's,Single
572829472,47,male,89631,Education,Urban,Master's,Married
572830878,30,male,37156,Education,Urban,PhD+,Married
572832667,32,female,58966,Services,Urban,Some College,Married
572856346,39,male,51039,Manufacturing,Rural,High School,Married
572872444,46,male,84971,Healthcare,Urban,PhD+,Married
572875925,51,male,39973,Healthcare,Rural,Some College,Married
572918483,30,female,91524,Healthcare,Suburban,Bachelor's,Married
572922964,38,male,65990,Technology,Urban,Bachelor's,Married
572924158,31,female,71641,Education,Urban,Master's,Single
572927553,38,female,76809,Technology,Suburban,Bachelor's,Married
573034554,33,male,82607,Technology,Suburban,PhD+,Single
573046040,30,male,95972,Education,Urban,PhD+,Single
573153615,44,male,56007,Finance,Urban,Bachelor's,Married
573178571,43,female,100377,Technology,Suburban,Some College,Married
573277455,36,male,79572,Healthcare,Urban,Bachelor's,Divorced
573321154,39,male,54032,Finance,Suburban,Master's,Married
573347666,57,male,58943,Education,Rural,Master's,Married
573442830,36,male,121327,Education,Urban,Bachelor's,Single
573476257,49,male,59568,Retail,Urban,High School,Divorced
573483058,47,female,25000,Retail,Urban,Bachelor's,Married
573506741,23,female,32417,Retail,Urban,High School,Single
573550560,42,female,86512,Healthcare,Urban,Bachelor's,Widowed
573568010,41,male,82647,Education,Suburban,Master's,Married
573578787,43,male,55169,Technology,Urban,Bachelor's,Divorced
573653642,39,female,68590,Technology,Urban,Some College,Married
573803227,36,female,62959,Finance,Suburban,Some College,Married
573818377,46,male,92619,Education,Rural,Master's,Married
573915885,44,male,74462,Education,Urban,PhD+,Married
573929319,36,female,87636,Finance,Urban,Master's,Single
573974777,38,male,63056,Manufacturing,Urban,Bachelor's,Married
574100504,47,female,48570,Finance,Urban,PhD+,Married
574143855,27,female,49135,Services,Urban,High School,Single
574255189,43,female,60903,Technology,Urban,Some College,Divorced
574363520,48,female,44053,Retail,Urban,High School,Married
574375948,42,female,25000,Education,Suburban,Master's,Married
574432980,33,male,47706,Finance,Urban,Bachelor's,Single
574443742,40,female,68207,Technology,Urban,Bachelor's,Married
574478691,33,female,40685,Technology,Urban,Bachelor's,Married
574532281,43,female,93340,Manufacturing,Suburban,Master's,Divorced
574542849,37,male,47593,Retail,Urban,High School,Married
574570041,47,male,76057,Other,Urban,Some College,Divorced
574760468,33,male,50018,Healthcare,Suburban,Master's,Married
574765165,44,male,75704,Manufacturing,Rural,Bachelor's,Married
574817672,48,male,91341,Finance,Suburban,Bachelor's,Married
574894692,58,male,74497,Healthcare,Urban,Some College,Divorced
574904480,39,male,59120,Technology,Urban,Bachelor's,Married
574905214,35,female,96773,Healthcare,Urban,PhD+,Married
574975477,42,male,50416,Manufacturing,Suburban,Bachelor's,Married
575016702,45,female,103395,Services,Urban,High School,Married
575112316,42,male,53034,Services,Urban,Some College,Married
575194107,39,female,92622,Retail,Rural,Bachelor's,Married
575253078,53,female,74882,Healthcare,Urban,PhD+,Divorced
575306003,34,female,91086,Finance,Urban,High School,Single
575344609,35,male,66560,Finance,Urban,PhD+,Married
575406192,17,female,50343,Education,Urban,PhD+,Single
575478112,42,male,62634,Finance,Urban,Some College,Single
575596915,33,male,76938,Healthcare,Urban,Master's,Married
575657836,50,female,85109,Services,Suburban,Some College,Married
575673564,48,female,69294,Finance,Urban,PhD+,Married
575714650,34,female,59494,Services,Rural,Some College,Single
575730119,44,female,64837,Finance,Urban,Master's,Single
575761113,38,female,65924,Education,Rural,PhD+,Married
575769186,39,male,65895,Manufacturing,Urban,Bachelor's,Married
575831819,30,male,79291,Other,Suburban,Bachelor's,Single
575886332,33,female,46585,Technology,Urban,PhD+,Married
575894284,40,male,55322,Manufacturing,Suburban,Master's,Married
575966112,45,male,78133,Healthcare,Suburban,Bachelor's,Widowed
575989388,27,male,76095,Healthcare,Urban,Bachelor's,Married
575990174,33,male,62927,Technology,Suburban,Bachelor's,Single
576023148,43,male,79763,Technology,Urban,Bachelor's,Married
576076197,46,female,63430,Healthcare,Urban,Bachelor's,Married
576116402,41,female,87628,Education,Urban,Bachelor's,Married
576251557,39,female,70938,Healthcare,Suburban,PhD+,Single
576295475,48,female,75838,Technology,Urban,Bachelor's,Single
576370913,43,male,50805,Education,Rural,High School,Married
576492039,46,female,123839,Finance,Urban,Some College,Married
576528166,26,male,77152,Technology,Suburban,Some College,Married
576606236,43,female,60259,Retail,Urban,High School,Married
576631788,45,female,99353,Manufacturing,Suburban,High School,Married
576702811,53,male,72645,Retail,Rural,High School,Divorced
576769721,46,female,66422,Education,Rural,Bachelor's,Married
576941952,35,male,31723,Services,Suburban,High School,Married
576989834,35,female,59282,Education,Urban,Some College,Single
577206972,46,female,132585,Finance,Urban,Some College,Divorced
577231657,40,female,31835,Healthcare,Urban,PhD+,Married
577493850,45,male,93594,Technology,Suburban,Bachelor's,Married
577698658,37,female,67292,Finance,Suburban,Some College,Married
578188588,43,male,53873,Healthcare,Urban,Some College,Married
578311795,33,male,96293,Retail,Urban,High School,Single
578488105,39,female,62944,Technology,Suburban,Master's,Married
578527044,43,male,88520,Finance,Urban,Bachelor's,Married
578647097,38,male,48053,Education,Rural,PhD+,Divorced
578667362,30,female,57573,Healthcare,Urban,PhD+,Married
579250114,39,male,73711,Finance,Urban,Master's,Married
579314353,44,male,77719,Education,Suburban,Master's,Married
579459940,37,male,111387,Education,Suburban,Some College,Married
579539754,37,female,86673,Finance,Urban,Master's,Married
579685807,39,female,74023,Manufacturing,Urban,Bachelor's,Single
579803957,45,female,100950,Technology,Suburban,High School,Divorced
579820144,39,male,81737,Technology,Suburban,Bachelor's,Married
579821396,22,male,94760,Technology,Urban,Bachelor's,Single
579905132,32,male,56375,Finance,Urban,PhD+,Married
579957484,23,male,71619,Healthcare,Urban,Master's,Single
